litologia,grupo,fuente
"Feinsand, mittelsandig",arena,"GÜK200 T1_PethTxt; Sand explícito"
Sand und Kies,arena,"GÜK200 T1_PethTxt; Sand explícito"
"Sand, Kies",arena,"GÜK200 T1_PethTxt; Sand explícito"
"Sand und Kies; Schluff",TODO,"mezcla arena+limo; no asignar sin verificar"
Fein- bis Mittelsand,arena,"GÜK200 T1_PethTxt; Sand explícito"
"Feinsand, Mittelsand, Grobsand",arena,"GÜK200 T1_PethTxt; Sand explícito"
"Feinsand; mittelsandig",arena,"GÜK200 T1_PethTxt; Sand explícito"
"Mittel- bis Feinsand, primär kalkhaltig, sekundär entkalkt",arena,"GÜK200 T1_PethTxt; Sand explícito"
Kies und Sand,arena,"GÜK200 T1_PethTxt; Sand explícito"
Sandige Deckschichten,arena,"GÜK200 T1_PethTxt; Sand explícito"
Flugsand,arena,"GÜK200 T1_GenTxt; Flugsand = arena eólica"
Dünen,arena,"GÜK200 T1_GenTxt; dunas = arena"
Löß und Lößlehm,loess_limo,"GÜK200 T1_GenTxt; Löß explícito"
Sandlöß,loess_limo,"GÜK200 T1_GenTxt; Löß explícito"
"Schluff, schwach tonig, schwach feinsandig",loess_limo,"GÜK200 T1_PethTxt; Schluff dominante"
"Schluff (gelbbraun), tonig, feinsandig; kalkhaltig",loess_limo,"GÜK200 T1_PethTxt; Schluff dominante"
"Kalkreicher Schluff (hellgrau-gelb), häufig entkalkt; sandig / schwach steinig (Hangschutt)",loess_limo,"GÜK200 T1_PethTxt; Schluff dominante"
Schluffige Deckschichten,loess_limo,"GÜK200 T1_PethTxt; Schluff explícito"
Tonstein,arcilla_marga,"GÜK200 T1_PethTxt; Ton explícito"
"Ton, schluffig; humos",arcilla_marga,"GÜK200 T1_PethTxt; Ton como litología principal"
"Bruchwald-, Schilf- und Seggentorf, meist stark zersetzt",turba,"GÜK200 T1_PethTxt; Torf explícito"
"Sphagnumtorf, schwach (Weißtorf) bis stark zersetzt (Schwarztorf)",turba,"GÜK200 T1_PethTxt; Torf explícito"
Hochmoor,turba,"GÜK200 T1_GenTxt; Hochmoor explícito"
Niedermoor,turba,"GÜK200 T1_GenTxt; Niedermoor explícito"
"Anmoor (Moorerde)",TODO,"Anmoor ≠ turba plena; no asignar turba sin verificar"
Anmoor,TODO,"Anmoor ≠ turba plena; no asignar turba sin verificar"
"Ton, Schluff, Sand; Kies",TODO,"mezcla; no asignar sin verificar"
"Schluff, tonig, sandig, kiesig",TODO,"mezcla; no asignar sin verificar"
"Schluff, tonig, sandig, kiesig; Steine",TODO,"mezcla; no asignar sin verificar"
"Sand, schluffig, und Schluff",TODO,"mezcla arena+limo; no asignar sin verificar"
Sand-Torf-Gemisch,TODO,"mezcla; no asignar turba/arena sin verificar"
"Moorerde, Moormergel und Torf; sandig, tonig; abgebaut",TODO,"mezcla; no asignar sin verificar"
"Schluff, Sand, Kies; Torf / Sinterkalk",TODO,"mezcla; no asignar sin verificar"
"Bank-Kalkstein (grau, blaugrau), dicht (mikritisch) und tonhaltig / kristallin (sparitisch) und bioklastisch (Schalentrümmerkalke), Ton- und Mergelsteinlagen",otro,"GÜK200 T1_PethTxt; roca carbonatada, no textura de suelo"
"Tonstein, Mergelstein; bituminös, Kalkstein",otro,"GÜK200 T1_PethTxt; roca; no textura de suelo superficial"
"Tonschiefer (hellgrüngrau) bis Phyllit, schichtungsarm, monoton",otro,"GÜK200 T1_PethTxt; roca metamórfica"
fluviatile Ablagerungen,TODO,"T1_GenTxt genérico; mirar T1_PethTxt"
marin,TODO,"T1_GenTxt genérico; mirar T1_PethTxt"
glazifluviatile Ablagerungen,TODO,"T1_GenTxt genérico; mirar T1_PethTxt"
"Grundmoräne (Geschiebemergel, Geschiebelehm)",TODO,"Till mixto; no asignar sin verificar"
