nombre,ecuacion,valor,fuente
theta_1500t_S,1,-0.024,"Saxton & Rawls 2006 SSSAJ 70:1569-1578 Table 1 Eq.1"
theta_1500t_C,1,0.487,"Saxton & Rawls 2006 SSSAJ 70:1569-1578 Table 1 Eq.1"
theta_1500t_OM,1,0.006,"Saxton & Rawls 2006 SSSAJ 70:1569-1578 Table 1 Eq.1"
theta_1500t_S_OM,1,0.005,"Saxton & Rawls 2006 SSSAJ 70:1569-1578 Table 1 Eq.1"
theta_1500t_C_OM,1,-0.013,"Saxton & Rawls 2006 SSSAJ 70:1569-1578 Table 1 Eq.1"
theta_1500t_S_C,1,0.068,"Saxton & Rawls 2006 SSSAJ 70:1569-1578 Table 1 Eq.1"
theta_1500t_intercept,1,0.031,"Saxton & Rawls 2006 SSSAJ 70:1569-1578 Table 1 Eq.1"
theta_1500_a,1,0.14,"Saxton & Rawls 2006 SSSAJ 70:1569-1578 Table 1 Eq.1 (ajuste)"
theta_1500_b,1,-0.02,"Saxton & Rawls 2006 SSSAJ 70:1569-1578 Table 1 Eq.1 (ajuste)"
theta_33t_S,2,-0.251,"Saxton & Rawls 2006 SSSAJ 70:1569-1578 Table 1 Eq.2"
theta_33t_C,2,0.195,"Saxton & Rawls 2006 SSSAJ 70:1569-1578 Table 1 Eq.2"
theta_33t_OM,2,0.011,"Saxton & Rawls 2006 SSSAJ 70:1569-1578 Table 1 Eq.2"
theta_33t_S_OM,2,0.006,"Saxton & Rawls 2006 SSSAJ 70:1569-1578 Table 1 Eq.2"
theta_33t_C_OM,2,-0.027,"Saxton & Rawls 2006 SSSAJ 70:1569-1578 Table 1 Eq.2"
theta_33t_S_C,2,0.452,"Saxton & Rawls 2006 SSSAJ 70:1569-1578 Table 1 Eq.2"
theta_33t_intercept,2,0.299,"Saxton & Rawls 2006 SSSAJ 70:1569-1578 Table 1 Eq.2"
theta_33_a,2,1.283,"Saxton & Rawls 2006 SSSAJ 70:1569-1578 Table 1 Eq.2 (ajuste cuadrático)"
theta_33_b,2,-0.374,"Saxton & Rawls 2006 SSSAJ 70:1569-1578 Table 1 Eq.2 (ajuste)"
theta_33_c,2,-0.015,"Saxton & Rawls 2006 SSSAJ 70:1569-1578 Table 1 Eq.2 (ajuste)"
