year,days,sm_0_100_gs,sm_0_7_gs,sm_100_255_year,dry_days_gs,sm_0_100_gs_min,st_0_7_year,st_28_100_year,frost_days_topsoil,t2m_year,precip_year,et0_year,precip_gs,et0_gs,cwb_year,cwb_gs,complete,cell
1950,365,0.316,0.3162,0.357,50,0.258,9.7526,9.8337,20,9.291,565.5,707.38,308.0,555.16,-141.88,-247.16,True,52.3_11.1
1951,365,0.336,0.3455,0.3532,0,0.296,9.4721,9.3605,3,9.4285,611.4,679.22,341.0,520.64,-67.82,-179.64,True,52.3_11.1
1952,366,0.3089,0.311,0.3517,54,0.241,8.9426,9.038,6,8.3639,645.2,666.13,310.5,540.12,-20.93,-229.62,True,52.3_11.1
1953,365,0.3061,0.3186,0.3533,30,0.262,10.1866,9.9962,7,9.8395,514.8,728.69,350.6,583.44,-213.89,-232.84,True,52.3_11.1
1954,365,0.324,0.3348,0.3289,17,0.259,8.6732,8.5014,47,8.4014,627.5,673.49,385.7,517.09,-45.99,-131.39,True,52.3_11.1
1955,365,0.3549,0.3596,0.3657,0,0.32,8.4847,8.4408,62,8.0707,627.1,621.32,368.9,487.86,5.78,-118.96,True,52.3_11.1
1956,366,0.3502,0.3546,0.3727,0,0.307,8.4514,8.4063,40,7.5074,726.7,622.0,440.9,485.21,104.7,-44.31,True,52.3_11.1
1957,365,0.2995,0.3143,0.3614,77,0.25,9.6408,9.5501,11,9.3844,631.6,675.64,356.5,533.15,-44.04,-176.65,True,52.3_11.1
1958,365,0.3429,0.3556,0.3678,0,0.311,9.1567,9.0742,13,8.8468,660.9,645.53,386.7,513.75,15.37,-127.05,True,52.3_11.1
1959,365,0.272,0.2562,0.3457,109,0.217,10.5151,10.4318,21,10.0937,380.3,805.15,185.5,637.0,-424.85,-451.5,True,52.3_11.1
1960,366,0.3094,0.3294,0.3183,6,0.266,9.626,9.5514,25,9.1333,669.8,659.67,317.4,522.56,10.13,-205.16,True,52.3_11.1
1961,365,0.3515,0.358,0.3752,0,0.306,9.9811,10.0915,27,9.6493,779.8,653.75,403.4,496.69,126.05,-93.29,True,52.3_11.1
1962,365,0.333,0.3499,0.3696,0,0.293,8.2145,8.2052,44,7.8378,595.4,623.28,352.0,483.47,-27.88,-131.47,True,52.3_11.1
1963,365,0.3231,0.3343,0.346,0,0.274,9.0156,8.8433,87,7.9008,534.0,664.09,342.7,532.72,-130.09,-190.02,True,52.3_11.1
1964,366,0.3096,0.3164,0.3412,40,0.246,9.1167,8.9792,46,8.8533,547.6,691.67,336.8,564.28,-144.07,-227.48,True,52.3_11.1
1965,365,0.3614,0.3652,0.3603,0,0.319,8.5559,8.5742,27,8.2578,807.8,607.93,478.3,472.15,199.87,6.15,True,52.3_11.1
1966,365,0.3407,0.349,0.3801,0,0.285,9.4704,9.3573,24,9.0529,818.8,634.29,407.3,506.56,184.51,-99.26,True,52.3_11.1
1967,365,0.3431,0.3577,0.3758,0,0.301,10.0567,9.977,8,9.8668,797.0,668.63,492.8,503.93,128.37,-11.13,True,52.3_11.1
1968,366,0.3076,0.3334,0.3701,21,0.264,9.3541,9.3713,15,8.915,651.6,662.38,370.5,526.12,-10.78,-155.62,True,52.3_11.1
1969,365,0.3467,0.3493,0.3741,0,0.277,8.9337,8.8164,68,8.3033,670.2,637.85,389.0,512.01,32.35,-123.01,True,52.3_11.1
1970,365,0.3386,0.3507,0.3741,0,0.273,8.994,8.9277,8,8.2107,837.4,628.49,432.5,509.25,208.91,-76.75,True,52.3_11.1
1971,365,0.3179,0.3278,0.3613,1,0.272,9.6633,9.5077,31,9.3762,518.2,674.43,324.2,533.32,-156.23,-209.12,True,52.3_11.1
1972,366,0.3611,0.3697,0.3508,0,0.338,8.9385,9.0276,35,8.6833,578.2,606.87,432.7,464.43,-28.67,-31.73,True,52.3_11.1
1973,365,0.3227,0.3282,0.3576,19,0.257,9.1419,9.0556,11,9.026,601.2,668.29,323.9,533.61,-67.09,-209.71,True,52.3_11.1
1974,365,0.3253,0.3417,0.3562,0,0.304,9.5712,9.4332,0,9.5052,675.8,641.52,302.6,494.7,34.28,-192.1,True,52.3_11.1
1975,365,0.3204,0.3221,0.368,43,0.254,9.9249,9.9447,11,9.7959,547.7,700.46,341.4,552.62,-152.76,-211.22,True,52.3_11.1
1976,366,0.2908,0.295,0.348,92,0.24,9.474,9.4213,25,8.9995,559.0,713.21,263.0,578.66,-154.21,-315.66,True,52.3_11.1
1977,365,0.3438,0.3543,0.3538,0,0.294,9.5784,9.4641,4,9.4019,683.4,632.63,360.9,485.18,50.77,-124.28,True,52.3_11.1
1978,365,0.3269,0.3435,0.3652,0,0.285,9.0556,9.1142,25,8.5899,606.3,629.71,336.6,490.72,-23.41,-154.12,True,52.3_11.1
1979,365,0.3232,0.3375,0.3667,3,0.272,8.9795,8.8942,2,8.2479,609.6,641.59,303.9,501.8,-31.99,-197.9,True,52.3_11.1
1980,366,0.3489,0.3572,0.3662,0,0.299,8.6664,8.6027,21,8.2883,645.6,635.64,407.1,491.39,9.96,-84.29,True,52.3_11.1
1981,365,0.3181,0.3404,0.3759,0,0.29,9.5296,9.5195,5,8.8605,735.0,635.9,347.3,495.73,99.1,-148.43,True,52.3_11.1
1982,365,0.2962,0.3114,0.3619,54,0.249,10.0364,9.7764,33,9.8575,479.8,732.08,255.6,581.75,-252.28,-326.15,True,52.3_11.1
1983,365,0.3199,0.3104,0.3514,72,0.247,10.2827,10.303,10,10.0367,570.7,736.1,311.5,579.91,-165.4,-268.41,True,52.3_11.1
1984,366,0.3541,0.3597,0.3594,0,0.313,8.8169,8.8615,13,8.685,636.3,610.79,392.7,463.91,25.51,-71.21,True,52.3_11.1
1985,365,0.3438,0.3563,0.3667,0,0.316,8.823,8.697,54,8.2611,579.5,648.88,360.9,511.8,-69.38,-150.9,True,52.3_11.1
1986,365,0.3388,0.3445,0.3667,0,0.282,9.1011,9.0145,35,8.6049,663.9,655.7,355.0,512.23,8.2,-157.23,True,52.3_11.1
1987,365,0.3423,0.3601,0.3767,0,0.302,8.9005,8.8164,20,7.7934,680.2,594.86,373.1,470.0,85.34,-96.9,True,52.3_11.1
1988,366,0.292,0.3062,0.3704,65,0.254,10.1295,10.0366,2,9.9126,640.7,702.96,252.6,559.78,-62.26,-307.18,True,52.3_11.1
1989,365,0.2903,0.3007,0.3406,90,0.248,10.6904,10.6556,5,10.5608,469.6,742.74,239.4,578.05,-273.14,-338.65,True,52.3_11.1
1990,365,0.3115,0.3194,0.338,19,0.256,10.6512,10.6052,3,10.4479,591.0,729.52,337.8,550.24,-138.52,-212.44,True,52.3_11.1
1991,365,0.3082,0.3201,0.3471,5,0.268,9.4337,9.3863,31,9.2323,479.7,700.9,277.8,539.22,-221.2,-261.42,True,52.3_11.1
1992,366,0.3079,0.3176,0.3438,41,0.249,10.353,10.285,14,10.173,629.4,750.36,299.9,609.3,-120.96,-309.4,True,52.3_11.1
1993,365,0.3326,0.3475,0.3606,0,0.279,9.2466,9.1989,26,9.0019,682.8,672.46,410.4,524.33,10.34,-113.93,True,52.3_11.1
1994,365,0.3141,0.3266,0.3754,34,0.241,10.4189,10.1471,15,10.2767,690.4,727.25,372.7,575.73,-36.85,-203.03,True,52.3_11.1
1995,365,0.3088,0.3059,0.3631,58,0.231,9.9967,10.1096,29,9.634,548.2,730.35,291.2,573.63,-182.15,-282.43,True,52.3_11.1
1996,366,0.3246,0.3384,0.3366,0,0.288,8.0117,7.8669,76,7.5104,593.0,621.41,342.4,491.98,-28.41,-149.58,True,52.3_11.1
1997,365,0.3175,0.3218,0.3609,7,0.266,9.5751,9.3392,34,9.4093,568.6,712.46,296.4,561.24,-143.86,-264.84,True,52.3_11.1
1998,365,0.3297,0.3435,0.3601,0,0.276,9.8277,9.8189,23,9.6616,655.0,663.12,339.0,504.42,-8.12,-165.42,True,52.3_11.1
1999,365,0.2968,0.3154,0.3644,53,0.244,10.5222,10.3411,6,10.3507,576.3,738.22,304.1,587.1,-161.92,-283.0,True,52.3_11.1
2000,366,0.306,0.3225,0.3535,37,0.258,10.6216,10.5525,12,10.4593,567.6,697.59,280.4,543.64,-129.99,-263.24,True,52.3_11.1
2001,365,0.333,0.3499,0.3657,0,0.286,9.6896,9.6932,15,9.4795,730.5,658.38,409.4,526.07,72.12,-116.67,True,52.3_11.1
2002,365,0.339,0.3469,0.3768,0,0.296,10.1581,10.1655,25,9.9674,769.5,671.48,399.0,515.69,98.02,-116.69,True,52.3_11.1
2003,365,0.2579,0.2677,0.3588,120,0.203,10.3499,9.9997,28,9.9704,455.6,796.47,243.8,655.3,-340.87,-411.5,True,52.3_11.1
2004,366,0.3277,0.3378,0.3452,0,0.289,9.8708,9.8612,9,9.7544,582.7,698.06,338.9,546.4,-115.36,-207.5,True,52.3_11.1
2005,365,0.3079,0.3218,0.3443,17,0.264,10.2337,10.1679,9,9.9532,553.1,709.5,296.3,559.79,-156.4,-263.49,True,52.3_11.1
2006,365,0.3102,0.3119,0.3527,55,0.245,10.7219,10.4175,30,10.506,531.2,766.92,292.6,612.83,-235.72,-320.23,True,52.3_11.1
2007,365,0.3566,0.3548,0.3641,0,0.302,10.8627,11.0852,10,10.6425,893.1,717.32,535.1,562.03,175.78,-26.93,True,52.3_11.1
2008,366,0.3018,0.3155,0.3672,56,0.246,10.5792,10.4634,6,10.3757,601.8,745.89,320.2,589.34,-144.09,-269.14,True,52.3_11.1
2009,365,0.2986,0.3022,0.3506,52,0.244,10.2723,10.1948,29,10.0022,661.2,741.89,261.3,610.85,-80.69,-349.55,True,52.3_11.1
2010,365,0.3177,0.321,0.3708,49,0.239,9.4915,9.4485,9,8.3082,751.2,691.84,417.0,559.95,59.36,-142.95,True,52.3_11.1
2011,365,0.2878,0.3157,0.363,54,0.241,10.5392,10.2395,11,10.3797,539.0,759.12,347.3,599.86,-220.12,-252.56,True,52.3_11.1
2012,366,0.3255,0.3374,0.3479,0,0.282,10.094,10.0495,22,9.8385,629.3,717.47,362.5,564.57,-88.17,-202.07,True,52.3_11.1
2013,365,0.3352,0.3411,0.3682,0,0.282,9.7014,9.5559,25,9.357,711.2,689.56,387.3,552.43,21.64,-165.13,True,52.3_11.1
2014,365,0.3298,0.3446,0.3637,0,0.288,11.3392,11.2542,12,11.1005,650.0,716.76,450.4,549.54,-66.76,-99.14,True,52.3_11.1
2015,365,0.3057,0.3167,0.3565,49,0.247,10.8082,10.5822,0,10.6288,619.5,748.02,331.6,586.01,-128.52,-254.41,True,52.3_11.1
2016,366,0.2846,0.2883,0.3581,82,0.227,10.7962,10.862,14,10.4612,508.0,748.58,245.2,614.87,-240.58,-369.67,True,52.3_11.1
2017,365,0.348,0.3552,0.3483,0,0.303,10.4786,10.4268,5,10.2778,757.2,681.97,444.5,527.16,75.23,-82.66,True,52.3_11.1
2018,365,0.254,0.2324,0.3572,128,0.196,11.8778,11.6216,14,11.4844,369.7,880.92,139.9,724.63,-511.22,-584.73,True,52.3_11.1
2019,365,0.2823,0.2877,0.3119,92,0.225,11.4778,11.4866,6,11.2671,590.8,813.16,286.4,647.72,-222.36,-361.32,True,52.3_11.1
2020,366,0.2845,0.2923,0.3326,68,0.239,11.5522,11.4593,0,11.3822,582.8,792.5,284.4,617.78,-209.7,-333.38,True,52.3_11.1
2021,365,0.3412,0.3514,0.3533,0,0.305,10.343,10.3918,2,9.9312,698.1,683.05,414.7,533.06,15.05,-118.36,True,52.3_11.1
2022,365,0.2638,0.2769,0.3533,119,0.217,11.471,11.2419,7,11.2077,573.9,815.73,288.1,637.99,-241.83,-349.89,True,52.3_11.1
2023,365,0.3029,0.3086,0.3547,46,0.241,11.6441,11.463,1,11.4027,874.8,776.39,321.0,615.3,98.41,-294.3,True,52.3_11.1
2024,366,0.309,0.3316,0.3727,3,0.268,12.0462,12.015,5,11.7956,798.7,783.47,428.9,624.87,15.23,-195.97,True,52.3_11.1
2025,365,0.2727,0.2923,0.3524,109,0.233,11.0901,11.0595,7,10.8225,534.5,778.66,296.6,625.23,-244.16,-328.63,True,52.3_11.1
2026,269,0.2902,0.2887,0.3434,80,0.226,12.3862,11.2387,16,12.0193,,,253.6,625.8,,-372.2,False,52.3_11.1
1950,365,0.3068,0.291,0.354,52,0.241,9.5085,9.6085,42,9.3025,599.0,709.37,342.3,557.32,-110.37,-215.02,True,52.4_11.0
1951,365,0.3284,0.3306,0.3493,0,0.285,9.2367,9.0934,18,9.4101,657.4,679.87,368.0,521.76,-22.47,-153.76,True,52.4_11.0
1952,366,0.3007,0.2915,0.3471,37,0.23,8.5888,8.6883,39,8.3322,677.0,665.79,339.1,540.46,11.21,-201.36,True,52.4_11.0
1953,365,0.2909,0.2897,0.3507,40,0.242,9.9129,9.6411,37,9.8468,554.9,732.77,385.5,587.89,-177.87,-202.39,True,52.4_11.0
1954,365,0.3141,0.3164,0.3217,14,0.247,8.4877,8.2907,51,8.3948,718.5,674.09,444.2,517.92,44.41,-73.72,True,52.4_11.0
1955,365,0.3443,0.3452,0.3614,0,0.312,8.26,8.1808,66,8.0879,648.2,623.0,376.4,490.5,25.2,-114.1,True,52.4_11.0
1956,366,0.3362,0.3366,0.3694,0,0.291,8.0339,7.9284,56,7.4975,710.1,625.59,407.0,488.39,84.51,-81.39,True,52.4_11.0
1957,365,0.2914,0.2904,0.3573,70,0.238,9.4299,9.2559,18,9.386,655.0,679.92,384.6,537.42,-24.92,-152.82,True,52.4_11.0
1958,365,0.3304,0.3401,0.3653,0,0.293,8.9099,8.803,35,8.8266,691.4,646.96,406.3,515.22,44.44,-108.92,True,52.4_11.0
1959,365,0.2635,0.2274,0.3411,106,0.203,10.4151,10.3203,29,10.1222,410.6,815.57,210.5,646.3,-404.97,-435.8,True,52.4_11.0
1960,366,0.2933,0.3073,0.3106,11,0.248,9.4101,9.3355,31,9.1224,732.8,661.8,367.0,524.88,71.0,-157.88,True,52.4_11.0
1961,365,0.3453,0.3473,0.3722,0,0.295,9.631,9.6997,35,9.6121,829.7,653.23,437.6,496.98,176.47,-59.38,True,52.4_11.0
1962,365,0.3252,0.3364,0.3688,0,0.285,7.9581,7.9863,56,7.8386,649.2,619.58,394.4,480.48,29.62,-86.08,True,52.4_11.0
1963,365,0.3088,0.3102,0.3405,5,0.255,8.6362,8.303,89,7.8992,575.0,667.62,379.6,536.71,-92.62,-157.11,True,52.4_11.0
1964,366,0.2974,0.2895,0.3327,43,0.232,8.9311,8.7322,59,8.8896,567.3,694.96,346.4,567.52,-127.66,-221.12,True,52.4_11.0
1965,365,0.354,0.3543,0.3533,0,0.313,8.2986,8.2973,41,8.2679,854.0,608.72,506.2,472.96,245.28,33.24,True,52.4_11.0
1966,365,0.3332,0.3327,0.3787,0,0.279,9.1805,9.0252,25,9.0359,835.7,635.7,424.1,509.0,200.0,-84.9,True,52.4_11.0
1967,365,0.3356,0.3455,0.3738,0,0.295,9.814,9.734,15,9.8496,856.3,667.07,512.9,504.48,189.23,8.42,True,52.4_11.0
1968,366,0.2977,0.3141,0.368,25,0.249,9.1664,9.1478,31,8.9112,692.4,667.52,400.3,531.11,24.88,-130.81,True,52.4_11.0
1969,365,0.3387,0.3318,0.3724,0,0.265,8.6775,8.5589,99,8.3019,699.3,642.14,411.9,516.48,57.16,-104.58,True,52.4_11.0
1970,365,0.3306,0.3339,0.3718,0,0.268,8.6992,8.5685,39,8.1978,866.6,630.95,450.0,512.67,235.65,-62.67,True,52.4_11.0
1971,365,0.3047,0.3008,0.3597,3,0.254,9.434,9.2247,35,9.3803,579.6,677.32,361.3,536.98,-97.72,-175.68,True,52.4_11.0
1972,366,0.3508,0.36,0.3418,0,0.327,8.712,8.7806,38,8.6814,611.9,611.11,463.7,467.99,0.79,-4.29,True,52.4_11.0
1973,365,0.3087,0.298,0.3524,42,0.233,8.9797,8.8753,20,9.0326,630.2,671.11,317.6,538.3,-40.91,-220.7,True,52.4_11.0
1974,365,0.3107,0.3197,0.3501,0,0.28,9.4022,9.2447,2,9.5049,729.9,643.09,327.5,496.41,86.81,-168.91,True,52.4_11.0
1975,365,0.3094,0.2965,0.3654,55,0.237,9.7756,9.7745,15,9.8085,572.5,708.86,356.1,561.1,-136.36,-205.0,True,52.4_11.0
1976,366,0.2827,0.2721,0.3437,80,0.23,9.2342,9.1798,41,8.9915,571.7,712.8,271.2,579.47,-141.1,-308.27,True,52.4_11.0
1977,365,0.3356,0.3414,0.3482,0,0.283,9.3266,9.1641,23,9.3951,692.0,635.12,362.5,488.49,56.88,-125.99,True,52.4_11.0
1978,365,0.3194,0.3289,0.3619,0,0.275,8.7674,8.8099,37,8.5699,672.8,628.5,390.5,491.49,44.3,-100.99,True,52.4_11.0
1979,365,0.3171,0.3201,0.3641,0,0.263,8.7649,8.674,12,8.2132,623.5,643.84,310.7,504.25,-20.34,-193.55,True,52.4_11.0
1980,366,0.3392,0.3441,0.3622,0,0.293,8.374,8.3003,39,8.2705,692.8,637.44,430.9,494.1,55.36,-63.2,True,52.4_11.0
1981,365,0.3099,0.3226,0.3743,0,0.275,9.2299,9.2096,30,8.8485,800.0,634.76,391.4,496.57,165.24,-105.17,True,52.4_11.0
1982,365,0.288,0.2876,0.3611,51,0.231,9.8671,9.5559,36,9.8627,540.3,735.41,295.7,585.56,-195.11,-289.86,True,52.4_11.0
1983,365,0.3125,0.2862,0.3495,68,0.233,10.0523,10.0562,26,10.0389,615.3,740.36,319.5,585.82,-125.06,-266.32,True,52.4_11.0
1984,366,0.3473,0.3484,0.3563,0,0.302,8.632,8.6699,25,8.6893,686.7,610.43,417.0,463.15,76.27,-46.15,True,52.4_11.0
1985,365,0.3374,0.3436,0.3652,0,0.301,8.4742,8.2926,61,8.2348,616.1,647.21,394.0,511.44,-31.11,-117.44,True,52.4_11.0
1986,365,0.3283,0.3259,0.3638,0,0.265,8.7964,8.6521,55,8.5912,693.6,658.96,362.4,516.05,34.64,-153.65,True,52.4_11.0
1987,365,0.3329,0.348,0.3738,0,0.289,8.6625,8.5518,34,7.8071,723.2,596.39,407.7,471.06,126.81,-63.36,True,52.4_11.0
1988,366,0.2835,0.2824,0.3701,59,0.246,9.9235,9.8224,2,9.9033,688.4,701.02,285.2,558.27,-12.62,-273.07,True,52.4_11.0
1989,365,0.2817,0.2775,0.337,82,0.233,10.4989,10.46,16,10.546,531.9,745.86,285.1,582.42,-213.96,-297.32,True,52.4_11.0
1990,365,0.297,0.2948,0.3319,27,0.238,10.4619,10.4074,10,10.4595,604.9,730.49,331.1,552.05,-125.59,-220.95,True,52.4_11.0
1991,365,0.2947,0.2935,0.3381,24,0.245,9.2742,9.2082,35,9.243,513.0,700.66,291.4,539.89,-187.66,-248.49,True,52.4_11.0
1992,366,0.2985,0.2948,0.3376,37,0.234,10.1552,10.0866,15,10.1617,676.0,752.44,324.1,612.28,-76.44,-288.18,True,52.4_11.0
1993,365,0.3242,0.3332,0.3561,0,0.271,9.0014,8.9279,36,8.9885,732.7,668.78,450.9,521.59,63.92,-70.69,True,52.4_11.0
1994,365,0.305,0.3082,0.3743,32,0.229,10.2723,9.9781,16,10.2688,743.5,729.71,392.7,579.04,13.79,-186.34,True,52.4_11.0
1995,365,0.3007,0.2858,0.3616,58,0.22,9.8296,9.9353,38,9.6471,594.4,736.71,306.2,579.71,-142.31,-273.51,True,52.4_11.0
1996,366,0.3096,0.3183,0.3294,0,0.27,7.7167,7.5617,77,7.5208,615.5,624.82,361.1,495.11,-9.32,-134.01,True,52.4_11.0
1997,365,0.3097,0.2998,0.3554,3,0.258,9.2499,8.897,36,9.4047,601.0,712.8,323.4,561.48,-111.8,-238.08,True,52.4_11.0
1998,365,0.3245,0.3309,0.3552,0,0.265,9.5975,9.5858,32,9.6384,730.9,659.72,383.8,501.91,71.18,-118.11,True,52.4_11.0
1999,365,0.2825,0.283,0.3639,74,0.226,10.363,10.1436,11,10.3836,594.3,745.87,302.1,595.4,-151.57,-293.3,True,52.4_11.0
2000,366,0.2977,0.3033,0.3507,19,0.251,10.421,10.3519,16,10.4497,623.2,698.02,320.3,544.98,-74.82,-224.68,True,52.4_11.0
2001,365,0.3272,0.3378,0.362,0,0.272,9.4789,9.4737,29,9.4625,805.2,657.12,461.9,525.57,148.08,-63.67,True,52.4_11.0
2002,365,0.3297,0.3305,0.3757,0,0.287,9.9268,9.9044,37,9.9532,814.1,673.4,423.0,518.59,140.7,-95.59,True,52.4_11.0
2003,365,0.25,0.2398,0.358,116,0.194,10.1441,9.7219,40,9.9679,472.5,801.96,260.1,661.55,-329.46,-401.45,True,52.4_11.0
2004,366,0.3177,0.3187,0.3414,0,0.269,9.6828,9.6798,24,9.7612,648.4,695.96,380.0,545.62,-47.56,-165.62,True,52.4_11.0
2005,365,0.2982,0.3004,0.3403,12,0.247,9.986,9.9132,25,9.9348,613.2,708.08,342.5,558.55,-94.88,-216.05,True,52.4_11.0
2006,365,0.3024,0.2898,0.3483,54,0.234,10.549,10.2129,45,10.5236,565.3,769.04,300.6,615.17,-203.74,-314.57,True,52.4_11.0
2007,365,0.3476,0.3409,0.3599,0,0.293,10.6663,10.8797,11,10.6507,920.5,713.42,543.3,558.63,207.08,-15.33,True,52.4_11.0
2008,366,0.2882,0.2834,0.3663,73,0.235,10.4347,10.303,8,10.3995,632.7,756.89,309.6,600.64,-124.19,-291.04,True,52.4_11.0
2009,365,0.2845,0.269,0.3434,56,0.224,10.0795,9.9573,45,10.0219,683.1,752.59,268.2,621.36,-69.49,-353.16,True,52.4_11.0
2010,365,0.309,0.3027,0.3647,44,0.227,9.2674,9.2197,48,8.2948,754.1,697.88,429.7,566.17,56.22,-136.47,True,52.4_11.0
2011,365,0.276,0.2912,0.362,48,0.232,10.2726,9.891,22,10.3666,589.6,757.65,376.8,599.86,-168.05,-223.06,True,52.4_11.0
2012,366,0.3066,0.3092,0.3436,0,0.268,9.8585,9.7923,27,9.8454,664.5,719.64,378.3,566.93,-55.14,-188.63,True,52.4_11.0
2013,365,0.3281,0.3247,0.3615,0,0.273,9.4795,9.2932,48,9.3658,729.4,692.04,390.8,553.95,37.36,-163.15,True,52.4_11.0
2014,365,0.317,0.3252,0.3594,0,0.279,11.126,11.0236,17,11.0997,674.4,719.57,454.1,553.0,-45.17,-98.9,True,52.4_11.0
2015,365,0.297,0.2955,0.3519,28,0.233,10.5992,10.3589,3,10.6236,681.1,749.68,360.4,588.52,-68.58,-228.12,True,52.4_11.0
2016,366,0.2717,0.2555,0.3559,82,0.208,10.6429,10.6776,18,10.476,510.9,753.28,244.1,619.51,-242.38,-375.41,True,52.4_11.0
2017,365,0.341,0.3447,0.3404,0,0.292,10.2208,10.1589,26,10.2414,823.0,678.28,489.2,525.39,144.72,-36.19,True,52.4_11.0
2018,365,0.2469,0.2065,0.3571,126,0.188,11.7833,11.4981,22,11.5219,397.4,893.71,153.8,736.65,-496.31,-582.85,True,52.4_11.0
2019,365,0.2673,0.2548,0.3078,93,0.205,11.3208,11.3164,9,11.2811,650.1,817.9,315.4,653.98,-167.8,-338.58,True,52.4_11.0
2020,366,0.2726,0.2588,0.3274,63,0.22,11.3937,11.2893,0,11.3992,627.2,798.77,310.1,624.19,-171.57,-314.09,True,52.4_11.0
2021,365,0.3336,0.3369,0.3451,0,0.297,10.1036,10.1564,16,9.9474,751.1,683.85,436.4,533.74,67.25,-97.34,True,52.4_11.0
2022,365,0.2533,0.2474,0.3523,117,0.201,11.2915,11.0384,8,11.2077,621.8,820.32,309.4,642.32,-198.52,-332.92,True,52.4_11.0
2023,365,0.2943,0.2861,0.351,35,0.231,11.3959,11.2014,2,11.3773,932.5,777.81,340.7,618.7,154.69,-278.0,True,52.4_11.0
2024,366,0.2988,0.3091,0.3722,12,0.244,11.8057,11.744,11,11.7699,871.6,784.85,479.9,628.21,86.75,-148.31,True,52.4_11.0
2025,365,0.2601,0.2594,0.3498,105,0.215,10.903,10.846,17,10.8444,559.0,783.35,303.2,629.03,-224.35,-325.83,True,52.4_11.0
2026,269,0.2789,0.262,0.3363,77,0.214,12.1543,10.9543,35,12.0052,,,285.8,628.7,,-342.9,False,52.4_11.0
1950,365,0.3048,0.2871,0.3525,51,0.237,9.4208,9.5156,37,9.1512,565.5,703.09,308.0,553.23,-137.59,-245.23,True,52.4_11.1
1951,365,0.3262,0.3272,0.3475,0,0.281,9.1214,8.9997,21,9.2622,611.4,673.66,341.0,517.92,-62.26,-176.92,True,52.4_11.1
1952,366,0.2978,0.2869,0.3442,35,0.227,8.5434,8.6366,32,8.203,645.2,661.58,310.5,538.09,-16.38,-227.59,True,52.4_11.1
1953,365,0.2882,0.2847,0.3478,42,0.238,9.8301,9.5808,40,9.6921,514.8,726.06,350.6,582.95,-211.26,-232.35,True,52.4_11.1
1954,365,0.3099,0.3131,0.3187,14,0.244,8.3773,8.1816,54,8.2458,627.5,667.52,385.7,514.24,-40.02,-128.54,True,52.4_11.1
1955,365,0.3423,0.3429,0.3586,0,0.31,8.171,8.0942,68,7.9419,627.1,617.23,368.9,485.88,9.87,-116.98,True,52.4_11.1
1956,366,0.3333,0.3324,0.3679,0,0.284,8.0112,7.9205,58,7.3544,726.7,617.89,440.9,483.09,108.81,-42.19,True,52.4_11.1
1957,365,0.2904,0.288,0.3549,66,0.237,9.3285,9.1838,20,9.2348,631.6,671.44,356.5,532.04,-39.84,-175.54,True,52.4_11.1
1958,365,0.3302,0.3383,0.3638,0,0.29,8.8134,8.7173,37,8.6849,660.9,640.96,386.7,511.09,19.94,-124.39,True,52.4_11.1
1959,365,0.2613,0.2247,0.3395,105,0.201,10.3011,10.2025,30,9.9488,380.3,802.51,185.5,636.6,-422.21,-451.1,True,52.4_11.1
1960,366,0.2884,0.3016,0.3087,13,0.242,9.318,9.2339,33,8.9852,669.8,656.45,317.4,521.6,13.35,-204.2,True,52.4_11.1
1961,365,0.344,0.345,0.3704,0,0.292,9.5578,9.6482,35,9.4701,779.8,647.24,403.4,493.33,132.56,-89.93,True,52.4_11.1
1962,365,0.3232,0.3336,0.3676,0,0.283,7.8855,7.8904,57,7.7096,595.4,618.39,352.0,480.34,-22.99,-128.34,True,52.4_11.1
1963,365,0.3056,0.3066,0.3384,4,0.251,8.5962,8.3167,90,7.7608,534.0,661.73,342.7,532.44,-127.73,-189.74,True,52.4_11.1
1964,366,0.2949,0.2863,0.3296,42,0.229,8.8342,8.6505,61,8.7342,547.6,690.11,336.8,564.39,-142.51,-227.59,True,52.4_11.1
1965,365,0.3505,0.3507,0.3496,0,0.309,8.214,8.2205,41,8.1216,807.8,603.27,478.3,469.3,204.53,9.0,True,52.4_11.1
1966,365,0.3321,0.3298,0.3778,0,0.277,9.1118,8.9677,25,8.8907,818.8,628.99,407.3,504.23,189.81,-96.93,True,52.4_11.1
1967,365,0.3315,0.3417,0.3724,0,0.292,9.7148,9.6367,16,9.7255,797.0,662.43,492.8,501.75,134.57,-8.95,True,52.4_11.1
1968,366,0.2957,0.3104,0.367,24,0.244,9.0604,9.0404,36,8.7732,651.6,658.78,370.5,524.62,-7.18,-154.12,True,52.4_11.1
1969,365,0.338,0.3296,0.3719,0,0.262,8.5956,8.4756,100,8.1479,670.2,634.74,389.0,511.03,35.46,-122.03,True,52.4_11.1
1970,365,0.329,0.3312,0.3708,0,0.267,8.6277,8.5227,36,8.0534,837.4,624.09,432.5,507.41,213.31,-74.91,True,52.4_11.1
1971,365,0.3038,0.2985,0.3591,2,0.252,9.3427,9.1496,35,9.2277,518.2,670.5,324.2,531.97,-152.3,-207.77,True,52.4_11.1
1972,366,0.3452,0.356,0.3389,0,0.319,8.6071,8.6814,39,8.5434,578.2,603.36,432.7,462.9,-25.16,-30.2,True,52.4_11.1
1973,365,0.3067,0.2948,0.3494,39,0.23,8.8868,8.7773,26,8.8866,601.2,664.16,323.9,532.81,-62.96,-208.91,True,52.4_11.1
1974,365,0.3095,0.3175,0.3476,0,0.277,9.2784,9.1285,3,9.3696,675.8,635.79,302.6,491.9,40.01,-189.3,True,52.4_11.1
1975,365,0.3075,0.293,0.3646,55,0.234,9.6562,9.6551,17,9.6548,547.7,698.84,341.4,553.49,-151.14,-212.09,True,52.4_11.1
1976,366,0.2783,0.2654,0.3414,83,0.224,9.1716,9.106,42,8.8492,559.0,709.46,263.0,577.46,-150.46,-314.46,True,52.4_11.1
1977,365,0.3331,0.3383,0.3453,0,0.279,9.2375,9.1022,23,9.2597,683.4,628.19,360.9,483.61,55.21,-122.71,True,52.4_11.1
1978,365,0.3186,0.3264,0.3607,0,0.273,8.6959,8.7433,40,8.4359,606.3,624.16,336.6,488.41,-17.86,-151.81,True,52.4_11.1
1979,365,0.3142,0.3158,0.363,0,0.26,8.6805,8.5912,17,8.0805,609.6,637.78,303.9,500.51,-28.18,-196.61,True,52.4_11.1
1980,366,0.3372,0.3417,0.3606,0,0.292,8.2986,8.2265,38,8.1213,645.6,630.92,407.1,489.57,14.68,-82.47,True,52.4_11.1
1981,365,0.3081,0.3195,0.3731,0,0.272,9.1721,9.1499,27,8.7216,735.0,631.56,347.3,494.42,103.44,-147.12,True,52.4_11.1
1982,365,0.2854,0.2828,0.3604,49,0.228,9.7518,9.4507,36,9.72,479.8,728.34,255.6,580.68,-248.54,-325.08,True,52.4_11.1
1983,365,0.3103,0.2828,0.3469,67,0.229,9.9723,9.983,27,9.9071,570.7,732.89,311.5,580.02,-162.19,-268.52,True,52.4_11.1
1984,366,0.3448,0.3457,0.3534,0,0.299,8.5178,8.5604,30,8.5511,636.3,606.25,392.7,461.28,30.05,-68.58,True,52.4_11.1
1985,365,0.3342,0.34,0.3635,0,0.296,8.4219,8.2578,62,8.106,579.5,643.33,360.9,508.96,-63.83,-148.06,True,52.4_11.1
1986,365,0.3268,0.3228,0.3621,0,0.261,8.7288,8.597,55,8.4537,663.9,651.71,355.0,511.01,12.19,-156.01,True,52.4_11.1
1987,365,0.3317,0.3458,0.3725,0,0.287,8.5677,8.4663,36,7.6704,680.2,591.46,373.1,467.94,88.74,-94.84,True,52.4_11.1
1988,366,0.2822,0.2784,0.3694,56,0.243,9.823,9.7235,2,9.7781,640.7,698.05,252.6,557.37,-57.35,-304.77,True,52.4_11.1
1989,365,0.2777,0.2719,0.3345,81,0.228,10.3885,10.3422,19,10.4025,469.6,738.54,239.4,577.4,-268.94,-338.0,True,52.4_11.1
1990,365,0.2937,0.2904,0.3282,27,0.234,10.3575,10.3005,10,10.3342,591.0,725.28,337.8,549.16,-134.28,-211.36,True,52.4_11.1
1991,365,0.2913,0.2889,0.3342,29,0.239,9.1548,9.0907,37,9.1058,479.7,697.0,277.8,537.87,-217.3,-260.07,True,52.4_11.1
1992,366,0.2951,0.2903,0.333,36,0.229,10.032,9.9639,16,10.0153,629.4,744.79,299.9,606.86,-115.39,-306.96,True,52.4_11.1
1993,365,0.3224,0.3305,0.3523,0,0.268,8.9074,8.8323,38,8.8392,682.8,666.36,410.4,520.75,16.44,-110.35,True,52.4_11.1
1994,365,0.3031,0.3054,0.3738,30,0.225,10.1463,9.8562,16,10.1301,690.4,722.47,372.7,574.28,-32.07,-201.58,True,52.4_11.1
1995,365,0.2993,0.283,0.3605,57,0.218,9.7247,9.8255,40,9.4945,548.2,727.36,291.2,573.05,-179.16,-281.85,True,52.4_11.1
1996,366,0.305,0.3141,0.3273,0,0.265,7.6596,7.4997,82,7.3839,593.0,619.99,342.4,491.92,-26.99,-149.52,True,52.4_11.1
1997,365,0.3073,0.2958,0.3527,0,0.255,9.1647,8.8419,38,9.2523,568.6,707.92,296.4,559.05,-139.32,-262.65,True,52.4_11.1
1998,365,0.3219,0.3277,0.3521,0,0.261,9.4948,9.4778,32,9.5049,655.0,655.6,339.0,500.1,-0.6,-161.1,True,52.4_11.1
1999,365,0.2808,0.2796,0.363,70,0.223,10.2504,10.0318,14,10.2375,576.3,736.3,304.1,588.39,-160.0,-284.29,True,52.4_11.1
2000,366,0.2952,0.2994,0.3487,14,0.248,10.3104,10.2366,20,10.315,567.6,692.66,280.4,541.71,-125.06,-261.31,True,52.4_11.1
2001,365,0.3256,0.3353,0.3608,0,0.269,9.3682,9.3647,34,9.3074,730.5,651.24,409.4,521.77,79.26,-112.37,True,52.4_11.1
2002,365,0.3265,0.3262,0.3746,0,0.283,9.8162,9.7984,37,9.8132,769.5,666.59,399.0,514.09,102.91,-115.09,True,52.4_11.1
2003,365,0.2472,0.2351,0.3571,116,0.19,10.0682,9.649,41,9.8093,455.6,794.01,243.8,656.08,-338.41,-412.28,True,52.4_11.1
2004,366,0.3136,0.3138,0.3385,0,0.264,9.5757,9.5686,27,9.6238,582.7,692.4,338.9,543.91,-109.7,-205.01,True,52.4_11.1
2005,365,0.2945,0.2949,0.3364,13,0.241,9.8973,9.8238,30,9.7896,553.1,702.64,296.3,555.77,-149.54,-259.47,True,52.4_11.1
2006,365,0.2986,0.2844,0.3445,55,0.23,10.4542,10.1189,51,10.38,531.2,762.83,292.6,611.39,-231.63,-318.79,True,52.4_11.1
2007,365,0.3455,0.3378,0.3554,0,0.291,10.5422,10.7619,12,10.5115,893.1,710.64,535.1,557.88,182.46,-22.78,True,52.4_11.1
2008,366,0.2859,0.2788,0.3652,75,0.232,10.3314,10.197,8,10.2694,601.8,745.0,320.2,591.51,-143.2,-271.31,True,52.4_11.1
2009,365,0.2806,0.2633,0.3411,57,0.219,10.003,9.8855,45,9.8863,661.2,741.87,261.3,613.02,-80.67,-351.72,True,52.4_11.1
2010,365,0.3074,0.3001,0.3631,41,0.224,9.1852,9.1307,59,8.1482,751.2,689.14,417.0,560.04,62.06,-143.04,True,52.4_11.1
2011,365,0.2733,0.2882,0.3616,42,0.23,10.1732,9.8049,22,10.22,539.0,753.89,347.3,597.76,-214.89,-250.46,True,52.4_11.1
2012,366,0.305,0.3064,0.3417,0,0.265,9.753,9.6915,32,9.6934,629.3,713.18,362.5,562.94,-83.88,-200.44,True,52.4_11.1
2013,365,0.324,0.3196,0.3592,0,0.266,9.3945,9.2115,49,9.2263,711.2,685.66,387.3,551.14,25.54,-163.84,True,52.4_11.1
2014,365,0.3135,0.3209,0.3579,0,0.273,11.0115,10.9093,19,10.9619,650.0,712.48,450.4,548.29,-62.48,-97.89,True,52.4_11.1
2015,365,0.2927,0.29,0.3492,28,0.227,10.4918,10.2526,3,10.4789,619.5,743.34,331.6,584.55,-123.84,-252.95,True,52.4_11.1
2016,366,0.2695,0.2509,0.3538,82,0.204,10.5484,10.5795,18,10.3385,508.0,746.68,245.2,615.38,-238.68,-370.18,True,52.4_11.1
2017,365,0.3367,0.3406,0.3369,0,0.288,10.1222,10.0633,27,10.1063,757.2,674.17,444.5,523.24,83.03,-78.74,True,52.4_11.1
2018,365,0.245,0.2019,0.3556,124,0.185,11.6964,11.4096,23,11.3833,369.7,881.72,139.9,726.66,-512.02,-586.76,True,52.4_11.1
2019,365,0.2625,0.2494,0.3054,93,0.2,11.2203,11.2151,10,11.1501,590.8,811.88,286.4,649.85,-221.08,-363.45,True,52.4_11.1
2020,366,0.2674,0.2515,0.3228,64,0.212,11.2817,11.1749,1,11.2566,582.8,789.44,284.4,617.57,-206.64,-333.17,True,52.4_11.1
2021,365,0.3306,0.3327,0.3406,0,0.293,10.003,10.0496,18,9.7923,698.1,677.69,414.7,530.74,20.41,-116.04,True,52.4_11.1
2022,365,0.2505,0.2418,0.3502,117,0.198,11.1877,10.9288,8,11.0649,573.9,812.84,288.1,638.13,-238.94,-350.03,True,52.4_11.1
2023,365,0.2911,0.2812,0.3486,35,0.228,11.309,11.1052,2,11.2392,874.8,769.88,321.0,612.81,104.92,-291.81,True,52.4_11.1
2024,366,0.295,0.3042,0.3713,14,0.24,11.7038,11.6413,11,11.6254,798.7,776.99,428.9,622.37,21.71,-193.47,True,52.4_11.1
2025,365,0.2578,0.2553,0.3484,105,0.212,10.7896,10.7345,19,10.6759,534.5,775.95,296.6,624.75,-241.45,-328.15,True,52.4_11.1
2026,269,0.2755,0.2578,0.3348,77,0.21,12.0725,10.8625,34,11.8442,,,253.6,624.23,,-370.63,False,52.4_11.1
