year,days,sm_0_100_gs,sm_0_7_gs,sm_100_255_year,dry_days_gs,sm_0_100_gs_min,st_0_7_year,st_28_100_year,frost_days_topsoil,t2m_year,precip_year,et0_year,precip_gs,et0_gs,cwb_year,cwb_gs,complete
1950,365,0.3107,0.3021,0.355,51,0.2481,9.6009,9.6903,28,9.2529,573.0637,706.5809,315.7444,555.086,-133.5171,-239.3417,True
1951,365,0.3314,0.3368,0.3506,0,0.2892,9.3169,9.1952,16,9.376,621.786,677.7487,347.0961,520.1013,-55.9627,-173.0052,True
1952,366,0.3038,0.2996,0.3485,52,0.2344,8.7466,8.8422,17,8.3099,652.3799,664.7291,316.9574,539.606,-12.3492,-222.6486,True
1953,365,0.2975,0.3022,0.3511,37,0.2505,10.0211,9.7951,31,9.7982,523.8539,728.8458,358.4798,584.3021,-204.9919,-225.8223,True
1954,365,0.3177,0.3243,0.3243,17,0.2519,8.5452,8.3608,51,8.3546,648.0463,671.8881,398.9083,516.448,-23.8419,-117.5397,True
1955,365,0.3488,0.3515,0.3627,0,0.3171,8.3426,8.2813,68,8.0371,631.864,620.5091,370.5934,487.8799,11.3549,-117.2865,True
1956,366,0.3421,0.3441,0.3706,0,0.2991,8.229,8.157,55,7.4606,722.952,621.6145,433.2459,485.311,101.3375,-52.0651,True
1957,365,0.295,0.3013,0.3586,71,0.2435,9.5023,9.3771,17,9.3412,636.8833,675.3841,362.8445,533.7911,-38.5008,-170.9466,True
1958,365,0.3364,0.347,0.3661,0,0.3008,9.0011,8.9091,30,8.7952,667.7864,644.523,391.1254,513.3078,23.2634,-122.1825,True
1959,365,0.267,0.2406,0.3429,107,0.2092,10.4302,10.3399,27,10.058,387.1412,806.7344,191.1446,638.9834,-419.5932,-447.8388,True
1960,366,0.2996,0.3163,0.3137,11,0.255,9.4876,9.4102,30,9.0878,684.0243,659.2139,328.5989,522.8044,24.8105,-194.2056,True
1961,365,0.3479,0.3518,0.3731,0,0.2994,9.7789,9.874,32,9.5888,791.0666,651.7381,411.1218,495.7777,139.3285,-84.6559,True
1962,365,0.3284,0.3421,0.3688,0,0.2883,8.0609,8.0642,54,7.8007,607.5471,621.0216,361.5732,481.884,-13.4744,-120.3108,True
1963,365,0.3148,0.3208,0.3425,1,0.263,8.8079,8.5681,89,7.8597,543.2571,664.2002,351.0314,533.5394,-120.9431,-182.508,True
1964,366,0.3026,0.3016,0.3359,42,0.2379,8.9926,8.8278,57,8.8268,552.0479,691.9589,338.9675,565.0435,-139.9109,-226.076,True
1965,365,0.3565,0.3585,0.3556,0,0.3147,8.3983,8.4088,37,8.2205,818.2312,606.7523,484.5994,471.5035,211.4789,13.0959,True
1966,365,0.3365,0.3397,0.3791,0,0.2813,9.3006,9.1689,25,9.0018,822.6157,633.066,411.0932,506.4329,189.5497,-95.3397,True
1967,365,0.338,0.3503,0.3744,0,0.297,9.9024,9.8231,14,9.8218,810.389,666.4735,497.3382,503.4198,143.9154,-6.0815,True
1968,366,0.3019,0.3223,0.3687,25,0.2548,9.2262,9.2246,23,8.8729,660.812,662.4929,377.2283,526.8101,-1.6809,-149.5818,True
1969,365,0.3423,0.3396,0.3731,0,0.2699,8.7775,8.6591,93,8.2578,676.7703,637.9136,394.1704,512.7341,38.8567,-118.5636,True
1970,365,0.334,0.3412,0.3727,0,0.2701,8.8208,8.7287,14,8.162,843.9929,627.765,436.4512,509.4867,216.2279,-73.0355,True
1971,365,0.3108,0.3132,0.3603,2,0.2621,9.5182,9.3396,34,9.3339,532.0631,673.9388,332.5766,533.7535,-141.8757,-201.1769,True
1972,366,0.3542,0.3635,0.3453,0,0.33,8.7909,8.8711,37,8.6422,585.8089,606.8059,439.6993,464.7885,-20.997,-25.0893,True
1973,365,0.3149,0.3117,0.3541,34,0.2437,9.0311,8.9339,18,8.9869,607.7477,667.7248,322.4776,534.4361,-59.9771,-211.9586,True
1974,365,0.3174,0.3297,0.3523,0,0.2907,9.4478,9.3019,2,9.4657,688.0149,640.207,308.222,494.2713,47.8079,-186.0493,True
1975,365,0.3141,0.3078,0.3664,53,0.2443,9.813,9.822,13,9.7577,553.2994,701.8851,344.719,554.7878,-148.5857,-210.0688,True
1976,366,0.2853,0.2812,0.3451,89,0.2342,9.3319,9.275,35,8.9539,561.8674,712.0261,264.8514,578.4937,-150.1587,-313.6422,True
1977,365,0.3388,0.3467,0.3501,0,0.2872,9.4223,9.2911,16,9.359,685.3417,631.9001,361.2613,485.4705,53.4416,-124.2092,True
1978,365,0.3228,0.3352,0.3632,0,0.2795,8.8859,8.9376,31,8.5405,621.3146,627.8217,348.7697,490.2216,-6.5071,-141.4519,True
1979,365,0.3192,0.3272,0.365,0,0.2665,8.844,8.7563,8,8.1914,612.7384,640.9893,305.4353,501.9778,-28.2509,-196.5424,True
1980,366,0.3433,0.3498,0.3637,0,0.2956,8.4934,8.425,27,8.2357,656.257,634.6728,412.4736,491.4722,21.5841,-78.9986,True
1981,365,0.3133,0.3303,0.3747,0,0.2828,9.3579,9.3419,16,8.8174,749.6759,634.3796,357.257,495.5384,115.2963,-138.2814,True
1982,365,0.2912,0.2977,0.3613,55,0.2388,9.9154,9.6318,35,9.8187,493.4599,731.7435,264.6539,582.2989,-238.2836,-317.6449,True
1983,365,0.3154,0.2969,0.3496,70,0.2391,10.1404,10.1542,20,9.9995,580.7699,736.1277,313.3063,581.2764,-155.3578,-267.9701,True
1984,366,0.3499,0.3531,0.3569,0,0.3064,8.6881,8.7306,25,8.647,647.6795,609.3875,398.1865,462.973,38.2919,-64.7865,True
1985,365,0.3395,0.3487,0.3654,0,0.3068,8.6275,8.4779,58,8.21,587.7637,646.8878,368.3734,510.8922,-59.1242,-142.5188,True
1986,365,0.3329,0.334,0.3647,0,0.2721,8.924,8.8112,50,8.5578,670.6058,655.2749,356.6708,512.7375,15.3308,-156.0667,True
1987,365,0.3371,0.3532,0.3748,0,0.2947,8.7499,8.6548,32,7.7607,689.9087,594.216,380.9121,469.6398,95.6927,-88.7277,True
1988,366,0.2872,0.2927,0.37,63,0.2498,9.9938,9.8971,2,9.8714,651.4699,701.0931,259.9605,558.7377,-49.6233,-298.7772,True
1989,365,0.2847,0.2871,0.338,90,0.2393,10.5593,10.5202,15,10.5114,483.6663,742.2222,249.7183,578.8475,-258.5559,-329.1292,True
1990,365,0.3031,0.3054,0.3338,25,0.2455,10.523,10.4719,10,10.4175,594.1384,728.5051,336.2873,550.3344,-134.3667,-214.0471,True
1991,365,0.3002,0.305,0.3413,23,0.2544,9.3165,9.2601,36,9.1979,487.2186,699.7109,280.8707,538.9784,-212.4923,-258.1078,True
1992,366,0.3021,0.3045,0.3392,40,0.2398,10.2149,10.1468,15,10.1245,639.9215,749.2087,305.364,609.2628,-109.2872,-303.8988,True
1993,365,0.3277,0.3393,0.3572,0,0.274,9.0925,9.031,34,8.9515,694.0666,669.854,419.5442,522.6695,24.2126,-103.1253,True
1994,365,0.3089,0.3163,0.3747,33,0.2336,10.3065,10.0243,16,10.2323,702.3891,726.4144,377.2157,576.0554,-24.0253,-198.8397,True
1995,365,0.3042,0.2947,0.362,58,0.2247,9.8798,9.9876,36,9.5964,558.6312,730.9159,294.5867,574.834,-172.2847,-280.2472,True
1996,366,0.3155,0.3268,0.3323,0,0.2772,7.8426,7.6912,80,7.4759,598.0801,621.7667,346.6221,492.6692,-23.6866,-146.0471,True
1997,365,0.3128,0.3092,0.3572,6,0.261,9.3822,9.0946,36,9.3626,575.9154,711.2156,302.4961,560.6569,-135.3002,-258.1607,True
1998,365,0.3262,0.336,0.3567,0,0.2692,9.6788,9.667,31,9.6108,672.137,660.1639,349.1151,502.5961,11.973,-153.481,True
1999,365,0.2889,0.2977,0.3639,68,0.2338,10.4072,10.2065,9,10.3252,580.3641,739.3885,303.6484,589.3494,-159.0244,-285.701,True
2000,366,0.301,0.3115,0.3515,33,0.2535,10.4857,10.4153,14,10.4151,580.1536,696.2524,289.4088,543.3809,-116.0989,-253.9721,True
2001,365,0.3295,0.3429,0.3634,0,0.2779,9.5485,9.548,24,9.4255,747.366,656.0177,421.2536,524.7058,91.3483,-103.4521,True
2002,365,0.3333,0.3372,0.3759,0,0.2902,10.0064,9.9997,33,9.9193,779.5699,670.4905,404.4188,515.8792,109.0795,-111.4604,True
2003,365,0.253,0.2519,0.3581,118,0.1972,10.2214,9.8349,39,9.923,459.4157,796.9937,247.4803,656.9381,-337.5779,-409.4579,True
2004,366,0.3214,0.3265,0.3424,0,0.2772,9.7425,9.7351,21,9.7179,597.534,695.9387,348.1797,545.4993,-98.4048,-197.3196,True
2005,365,0.3018,0.3092,0.3411,14,0.2535,10.0799,10.0103,23,9.9014,566.6696,707.1831,306.7312,558.3402,-140.5135,-251.609,True
2006,365,0.305,0.2989,0.3493,56,0.2382,10.605,10.2844,42,10.4733,538.8992,766.2084,294.4063,612.9393,-227.3092,-318.533,True
2007,365,0.3513,0.3467,0.3607,0,0.2968,10.7251,10.9447,11,10.6062,899.2865,714.4955,536.9514,560.0546,184.791,-23.1032,True
2008,366,0.2941,0.2976,0.3664,68,0.2394,10.4745,10.3497,8,10.3501,608.7767,748.1146,317.8067,592.5228,-139.3379,-274.7161,True
2009,365,0.2902,0.2834,0.3462,56,0.2322,10.1504,10.0511,43,9.9729,666.1447,744.3001,262.8579,613.8545,-78.1554,-350.9966,True
2010,365,0.3128,0.3108,0.3672,46,0.2319,9.3518,9.3044,35,8.2586,751.8548,692.418,419.8674,561.3806,59.4368,-141.5131,True
2011,365,0.281,0.3021,0.3624,53,0.2358,10.3725,10.0343,16,10.3303,550.4246,757.2661,353.9606,599.2489,-206.8415,-245.2883,True
2012,366,0.3153,0.322,0.3451,0,0.2749,9.9416,9.8872,27,9.7978,637.2476,716.7115,366.0674,564.6285,-79.4639,-198.5611,True
2013,365,0.3303,0.3311,0.3641,0,0.2763,9.562,9.3963,44,9.3209,715.3093,688.985,388.0902,552.3978,26.3243,-164.3075,True
2014,365,0.3222,0.3333,0.361,0,0.2816,11.1957,11.1018,17,11.06,655.5091,716.1489,451.2354,549.9574,-60.6398,-98.722,True
2015,365,0.2999,0.3041,0.3533,41,0.238,10.6689,10.4359,1,10.584,633.4083,747.0329,338.1026,586.1518,-113.6246,-248.0493,True
2016,366,0.2773,0.27,0.3563,82,0.216,10.6895,10.7382,18,10.4288,508.6548,749.0883,244.9516,616.0661,-240.4335,-371.1144,True
2017,365,0.3432,0.3486,0.3432,0,0.2962,10.3167,10.2606,23,10.2197,772.0565,678.867,454.5925,525.6196,93.1896,-71.0271,True
2018,365,0.2498,0.2177,0.3567,127,0.191,11.8037,11.532,20,11.4634,375.9542,884.0406,143.0384,727.9347,-508.0864,-584.8963,True
2019,365,0.2732,0.2691,0.3091,93,0.2132,11.3674,11.3691,9,11.2362,604.189,813.8577,292.9477,649.7533,-209.6688,-356.8055,True
2020,366,0.2768,0.2729,0.3286,67,0.2269,11.4377,11.3381,0,11.3495,592.8248,793.0252,290.2026,619.1662,-200.2004,-328.9635,True
2021,365,0.3364,0.3427,0.3477,0,0.301,10.19,10.2391,7,9.8945,710.0665,681.6708,419.5995,532.5384,28.3957,-112.9389,True
2022,365,0.2576,0.2601,0.3522,119,0.2079,11.348,11.1048,7,11.1661,584.715,815.9253,292.9092,639.0084,-231.2103,-346.0992,True
2023,365,0.2975,0.2956,0.3521,40,0.235,11.4906,11.2998,2,11.3494,887.8277,774.8161,325.4479,615.343,113.0116,-289.8951,True
2024,366,0.3026,0.3186,0.3722,5,0.2544,11.8923,11.8451,10,11.7403,815.1596,781.8958,440.4149,624.8966,33.2638,-184.4816,True
2025,365,0.2656,0.2741,0.3506,109,0.2228,10.9604,10.9167,13,10.7848,540.0317,778.9303,298.0902,625.9483,-238.8986,-327.8581,True
2026,269,0.2834,0.2737,0.3393,79,0.2186,12.2426,11.065,31,11.9652,,,260.8702,625.9979,,-365.1277,False
