indicator,first_year,last_year,sen_slope_per_decade,sen_lo,sen_hi,ols_slope_per_decade,mk_tau,mk_p,mean_1961_1990,mean_1996_2025,mean_2016_2025,change_recent_vs_base
sm_0_100_gs,1950,2025,-0.0041,-0.0069,-0.0015,-0.0042,-0.2351,0.0027,0.3226,0.3022,0.288,-0.0204
sm_0_7_gs,1950,2025,-0.0041,-0.0074,-0.0013,-0.0044,-0.226,0.0039,0.3278,0.3049,0.2869,-0.0228
sm_100_255_year,1950,2025,-0.0009,-0.0023,0.0007,-0.0006,-0.087,0.266,0.36,0.3529,0.3469,-0.0071
sm_0_100_gs_min,1950,2025,-0.0044,-0.008,-0.0016,-0.0046,-0.2351,0.0027,0.2729,0.25,0.2364,-0.0229
dry_days_gs,1950,2025,-0.0,-0.0,3.8889,4.6942,0.1745,0.0363,18.3,40.0333,64.2,21.7333
st_0_7_year,1950,2025,0.2961,0.2198,0.3724,0.2864,0.5011,0.0,9.2375,10.398,11.1496,1.1605
st_28_100_year,1950,2025,0.2922,0.2142,0.3592,0.2801,0.4975,0.0,9.1664,10.2879,11.0644,1.1215
frost_days_topsoil,1950,2025,-2.6077,-4.3478,-0.9804,-3.1792,-0.2473,0.0017,30.7333,22.1,10.9,-8.6333
t2m_year,1950,2025,0.3247,0.2347,0.4127,0.3084,0.4835,0.0,8.9497,10.2155,10.9633,1.2658
precip_year,1950,2025,-0.354,-11.6281,10.6213,0.5366,-0.0056,0.9428,646.0107,640.1849,639.148,-5.8258
et0_year,1950,2025,15.4712,10.5055,20.66,15.6047,0.4063,0.0,659.373,733.307,775.2117,73.9339
precip_gs,1950,2025,-5.2138,-11.9199,1.7848,-4.5326,-0.1256,0.1084,359.6462,341.6965,320.2195,-17.9497
et0_gs,1950,2025,13.4001,8.2311,17.7329,13.193,0.3832,0.0,517.986,581.9809,617.6274,63.9948
cwb_year,1950,2025,-15.49,-30.2897,0.1302,-15.0681,-0.153,0.0505,-13.3623,-93.1221,-136.0637,-79.7598
cwb_gs,1950,2025,-16.8536,-28.5771,-6.9251,-17.7255,-0.2365,0.0025,-158.3398,-240.2844,-297.408,-81.9446
