plotId,season,n_inner_px,n_inner_px_valid,peak_mean,peak_sd,peak_cv,status
TkoVKpTSKqZkgFLhnPZi,2019,50,50,0.7939,0.0156,0.0197,used
is0B8JToW47kfVAveolx,2019,84,84,0.8185,0.0337,0.0412,used
qfwctMauD5WIJyoszRR9,2019,4505,4505,0.8559,0.0274,0.032,used
I7qeeMAEhSlZI8U0T3Bn,2019,28,28,0.8585,0.0206,0.024,used
pSFJ4nrCmrvraJDKb00b,2019,136,136,0.9162,0.0071,0.0078,used
1OQ4PxgDMhzuGvGxEKgU,2019,356,356,0.9028,0.0112,0.0124,used
eRUpDdp3t0hDOvbfBOTT,2019,118,118,0.8862,0.0094,0.0106,used
2viqhL8AO4rRHAMh5Fqq,2019,1496,1496,0.8668,0.0269,0.031,used
FzvWonz6fmJVLZRzMyZX,2019,253,253,0.8565,0.0321,0.0375,used
JkAxAL5GaTSXU2ODAuOf,2019,337,337,0.8552,0.024,0.028,used
nj4lokNHppOIxLC2RKrG,2019,396,396,0.8543,0.0231,0.027,used
taUMfE6fZvJxC3Zet5uK,2019,292,292,0.8558,0.0341,0.0399,used
ZT7D0N8Dl4TnHlHMDQPI,2019,508,508,0.8868,0.023,0.0259,used
bHW29On9ilbohdl51gQ6,2019,988,988,0.8056,0.0446,0.0553,used
y7yHeXkyCRybIj7aUk0L,2019,415,415,0.8902,0.0222,0.0249,used
MoYIfvnid4wXBDha0wJ3,2019,91,91,0.875,0.0232,0.0265,used
gQLroZHYi7Prh9NBS6An,2019,1864,1864,0.7144,0.0835,0.1169,used
qWDBs4wPcZ49VORemTmL,2019,1237,1237,0.8998,0.0166,0.0184,used
h2NQluewXRLwf0izPlUq,2019,912,912,0.8748,0.0317,0.0363,used
0abhR8nOp0L5JtP5RDft,2019,1224,1224,0.7429,0.0824,0.1108,used
ekKNAhSNPwYXsWdp39pw,2019,29,29,0.8661,0.0233,0.0269,used
jEXQY4jCuRRx6nDm5mXD,2019,405,405,0.8006,0.0402,0.0503,used
a9qeH7mBu4I8g6ME1LJj,2019,113,113,0.6533,0.0414,0.0634,used
IGAaxDTF2gNapWupigxU,2019,2563,2563,0.8952,0.0199,0.0222,used
WE5wmmGDOWQEBDwHOa11,2019,290,290,0.8068,0.0841,0.1042,used
9cRMOK3r8fyh9P39IPRN,2019,743,743,0.8676,0.0131,0.0151,used
5bsD33dPxIEykTIzWmSC,2019,1205,1205,0.7989,0.0438,0.0548,used
rxei8iAceEdX5gBHki5T,2019,197,197,0.7813,0.0436,0.0559,used
79BkepicjzH7z2nhsdkd,2019,243,243,0.7036,0.0779,0.1107,used
Y2WW5OvI6C3WYloisd9c,2019,2773,2773,0.8472,0.022,0.026,used
9VPFUO3k8opLMOQhg60g,2019,1182,1182,0.8191,0.0212,0.0258,used
OrZyEaocNnb6dzCesjwJ,2019,1722,1722,0.8602,0.0169,0.0196,used
CWqLytrVDthrGwd7bXTY,2019,2373,2373,0.8074,0.0521,0.0646,used
Hg95tRlOaZmzxET3q3UO,2019,578,578,0.75,0.0702,0.0937,used
tYx3FXAoCMdYPtKeQjFN,2019,688,688,0.8323,0.0222,0.0267,used
ljsxaVBzA5HBl1D5Edhm,2019,2209,2209,0.7899,0.074,0.0937,used
nIRNtdWeCZR3y5LQgvh1,2019,2314,2314,0.8779,0.0229,0.026,used
SEo2xyfcqiAjoec8ZXXa,2019,5133,5133,0.8737,0.0443,0.0507,used
88abKCvrysJUdBXSIMe0,2019,2396,2396,0.8539,0.0347,0.0406,used
05Zp3McBgcXoEISDl6Cy,2019,84,84,0.9231,0.0047,0.0051,used
Z4APzDVDayA0EuGFl34V,2019,36,36,0.9128,0.0076,0.0083,used
xt5iT7ph4MKOPlXTg3wu,2019,1513,1513,0.7988,0.0664,0.0832,used
p7RF8DS5rABbq6R41FBP,2019,1906,1906,0.8172,0.0378,0.0462,used
zYBVGO615SLhL4PBBppY,2019,104,104,0.8245,0.046,0.0558,used
Ki5DYxbNODWB78mucar7,2019,578,578,0.8904,0.0209,0.0235,used
y2PFgZVFpXfqZ21XEBiz,2019,67,67,0.856,0.0149,0.0174,used
C63w3X4vgN15ySLntdWh,2019,576,576,0.7489,0.0579,0.0774,used
4jwoETVJIql7CxMQk6s5,2019,1348,1348,0.8518,0.0428,0.0502,used
1fzBfhjgxXFdDk18THCZ,2019,175,175,0.8112,0.06,0.0739,used
UtEOTzJjrCM7hZfXgKRE,2019,643,643,0.8979,0.0196,0.0219,used
IB9k26TJNtbVLs5x0i20,2019,501,501,0.8525,0.0348,0.0409,used
W2diHmIiKhR3jK8Xk1vr,2019,1412,1412,0.8336,0.0302,0.0363,used
iNbassVXlMMBA6fy29DV,2019,639,639,0.8967,0.0167,0.0186,used
aL5yzwK7wsT3zHHb3iaH,2019,989,989,0.862,0.0252,0.0292,used
ynpNB8go3pns6dWXnHaa,2019,56,56,0.9208,0.0086,0.0093,used
d6LEyhknfD8JlZY1fj78,2019,254,254,0.898,0.0106,0.0118,used
gbCEG1dAjGZBwZzXk4p9,2019,3063,3063,0.7476,0.0883,0.1181,used
J4h275iDTzfaDB5mKXij,2019,457,457,0.6953,0.0746,0.1073,used
Pv7O96OKDuH6pTqbu6TT,2019,1168,1164,0.7921,0.0849,0.1071,used
odWWEokiq8bKwUX97NpW,2019,917,917,0.6497,0.0819,0.1261,used
1zsdpuFJMBpXF5GTPz4x,2019,693,693,0.8158,0.0555,0.0681,used
MEuXyMsCMrRWoFUz9QK2,2019,147,147,0.6158,0.0498,0.0809,used
pnZlGAIrQQMGSl0a3HbO,2019,3569,3569,0.8753,0.0231,0.0264,used
cl6skvEI4VCar0GDzch6,2019,573,573,0.8677,0.0358,0.0412,used
Uo81jMnyjQFDp7IT4Acu,2019,267,267,0.8996,0.0095,0.0106,used
qupKPtjxcbSWIbXc2bCm,2019,565,565,0.895,0.0226,0.0252,used
pumW6LNsI3T5RD9zW3SI,2019,135,135,0.8712,0.0252,0.0289,used
brbM5GLEISmoIqRkdO2s,2019,191,191,0.8874,0.0175,0.0197,used
HXEGnhPKFWCC6Hny8lkP,2019,2960,2960,0.847,0.0299,0.0353,used
kl3eHxzisV4Y0eRcmcsP,2019,319,319,0.7772,0.0521,0.067,used
84wWsLweJNKIeKtogS3a,2019,782,782,0.8898,0.0171,0.0192,used
COv0wiCGWG4JsD0sYEW4,2019,1060,1060,0.8179,0.0354,0.0433,used
pcsJj09c17yzqHrERNFW,2019,549,549,0.8032,0.043,0.0536,used
xwqo8oZ0Ei3I7dqYD3A9,2019,342,342,0.8923,0.0161,0.018,used
UF9K8gJ5QIQkYgEH1JXd,2019,218,218,0.8659,0.0157,0.0181,used
XtCCVl30ddn9L4HkCY3n,2019,528,528,0.8789,0.0173,0.0197,used
MmEAcGOQCCEq8qosxh56,2019,2728,2728,0.8706,0.028,0.0321,used
Hk3aYz9j56wbQD4u3rAC,2019,2238,2238,0.8112,0.1028,0.1267,used
QHOlQ6hep3oeVCNc1g02,2019,164,164,0.8604,0.0456,0.053,used
w5bt3UWzJUlmXGtXdl3I,2019,474,474,0.8155,0.0422,0.0518,used
TkoVKpTSKqZkgFLhnPZi,2020,50,50,0.776,0.0373,0.048,used
is0B8JToW47kfVAveolx,2020,84,84,0.7653,0.0265,0.0346,used
qfwctMauD5WIJyoszRR9,2020,4505,4505,0.8145,0.0575,0.0706,used
I7qeeMAEhSlZI8U0T3Bn,2020,28,28,0.8734,0.0151,0.0173,used
pSFJ4nrCmrvraJDKb00b,2020,136,136,0.8356,0.0065,0.0077,used
1OQ4PxgDMhzuGvGxEKgU,2020,356,356,0.894,0.0261,0.0292,used
eRUpDdp3t0hDOvbfBOTT,2020,118,118,0.9062,0.0095,0.0105,used
2viqhL8AO4rRHAMh5Fqq,2020,1496,1496,0.7835,0.1208,0.1541,used
FzvWonz6fmJVLZRzMyZX,2020,253,253,0.9021,0.0176,0.0195,used
JkAxAL5GaTSXU2ODAuOf,2020,337,337,0.6932,0.0286,0.0413,used
nj4lokNHppOIxLC2RKrG,2020,396,396,0.8651,0.0234,0.0271,used
taUMfE6fZvJxC3Zet5uK,2020,292,292,0.922,0.0082,0.0089,used
ZT7D0N8Dl4TnHlHMDQPI,2020,508,508,0.9269,0.005,0.0053,used
bHW29On9ilbohdl51gQ6,2020,988,988,0.8774,0.0238,0.0271,used
y7yHeXkyCRybIj7aUk0L,2020,415,415,0.8723,0.0182,0.0209,used
MoYIfvnid4wXBDha0wJ3,2020,91,91,0.9185,0.0037,0.004,used
gQLroZHYi7Prh9NBS6An,2020,1864,1864,0.8842,0.0231,0.0262,used
qWDBs4wPcZ49VORemTmL,2020,1237,1237,0.8317,0.1106,0.1329,used
h2NQluewXRLwf0izPlUq,2020,912,912,0.888,0.0278,0.0313,used
0abhR8nOp0L5JtP5RDft,2020,1224,1224,0.7616,0.0626,0.0823,used
ekKNAhSNPwYXsWdp39pw,2020,29,29,0.8385,0.0343,0.0409,used
jEXQY4jCuRRx6nDm5mXD,2020,405,405,0.872,0.0243,0.0279,used
a9qeH7mBu4I8g6ME1LJj,2020,113,113,0.6051,0.0405,0.0669,used
IGAaxDTF2gNapWupigxU,2020,2563,2563,0.8032,0.0428,0.0533,used
WE5wmmGDOWQEBDwHOa11,2020,290,290,0.8739,0.0751,0.086,used
9cRMOK3r8fyh9P39IPRN,2020,743,743,0.8511,0.0221,0.026,used
5bsD33dPxIEykTIzWmSC,2020,1205,1205,0.8898,0.0291,0.0327,used
rxei8iAceEdX5gBHki5T,2020,197,197,0.865,0.0105,0.0121,used
79BkepicjzH7z2nhsdkd,2020,243,243,0.8485,0.0172,0.0203,used
Y2WW5OvI6C3WYloisd9c,2020,2773,2773,0.609,0.0596,0.0979,used
9VPFUO3k8opLMOQhg60g,2020,1182,1182,0.5784,0.0522,0.0903,used
OrZyEaocNnb6dzCesjwJ,2020,1722,1722,0.8228,0.0256,0.0311,used
CWqLytrVDthrGwd7bXTY,2020,2373,2373,0.7723,0.0538,0.0697,used
Hg95tRlOaZmzxET3q3UO,2020,578,578,0.6835,0.0775,0.1133,used
tYx3FXAoCMdYPtKeQjFN,2020,688,688,0.8533,0.0227,0.0266,used
ljsxaVBzA5HBl1D5Edhm,2020,2209,2209,0.848,0.0353,0.0416,used
nIRNtdWeCZR3y5LQgvh1,2020,2314,2314,0.872,0.0371,0.0425,used
SEo2xyfcqiAjoec8ZXXa,2020,5133,5133,0.7253,0.0475,0.0654,used
88abKCvrysJUdBXSIMe0,2020,2396,2396,0.7446,0.0929,0.1248,used
05Zp3McBgcXoEISDl6Cy,2020,84,84,0.8033,0.0169,0.021,used
Z4APzDVDayA0EuGFl34V,2020,36,36,0.7937,0.0097,0.0122,used
xt5iT7ph4MKOPlXTg3wu,2020,1513,1513,0.8909,0.02,0.0224,used
p7RF8DS5rABbq6R41FBP,2020,1906,1906,0.7873,0.0418,0.053,used
zYBVGO615SLhL4PBBppY,2020,104,104,0.806,0.0591,0.0734,used
Ki5DYxbNODWB78mucar7,2020,578,578,0.8513,0.0329,0.0386,used
y2PFgZVFpXfqZ21XEBiz,2020,67,67,0.8668,0.0139,0.0161,used
C63w3X4vgN15ySLntdWh,2020,576,576,0.7687,0.0729,0.0948,used
4jwoETVJIql7CxMQk6s5,2020,1348,1348,0.8189,0.0622,0.076,used
1fzBfhjgxXFdDk18THCZ,2020,175,175,0.8181,0.0692,0.0846,used
UtEOTzJjrCM7hZfXgKRE,2020,643,643,0.895,0.021,0.0234,used
IB9k26TJNtbVLs5x0i20,2020,501,501,0.903,0.0218,0.0241,used
W2diHmIiKhR3jK8Xk1vr,2020,1412,1412,0.8184,0.019,0.0232,used
iNbassVXlMMBA6fy29DV,2020,639,639,0.8432,0.0719,0.0852,used
aL5yzwK7wsT3zHHb3iaH,2020,989,989,0.7212,0.0613,0.085,used
ynpNB8go3pns6dWXnHaa,2020,56,56,0.8009,0.0134,0.0167,used
d6LEyhknfD8JlZY1fj78,2020,254,254,0.8865,0.0092,0.0104,used
gbCEG1dAjGZBwZzXk4p9,2020,3063,3063,0.7974,0.0564,0.0707,used
J4h275iDTzfaDB5mKXij,2020,457,457,0.8127,0.0342,0.0421,used
Pv7O96OKDuH6pTqbu6TT,2020,1168,1144,0.8029,0.0598,0.0744,used
odWWEokiq8bKwUX97NpW,2020,917,917,0.5287,0.0961,0.1818,used
1zsdpuFJMBpXF5GTPz4x,2020,693,693,0.7553,0.1351,0.1789,used
MEuXyMsCMrRWoFUz9QK2,2020,147,147,0.8718,0.0289,0.0332,used
pnZlGAIrQQMGSl0a3HbO,2020,3569,3569,0.8441,0.0421,0.0499,used
cl6skvEI4VCar0GDzch6,2020,573,573,0.8081,0.1135,0.1405,used
Uo81jMnyjQFDp7IT4Acu,2020,267,267,0.8683,0.0245,0.0282,used
qupKPtjxcbSWIbXc2bCm,2020,565,565,0.8865,0.0194,0.0219,used
pumW6LNsI3T5RD9zW3SI,2020,135,135,0.8573,0.0286,0.0334,used
brbM5GLEISmoIqRkdO2s,2020,191,191,0.9253,0.0066,0.0071,used
HXEGnhPKFWCC6Hny8lkP,2020,2960,2960,0.8157,0.037,0.0453,used
kl3eHxzisV4Y0eRcmcsP,2020,319,319,0.8841,0.0129,0.0146,used
84wWsLweJNKIeKtogS3a,2020,782,782,0.8768,0.0368,0.0419,used
COv0wiCGWG4JsD0sYEW4,2020,1060,1060,0.8806,0.0128,0.0146,used
pcsJj09c17yzqHrERNFW,2020,549,549,0.8827,0.0157,0.0178,used
xwqo8oZ0Ei3I7dqYD3A9,2020,342,342,0.8269,0.022,0.0266,used
UF9K8gJ5QIQkYgEH1JXd,2020,218,218,0.8922,0.0084,0.0094,used
XtCCVl30ddn9L4HkCY3n,2020,528,528,0.6815,0.0531,0.0779,used
MmEAcGOQCCEq8qosxh56,2020,2728,2728,0.8437,0.0359,0.0425,used
Hk3aYz9j56wbQD4u3rAC,2020,2238,2238,0.8288,0.0599,0.0722,used
QHOlQ6hep3oeVCNc1g02,2020,164,164,0.8374,0.0406,0.0485,used
w5bt3UWzJUlmXGtXdl3I,2020,474,474,0.8887,0.021,0.0236,used
TkoVKpTSKqZkgFLhnPZi,2021,50,50,0.8228,0.016,0.0194,used
is0B8JToW47kfVAveolx,2021,84,84,0.8081,0.0611,0.0756,used
qfwctMauD5WIJyoszRR9,2021,4505,4505,0.8672,0.0271,0.0312,used
I7qeeMAEhSlZI8U0T3Bn,2021,28,28,0.9072,0.0104,0.0114,used
pSFJ4nrCmrvraJDKb00b,2021,136,136,0.9369,0.0082,0.0087,used
1OQ4PxgDMhzuGvGxEKgU,2021,356,356,0.8523,0.0578,0.0678,used
eRUpDdp3t0hDOvbfBOTT,2021,118,118,0.8987,0.0052,0.0058,used
2viqhL8AO4rRHAMh5Fqq,2021,1496,1496,0.8568,0.0306,0.0357,used
FzvWonz6fmJVLZRzMyZX,2021,253,253,0.8602,0.0355,0.0412,used
JkAxAL5GaTSXU2ODAuOf,2021,337,337,0.8672,0.0346,0.0399,used
nj4lokNHppOIxLC2RKrG,2021,396,396,0.8995,0.0141,0.0157,used
taUMfE6fZvJxC3Zet5uK,2021,292,292,0.8912,0.0109,0.0123,used
ZT7D0N8Dl4TnHlHMDQPI,2021,508,508,0.8901,0.0118,0.0132,used
bHW29On9ilbohdl51gQ6,2021,988,988,0.8905,0.0233,0.0262,used
y7yHeXkyCRybIj7aUk0L,2021,415,415,0.8743,0.0181,0.0207,used
MoYIfvnid4wXBDha0wJ3,2021,91,91,0.8204,0.0717,0.0874,used
gQLroZHYi7Prh9NBS6An,2021,1864,1864,0.8134,0.0868,0.1067,used
qWDBs4wPcZ49VORemTmL,2021,1237,1237,0.8763,0.0219,0.025,used
h2NQluewXRLwf0izPlUq,2021,912,912,0.888,0.0272,0.0306,used
0abhR8nOp0L5JtP5RDft,2021,1224,1224,0.8229,0.0773,0.0939,used
ekKNAhSNPwYXsWdp39pw,2021,29,29,0.7586,0.0232,0.0306,used
jEXQY4jCuRRx6nDm5mXD,2021,405,405,0.8742,0.0299,0.0342,used
a9qeH7mBu4I8g6ME1LJj,2021,113,113,0.7129,0.0295,0.0414,used
IGAaxDTF2gNapWupigxU,2021,2563,2563,0.8454,0.0567,0.0671,used
WE5wmmGDOWQEBDwHOa11,2021,290,290,0.8344,0.0573,0.0687,used
9cRMOK3r8fyh9P39IPRN,2021,743,743,0.8915,0.0125,0.014,used
5bsD33dPxIEykTIzWmSC,2021,1205,1205,0.8633,0.0311,0.036,used
rxei8iAceEdX5gBHki5T,2021,197,197,0.8829,0.0188,0.0213,used
79BkepicjzH7z2nhsdkd,2021,243,243,0.8374,0.0198,0.0237,used
Y2WW5OvI6C3WYloisd9c,2021,2773,2773,0.8803,0.0235,0.0267,used
9VPFUO3k8opLMOQhg60g,2021,1182,1182,0.8742,0.0265,0.0303,used
OrZyEaocNnb6dzCesjwJ,2021,1722,1722,0.8629,0.0197,0.0228,used
CWqLytrVDthrGwd7bXTY,2021,2373,2373,0.8455,0.0228,0.027,used
Hg95tRlOaZmzxET3q3UO,2021,578,578,0.8407,0.0222,0.0264,used
tYx3FXAoCMdYPtKeQjFN,2021,688,688,0.8721,0.0235,0.0269,used
ljsxaVBzA5HBl1D5Edhm,2021,2209,2209,0.9122,0.0171,0.0187,used
nIRNtdWeCZR3y5LQgvh1,2021,2314,2314,0.8809,0.0294,0.0334,used
SEo2xyfcqiAjoec8ZXXa,2021,5133,5133,0.8613,0.0112,0.013,used
88abKCvrysJUdBXSIMe0,2021,2396,2396,0.8481,0.0331,0.039,used
05Zp3McBgcXoEISDl6Cy,2021,84,84,0.9187,0.0076,0.0083,used
Z4APzDVDayA0EuGFl34V,2021,36,36,0.9093,0.0107,0.0118,used
xt5iT7ph4MKOPlXTg3wu,2021,1513,1513,0.8552,0.0258,0.0302,used
p7RF8DS5rABbq6R41FBP,2021,1906,1906,0.8944,0.0113,0.0126,used
zYBVGO615SLhL4PBBppY,2021,104,104,0.8481,0.0457,0.0539,used
Ki5DYxbNODWB78mucar7,2021,578,578,0.866,0.0261,0.0302,used
y2PFgZVFpXfqZ21XEBiz,2021,67,67,0.9098,0.0108,0.0119,used
C63w3X4vgN15ySLntdWh,2021,576,576,0.8868,0.0353,0.0398,used
4jwoETVJIql7CxMQk6s5,2021,1348,1348,0.8485,0.0513,0.0605,used
1fzBfhjgxXFdDk18THCZ,2021,175,175,0.8461,0.0296,0.035,used
UtEOTzJjrCM7hZfXgKRE,2021,643,643,0.8488,0.0696,0.0821,used
IB9k26TJNtbVLs5x0i20,2021,501,501,0.8946,0.0194,0.0217,used
W2diHmIiKhR3jK8Xk1vr,2021,1412,1412,0.8646,0.0203,0.0235,used
iNbassVXlMMBA6fy29DV,2021,639,639,0.8613,0.022,0.0255,used
aL5yzwK7wsT3zHHb3iaH,2021,989,989,0.8486,0.0115,0.0136,used
ynpNB8go3pns6dWXnHaa,2021,56,56,0.9192,0.0095,0.0103,used
d6LEyhknfD8JlZY1fj78,2021,254,254,0.6782,0.1806,0.2663,used
gbCEG1dAjGZBwZzXk4p9,2021,3063,3063,0.8932,0.0248,0.0278,used
J4h275iDTzfaDB5mKXij,2021,457,457,0.8837,0.0201,0.0227,used
Pv7O96OKDuH6pTqbu6TT,2021,1168,1168,0.8437,0.0611,0.0725,used
odWWEokiq8bKwUX97NpW,2021,917,917,0.6359,0.0814,0.1281,used
1zsdpuFJMBpXF5GTPz4x,2021,693,693,0.8032,0.0353,0.044,used
MEuXyMsCMrRWoFUz9QK2,2021,147,147,0.7918,0.0327,0.0413,used
pnZlGAIrQQMGSl0a3HbO,2021,3569,3569,0.8241,0.0367,0.0446,used
cl6skvEI4VCar0GDzch6,2021,573,573,0.8384,0.0839,0.1,used
Uo81jMnyjQFDp7IT4Acu,2021,267,267,0.8547,0.0133,0.0156,used
qupKPtjxcbSWIbXc2bCm,2021,565,565,0.9183,0.016,0.0174,used
pumW6LNsI3T5RD9zW3SI,2021,135,135,0.8432,0.0217,0.0258,used
brbM5GLEISmoIqRkdO2s,2021,191,191,0.8985,0.0125,0.0139,used
HXEGnhPKFWCC6Hny8lkP,2021,2960,2960,0.9023,0.0122,0.0135,used
kl3eHxzisV4Y0eRcmcsP,2021,319,319,0.8957,0.0141,0.0158,used
84wWsLweJNKIeKtogS3a,2021,782,782,0.8943,0.0183,0.0204,used
COv0wiCGWG4JsD0sYEW4,2021,1060,1060,0.8354,0.0238,0.0285,used
pcsJj09c17yzqHrERNFW,2021,549,549,0.8644,0.0228,0.0263,used
xwqo8oZ0Ei3I7dqYD3A9,2021,342,342,0.785,0.0817,0.1041,used
UF9K8gJ5QIQkYgEH1JXd,2021,218,218,0.8541,0.0244,0.0286,used
XtCCVl30ddn9L4HkCY3n,2021,528,528,0.8267,0.0584,0.0707,used
MmEAcGOQCCEq8qosxh56,2021,2728,2728,0.8755,0.0311,0.0356,used
Hk3aYz9j56wbQD4u3rAC,2021,2238,2238,0.8606,0.0339,0.0394,used
QHOlQ6hep3oeVCNc1g02,2021,164,164,0.6977,0.039,0.0559,used
w5bt3UWzJUlmXGtXdl3I,2021,474,474,0.8559,0.04,0.0467,used
TkoVKpTSKqZkgFLhnPZi,2022,50,50,0.7787,0.0126,0.0162,used
is0B8JToW47kfVAveolx,2022,84,84,0.8527,0.0246,0.0289,used
qfwctMauD5WIJyoszRR9,2022,4505,4505,0.7983,0.0216,0.027,used
I7qeeMAEhSlZI8U0T3Bn,2022,28,28,0.8585,0.0118,0.0138,used
pSFJ4nrCmrvraJDKb00b,2022,136,136,0.6163,0.0692,0.1123,used
1OQ4PxgDMhzuGvGxEKgU,2022,356,356,0.7961,0.0847,0.1064,used
eRUpDdp3t0hDOvbfBOTT,2022,118,118,0.8713,0.0145,0.0166,used
2viqhL8AO4rRHAMh5Fqq,2022,1496,1496,0.7313,0.0801,0.1095,used
FzvWonz6fmJVLZRzMyZX,2022,253,253,0.6619,0.0792,0.1196,used
JkAxAL5GaTSXU2ODAuOf,2022,337,337,0.8165,0.0399,0.0489,used
nj4lokNHppOIxLC2RKrG,2022,396,396,0.8416,0.0373,0.0444,used
taUMfE6fZvJxC3Zet5uK,2022,292,292,0.8215,0.0466,0.0567,used
ZT7D0N8Dl4TnHlHMDQPI,2022,508,508,0.8367,0.035,0.0418,used
bHW29On9ilbohdl51gQ6,2022,988,988,0.8914,0.0236,0.0265,used
y7yHeXkyCRybIj7aUk0L,2022,415,415,0.7678,0.0741,0.0965,used
MoYIfvnid4wXBDha0wJ3,2022,91,91,0.824,0.0232,0.0282,used
gQLroZHYi7Prh9NBS6An,2022,1864,1864,0.8203,0.0358,0.0437,used
qWDBs4wPcZ49VORemTmL,2022,1237,1237,0.7785,0.0714,0.0918,used
h2NQluewXRLwf0izPlUq,2022,912,912,0.8306,0.0342,0.0411,used
0abhR8nOp0L5JtP5RDft,2022,1224,1224,0.8404,0.0437,0.0519,used
ekKNAhSNPwYXsWdp39pw,2022,29,29,0.8528,0.0122,0.0144,used
jEXQY4jCuRRx6nDm5mXD,2022,405,405,0.8674,0.0289,0.0333,used
a9qeH7mBu4I8g6ME1LJj,2022,113,113,0.6569,0.028,0.0426,used
IGAaxDTF2gNapWupigxU,2022,2563,2563,0.8709,0.0237,0.0272,used
WE5wmmGDOWQEBDwHOa11,2022,290,290,0.7457,0.1081,0.145,used
9cRMOK3r8fyh9P39IPRN,2022,743,743,0.7784,0.0325,0.0417,used
5bsD33dPxIEykTIzWmSC,2022,1205,1205,0.7105,0.0755,0.1062,used
rxei8iAceEdX5gBHki5T,2022,197,197,0.8623,0.0297,0.0345,used
79BkepicjzH7z2nhsdkd,2022,243,243,0.6636,0.0291,0.0438,used
Y2WW5OvI6C3WYloisd9c,2022,2773,2773,0.838,0.0199,0.0238,used
9VPFUO3k8opLMOQhg60g,2022,1182,1182,0.8235,0.0162,0.0197,used
OrZyEaocNnb6dzCesjwJ,2022,1722,1722,0.7971,0.0362,0.0455,used
CWqLytrVDthrGwd7bXTY,2022,2373,2373,0.7256,0.0724,0.0998,used
Hg95tRlOaZmzxET3q3UO,2022,578,578,0.7448,0.0688,0.0923,used
tYx3FXAoCMdYPtKeQjFN,2022,688,688,0.8457,0.0372,0.044,used
ljsxaVBzA5HBl1D5Edhm,2022,2209,2209,0.8948,0.0243,0.0272,used
nIRNtdWeCZR3y5LQgvh1,2022,2314,2314,0.8249,0.0421,0.0511,used
SEo2xyfcqiAjoec8ZXXa,2022,5133,5133,0.8449,0.0359,0.0425,used
88abKCvrysJUdBXSIMe0,2022,2396,2396,0.7962,0.033,0.0414,used
05Zp3McBgcXoEISDl6Cy,2022,84,84,0.725,0.0388,0.0535,used
Z4APzDVDayA0EuGFl34V,2022,36,36,0.733,0.0415,0.0566,used
xt5iT7ph4MKOPlXTg3wu,2022,1513,1513,0.8509,0.0225,0.0265,used
p7RF8DS5rABbq6R41FBP,2022,1906,1906,0.8647,0.0256,0.0296,used
zYBVGO615SLhL4PBBppY,2022,104,104,0.7882,0.074,0.0939,used
Ki5DYxbNODWB78mucar7,2022,578,578,0.7302,0.0715,0.0979,used
y2PFgZVFpXfqZ21XEBiz,2022,67,67,0.8257,0.0201,0.0244,used
C63w3X4vgN15ySLntdWh,2022,576,576,0.8634,0.02,0.0232,used
4jwoETVJIql7CxMQk6s5,2022,1348,1348,0.7909,0.0736,0.0931,used
1fzBfhjgxXFdDk18THCZ,2022,175,175,0.7432,0.0797,0.1073,used
UtEOTzJjrCM7hZfXgKRE,2022,643,643,0.887,0.0144,0.0163,used
IB9k26TJNtbVLs5x0i20,2022,501,501,0.8292,0.0345,0.0416,used
W2diHmIiKhR3jK8Xk1vr,2022,1412,1412,0.7003,0.0565,0.0806,used
iNbassVXlMMBA6fy29DV,2022,639,639,0.6717,0.1485,0.2211,used
aL5yzwK7wsT3zHHb3iaH,2022,989,989,0.7739,0.1209,0.1563,used
ynpNB8go3pns6dWXnHaa,2022,56,56,0.6999,0.0324,0.0463,used
d6LEyhknfD8JlZY1fj78,2022,254,254,0.8854,0.0112,0.0127,used
gbCEG1dAjGZBwZzXk4p9,2022,3063,3063,0.8659,0.0318,0.0367,used
J4h275iDTzfaDB5mKXij,2022,457,457,0.8785,0.0214,0.0244,used
Pv7O96OKDuH6pTqbu6TT,2022,1168,1164,0.8104,0.0813,0.1003,used
odWWEokiq8bKwUX97NpW,2022,917,917,0.5559,0.0864,0.1555,used
1zsdpuFJMBpXF5GTPz4x,2022,693,693,0.5901,0.1124,0.1906,used
MEuXyMsCMrRWoFUz9QK2,2022,147,147,0.5611,0.0434,0.0774,used
pnZlGAIrQQMGSl0a3HbO,2022,3569,3569,0.7976,0.0289,0.0362,used
cl6skvEI4VCar0GDzch6,2022,573,573,0.8606,0.0386,0.0448,used
Uo81jMnyjQFDp7IT4Acu,2022,267,267,0.7595,0.035,0.046,used
qupKPtjxcbSWIbXc2bCm,2022,565,565,0.8902,0.0144,0.0162,used
pumW6LNsI3T5RD9zW3SI,2022,135,135,0.864,0.0383,0.0443,used
brbM5GLEISmoIqRkdO2s,2022,191,191,0.8654,0.0349,0.0403,used
HXEGnhPKFWCC6Hny8lkP,2022,2960,2960,0.8556,0.0292,0.0341,used
kl3eHxzisV4Y0eRcmcsP,2022,319,319,0.8717,0.0192,0.022,used
84wWsLweJNKIeKtogS3a,2022,782,782,0.7671,0.0489,0.0637,used
COv0wiCGWG4JsD0sYEW4,2022,1060,1060,0.8756,0.0265,0.0303,used
pcsJj09c17yzqHrERNFW,2022,549,549,0.857,0.0392,0.0458,used
xwqo8oZ0Ei3I7dqYD3A9,2022,342,342,0.7782,0.0986,0.1267,used
UF9K8gJ5QIQkYgEH1JXd,2022,218,218,0.5645,0.0822,0.1455,used
XtCCVl30ddn9L4HkCY3n,2022,528,528,0.8443,0.0487,0.0576,used
MmEAcGOQCCEq8qosxh56,2022,2728,2728,0.7631,0.079,0.1035,used
Hk3aYz9j56wbQD4u3rAC,2022,2238,2238,0.6223,0.078,0.1253,used
QHOlQ6hep3oeVCNc1g02,2022,164,164,0.6813,0.0622,0.0912,used
w5bt3UWzJUlmXGtXdl3I,2022,474,474,0.8652,0.0381,0.044,used
TkoVKpTSKqZkgFLhnPZi,2023,50,50,0.8589,0.0198,0.0231,used
is0B8JToW47kfVAveolx,2023,84,84,0.8473,0.0422,0.0498,used
qfwctMauD5WIJyoszRR9,2023,4505,4505,0.8454,0.0533,0.0631,used
I7qeeMAEhSlZI8U0T3Bn,2023,28,28,0.899,0.0124,0.0138,used
pSFJ4nrCmrvraJDKb00b,2023,136,136,0.8776,0.0229,0.0261,used
1OQ4PxgDMhzuGvGxEKgU,2023,356,356,0.8895,0.0231,0.026,used
eRUpDdp3t0hDOvbfBOTT,2023,118,118,0.848,0.0218,0.0257,used
2viqhL8AO4rRHAMh5Fqq,2023,1496,1496,0.8771,0.0366,0.0417,used
FzvWonz6fmJVLZRzMyZX,2023,253,253,0.8791,0.0231,0.0263,used
JkAxAL5GaTSXU2ODAuOf,2023,337,337,0.7807,0.0167,0.0214,used
nj4lokNHppOIxLC2RKrG,2023,396,396,0.8699,0.0211,0.0242,used
taUMfE6fZvJxC3Zet5uK,2023,292,292,0.9155,0.0126,0.0137,used
ZT7D0N8Dl4TnHlHMDQPI,2023,508,508,0.9104,0.012,0.0132,used
bHW29On9ilbohdl51gQ6,2023,988,988,0.8529,0.0355,0.0416,used
y7yHeXkyCRybIj7aUk0L,2023,415,415,0.8591,0.0332,0.0387,used
MoYIfvnid4wXBDha0wJ3,2023,91,91,0.8821,0.0117,0.0133,used
gQLroZHYi7Prh9NBS6An,2023,1864,1864,0.8677,0.0287,0.033,used
qWDBs4wPcZ49VORemTmL,2023,1237,1237,0.8745,0.0538,0.0615,used
h2NQluewXRLwf0izPlUq,2023,912,912,0.8468,0.0424,0.05,used
0abhR8nOp0L5JtP5RDft,2023,1224,1224,0.8317,0.0341,0.041,used
ekKNAhSNPwYXsWdp39pw,2023,29,29,0.8592,0.0098,0.0114,used
jEXQY4jCuRRx6nDm5mXD,2023,405,405,0.8761,0.0193,0.022,used
a9qeH7mBu4I8g6ME1LJj,2023,113,113,0.6611,0.0356,0.0538,used
IGAaxDTF2gNapWupigxU,2023,2563,2563,0.7973,0.0307,0.0385,used
WE5wmmGDOWQEBDwHOa11,2023,290,290,0.7982,0.0766,0.096,used
9cRMOK3r8fyh9P39IPRN,2023,743,743,0.8264,0.0294,0.0356,used
5bsD33dPxIEykTIzWmSC,2023,1205,1205,0.8529,0.0164,0.0193,used
rxei8iAceEdX5gBHki5T,2023,197,197,0.8021,0.0545,0.068,used
79BkepicjzH7z2nhsdkd,2023,243,243,0.7005,0.0326,0.0465,used
Y2WW5OvI6C3WYloisd9c,2023,2773,2773,0.7909,0.0212,0.0268,used
9VPFUO3k8opLMOQhg60g,2023,1182,1182,0.7485,0.0371,0.0496,used
OrZyEaocNnb6dzCesjwJ,2023,1722,1722,0.8479,0.0184,0.0218,used
CWqLytrVDthrGwd7bXTY,2023,2373,2373,0.8633,0.0453,0.0525,used
Hg95tRlOaZmzxET3q3UO,2023,578,578,0.8056,0.0424,0.0527,used
tYx3FXAoCMdYPtKeQjFN,2023,688,688,0.8695,0.0331,0.038,used
ljsxaVBzA5HBl1D5Edhm,2023,2209,2209,0.9017,0.0279,0.0309,used
nIRNtdWeCZR3y5LQgvh1,2023,2314,2314,0.866,0.0295,0.034,used
SEo2xyfcqiAjoec8ZXXa,2023,5133,5133,0.8555,0.0596,0.0696,used
88abKCvrysJUdBXSIMe0,2023,2396,2396,0.8431,0.0337,0.0399,used
05Zp3McBgcXoEISDl6Cy,2023,84,84,0.8492,0.0165,0.0195,used
Z4APzDVDayA0EuGFl34V,2023,36,36,0.8661,0.0261,0.0301,used
xt5iT7ph4MKOPlXTg3wu,2023,1513,1513,0.872,0.0274,0.0314,used
p7RF8DS5rABbq6R41FBP,2023,1906,1906,0.8541,0.0557,0.0652,used
zYBVGO615SLhL4PBBppY,2023,104,104,0.8174,0.0612,0.0749,used
Ki5DYxbNODWB78mucar7,2023,578,578,0.8333,0.0374,0.0449,used
y2PFgZVFpXfqZ21XEBiz,2023,67,67,0.8752,0.0111,0.0127,used
C63w3X4vgN15ySLntdWh,2023,576,576,0.8309,0.0342,0.0412,used
4jwoETVJIql7CxMQk6s5,2023,1348,1348,0.802,0.0542,0.0676,used
1fzBfhjgxXFdDk18THCZ,2023,175,175,0.7456,0.0885,0.1186,used
UtEOTzJjrCM7hZfXgKRE,2023,643,643,0.8541,0.0325,0.038,used
IB9k26TJNtbVLs5x0i20,2023,501,501,0.878,0.029,0.033,used
W2diHmIiKhR3jK8Xk1vr,2023,1412,1412,0.4127,0.0662,0.1604,used
iNbassVXlMMBA6fy29DV,2023,639,639,0.8762,0.0364,0.0415,used
aL5yzwK7wsT3zHHb3iaH,2023,989,989,0.8322,0.07,0.0841,used
ynpNB8go3pns6dWXnHaa,2023,56,56,0.8545,0.022,0.0257,used
d6LEyhknfD8JlZY1fj78,2023,254,254,0.8973,0.0131,0.0146,used
gbCEG1dAjGZBwZzXk4p9,2023,3063,3063,0.8828,0.0437,0.0495,used
J4h275iDTzfaDB5mKXij,2023,457,457,0.8669,0.0258,0.0297,used
Pv7O96OKDuH6pTqbu6TT,2023,1168,1164,0.8472,0.0673,0.0795,used
odWWEokiq8bKwUX97NpW,2023,917,917,0.5781,0.096,0.1661,used
1zsdpuFJMBpXF5GTPz4x,2023,693,693,0.7727,0.066,0.0854,used
MEuXyMsCMrRWoFUz9QK2,2023,147,147,0.8304,0.0316,0.0381,used
pnZlGAIrQQMGSl0a3HbO,2023,3569,3569,0.8604,0.0285,0.0331,used
cl6skvEI4VCar0GDzch6,2023,573,573,0.8706,0.0278,0.0319,used
Uo81jMnyjQFDp7IT4Acu,2023,267,267,0.8479,0.0215,0.0254,used
qupKPtjxcbSWIbXc2bCm,2023,565,565,0.8847,0.0214,0.0241,used
pumW6LNsI3T5RD9zW3SI,2023,135,135,0.8449,0.0306,0.0362,used
brbM5GLEISmoIqRkdO2s,2023,191,191,0.8886,0.0476,0.0536,used
HXEGnhPKFWCC6Hny8lkP,2023,2960,2960,0.893,0.0323,0.0362,used
kl3eHxzisV4Y0eRcmcsP,2023,319,319,0.831,0.0353,0.0425,used
84wWsLweJNKIeKtogS3a,2023,782,782,0.8333,0.0342,0.041,used
COv0wiCGWG4JsD0sYEW4,2023,1060,1060,0.8797,0.0194,0.022,used
pcsJj09c17yzqHrERNFW,2023,549,549,0.8635,0.0232,0.0269,used
xwqo8oZ0Ei3I7dqYD3A9,2023,342,342,0.794,0.0603,0.0759,used
UF9K8gJ5QIQkYgEH1JXd,2023,218,218,0.8624,0.0432,0.0501,used
XtCCVl30ddn9L4HkCY3n,2023,528,528,0.8123,0.0422,0.0519,used
MmEAcGOQCCEq8qosxh56,2023,2728,2728,0.8945,0.0272,0.0304,used
Hk3aYz9j56wbQD4u3rAC,2023,2238,2238,0.8253,0.0842,0.1021,used
QHOlQ6hep3oeVCNc1g02,2023,164,164,0.7572,0.0559,0.0738,used
w5bt3UWzJUlmXGtXdl3I,2023,474,474,0.8652,0.0443,0.0512,used
TkoVKpTSKqZkgFLhnPZi,2024,50,50,0.8526,0.0093,0.0109,used
is0B8JToW47kfVAveolx,2024,84,84,0.8814,0.0176,0.02,used
qfwctMauD5WIJyoszRR9,2024,4505,4505,0.8599,0.0412,0.0479,used
I7qeeMAEhSlZI8U0T3Bn,2024,28,28,0.8811,0.0151,0.0171,used
pSFJ4nrCmrvraJDKb00b,2024,136,136,0.6508,0.0774,0.1189,used
1OQ4PxgDMhzuGvGxEKgU,2024,356,356,0.8564,0.0461,0.0538,used
eRUpDdp3t0hDOvbfBOTT,2024,118,118,0.901,0.0061,0.0068,used
2viqhL8AO4rRHAMh5Fqq,2024,1496,1496,0.8345,0.039,0.0468,used
FzvWonz6fmJVLZRzMyZX,2024,253,253,0.8345,0.0333,0.0399,used
JkAxAL5GaTSXU2ODAuOf,2024,337,337,0.857,0.0232,0.027,used
nj4lokNHppOIxLC2RKrG,2024,396,396,0.883,0.0189,0.0213,used
taUMfE6fZvJxC3Zet5uK,2024,292,292,0.8056,0.0758,0.0941,used
ZT7D0N8Dl4TnHlHMDQPI,2024,508,508,0.8168,0.0556,0.068,used
bHW29On9ilbohdl51gQ6,2024,988,988,0.8607,0.0297,0.0345,used
y7yHeXkyCRybIj7aUk0L,2024,415,415,0.8163,0.0464,0.0568,used
MoYIfvnid4wXBDha0wJ3,2024,91,91,0.8789,0.018,0.0205,used
gQLroZHYi7Prh9NBS6An,2024,1864,1864,0.8623,0.03,0.0348,used
qWDBs4wPcZ49VORemTmL,2024,1237,1237,0.8679,0.0358,0.0412,used
h2NQluewXRLwf0izPlUq,2024,912,912,0.8813,0.0183,0.0208,used
0abhR8nOp0L5JtP5RDft,2024,1224,1224,0.8269,0.056,0.0678,used
ekKNAhSNPwYXsWdp39pw,2024,29,29,0.8241,0.0398,0.0483,used
jEXQY4jCuRRx6nDm5mXD,2024,405,405,0.8668,0.0256,0.0295,used
a9qeH7mBu4I8g6ME1LJj,2024,113,113,0.7075,0.0355,0.0501,used
IGAaxDTF2gNapWupigxU,2024,2563,2563,0.8783,0.0303,0.0345,used
WE5wmmGDOWQEBDwHOa11,2024,290,290,0.6798,0.0669,0.0984,used
9cRMOK3r8fyh9P39IPRN,2024,743,743,0.8644,0.0128,0.0149,used
5bsD33dPxIEykTIzWmSC,2024,1205,1205,0.8212,0.0837,0.102,used
rxei8iAceEdX5gBHki5T,2024,197,197,0.8757,0.0247,0.0282,used
79BkepicjzH7z2nhsdkd,2024,243,243,0.5495,0.0304,0.0553,used
Y2WW5OvI6C3WYloisd9c,2024,2773,2773,0.86,0.0228,0.0265,used
9VPFUO3k8opLMOQhg60g,2024,1182,1182,0.6858,0.0328,0.0478,used
OrZyEaocNnb6dzCesjwJ,2024,1722,1722,0.8751,0.0175,0.02,used
CWqLytrVDthrGwd7bXTY,2024,2373,2373,0.8231,0.0391,0.0475,used
Hg95tRlOaZmzxET3q3UO,2024,578,578,0.6613,0.032,0.0484,used
tYx3FXAoCMdYPtKeQjFN,2024,688,688,0.8469,0.0422,0.0499,used
ljsxaVBzA5HBl1D5Edhm,2024,2209,2209,0.8614,0.0581,0.0675,used
nIRNtdWeCZR3y5LQgvh1,2024,2314,2314,0.8905,0.0156,0.0175,used
SEo2xyfcqiAjoec8ZXXa,2024,5133,5133,0.8434,0.045,0.0534,used
88abKCvrysJUdBXSIMe0,2024,2396,2396,0.8265,0.0617,0.0747,used
05Zp3McBgcXoEISDl6Cy,2024,84,84,0.6625,0.0574,0.0866,used
Z4APzDVDayA0EuGFl34V,2024,36,36,0.7557,0.0681,0.0901,used
xt5iT7ph4MKOPlXTg3wu,2024,1513,1513,0.8772,0.0257,0.0293,used
p7RF8DS5rABbq6R41FBP,2024,1906,1906,0.8897,0.028,0.0315,used
zYBVGO615SLhL4PBBppY,2024,104,104,0.8471,0.0508,0.06,used
Ki5DYxbNODWB78mucar7,2024,578,578,0.8513,0.0242,0.0285,used
y2PFgZVFpXfqZ21XEBiz,2024,67,67,0.8689,0.01,0.0115,used
C63w3X4vgN15ySLntdWh,2024,576,576,0.823,0.0651,0.0791,used
4jwoETVJIql7CxMQk6s5,2024,1348,1348,0.835,0.0416,0.0498,used
1fzBfhjgxXFdDk18THCZ,2024,175,175,0.8422,0.0777,0.0922,used
UtEOTzJjrCM7hZfXgKRE,2024,643,643,0.8319,0.0659,0.0792,used
IB9k26TJNtbVLs5x0i20,2024,501,501,0.8183,0.0343,0.0419,used
W2diHmIiKhR3jK8Xk1vr,2024,1412,1412,0.8755,0.0347,0.0397,used
iNbassVXlMMBA6fy29DV,2024,639,639,0.8404,0.0334,0.0397,used
aL5yzwK7wsT3zHHb3iaH,2024,989,989,0.8386,0.0494,0.059,used
ynpNB8go3pns6dWXnHaa,2024,56,56,0.7195,0.1086,0.151,used
d6LEyhknfD8JlZY1fj78,2024,254,254,0.7625,0.0459,0.0602,used
gbCEG1dAjGZBwZzXk4p9,2024,3063,3063,0.8636,0.0381,0.0441,used
J4h275iDTzfaDB5mKXij,2024,457,457,0.8624,0.0336,0.039,used
Pv7O96OKDuH6pTqbu6TT,2024,1168,1160,0.8657,0.061,0.0704,used
odWWEokiq8bKwUX97NpW,2024,917,917,0.6558,0.0659,0.1005,used
1zsdpuFJMBpXF5GTPz4x,2024,693,693,0.8319,0.0459,0.0552,used
MEuXyMsCMrRWoFUz9QK2,2024,147,147,0.8369,0.0528,0.0631,used
pnZlGAIrQQMGSl0a3HbO,2024,3569,3569,0.852,0.0506,0.0594,used
cl6skvEI4VCar0GDzch6,2024,573,573,0.7917,0.0736,0.093,used
Uo81jMnyjQFDp7IT4Acu,2024,267,267,0.886,0.0165,0.0187,used
qupKPtjxcbSWIbXc2bCm,2024,565,565,0.9025,0.0126,0.014,used
pumW6LNsI3T5RD9zW3SI,2024,135,135,0.8676,0.022,0.0254,used
brbM5GLEISmoIqRkdO2s,2024,191,191,0.8674,0.0272,0.0313,used
HXEGnhPKFWCC6Hny8lkP,2024,2960,2960,0.8805,0.0407,0.0462,used
kl3eHxzisV4Y0eRcmcsP,2024,319,319,0.8164,0.038,0.0466,used
84wWsLweJNKIeKtogS3a,2024,782,782,0.8312,0.0279,0.0336,used
COv0wiCGWG4JsD0sYEW4,2024,1060,1060,0.8836,0.0263,0.0297,used
pcsJj09c17yzqHrERNFW,2024,549,549,0.797,0.0326,0.0409,used
xwqo8oZ0Ei3I7dqYD3A9,2024,342,342,0.873,0.0314,0.0359,used
UF9K8gJ5QIQkYgEH1JXd,2024,218,218,0.8425,0.024,0.0285,used
XtCCVl30ddn9L4HkCY3n,2024,528,528,0.8268,0.0707,0.0855,used
MmEAcGOQCCEq8qosxh56,2024,2728,2728,0.8432,0.0225,0.0267,used
Hk3aYz9j56wbQD4u3rAC,2024,2238,2238,0.8399,0.0684,0.0815,used
QHOlQ6hep3oeVCNc1g02,2024,164,164,0.7658,0.0356,0.0464,used
w5bt3UWzJUlmXGtXdl3I,2024,474,474,0.785,0.0418,0.0532,used
TkoVKpTSKqZkgFLhnPZi,2025,50,50,0.8417,0.0198,0.0235,used
is0B8JToW47kfVAveolx,2025,84,84,0.8003,0.0798,0.0997,used
qfwctMauD5WIJyoszRR9,2025,4505,4505,0.8395,0.0375,0.0446,used
I7qeeMAEhSlZI8U0T3Bn,2025,28,28,0.9021,0.0055,0.0061,used
pSFJ4nrCmrvraJDKb00b,2025,136,136,0.7715,0.0673,0.0872,used
1OQ4PxgDMhzuGvGxEKgU,2025,356,356,0.8354,0.0709,0.0849,used
eRUpDdp3t0hDOvbfBOTT,2025,118,118,0.9006,0.0093,0.0103,used
2viqhL8AO4rRHAMh5Fqq,2025,1496,1496,0.7428,0.097,0.1305,used
FzvWonz6fmJVLZRzMyZX,2025,253,253,0.7923,0.061,0.077,used
JkAxAL5GaTSXU2ODAuOf,2025,337,337,0.788,0.0623,0.079,used
nj4lokNHppOIxLC2RKrG,2025,396,396,0.8504,0.0164,0.0193,used
taUMfE6fZvJxC3Zet5uK,2025,292,292,0.865,0.0557,0.0643,used
ZT7D0N8Dl4TnHlHMDQPI,2025,508,508,0.8744,0.0387,0.0443,used
bHW29On9ilbohdl51gQ6,2025,988,988,0.903,0.0206,0.0228,used
y7yHeXkyCRybIj7aUk0L,2025,415,415,0.7167,0.1172,0.1635,used
MoYIfvnid4wXBDha0wJ3,2025,91,91,0.667,0.0724,0.1085,used
gQLroZHYi7Prh9NBS6An,2025,1864,1864,0.7883,0.1171,0.1485,used
qWDBs4wPcZ49VORemTmL,2025,1237,1237,0.7648,0.0791,0.1034,used
h2NQluewXRLwf0izPlUq,2025,912,912,0.8518,0.0308,0.0362,used
0abhR8nOp0L5JtP5RDft,2025,1224,1224,0.5779,0.0918,0.1589,used
ekKNAhSNPwYXsWdp39pw,2025,29,29,0.7942,0.028,0.0353,used
jEXQY4jCuRRx6nDm5mXD,2025,405,405,0.7601,0.0538,0.0707,used
a9qeH7mBu4I8g6ME1LJj,2025,113,113,0.6537,0.0393,0.0601,used
IGAaxDTF2gNapWupigxU,2025,2563,2563,0.778,0.0513,0.066,used
WE5wmmGDOWQEBDwHOa11,2025,290,290,0.6295,0.0647,0.1028,used
9cRMOK3r8fyh9P39IPRN,2025,743,743,0.8256,0.0221,0.0267,used
5bsD33dPxIEykTIzWmSC,2025,1205,1205,0.5776,0.0799,0.1383,used
rxei8iAceEdX5gBHki5T,2025,197,197,0.5967,0.0487,0.0816,used
79BkepicjzH7z2nhsdkd,2025,243,243,0.5602,0.0306,0.0546,used
Y2WW5OvI6C3WYloisd9c,2025,2773,2773,0.6232,0.0762,0.1222,used
9VPFUO3k8opLMOQhg60g,2025,1182,1182,0.6584,0.0483,0.0733,used
OrZyEaocNnb6dzCesjwJ,2025,1722,1722,0.8176,0.0261,0.032,used
CWqLytrVDthrGwd7bXTY,2025,2373,2373,0.8652,0.0326,0.0377,used
Hg95tRlOaZmzxET3q3UO,2025,578,578,0.6855,0.0712,0.1038,used
tYx3FXAoCMdYPtKeQjFN,2025,688,688,0.6212,0.1011,0.1628,used
ljsxaVBzA5HBl1D5Edhm,2025,2209,2209,0.8262,0.0132,0.016,used
nIRNtdWeCZR3y5LQgvh1,2025,2314,2314,0.8461,0.0313,0.0369,used
SEo2xyfcqiAjoec8ZXXa,2025,5133,5133,0.8263,0.0219,0.0264,used
88abKCvrysJUdBXSIMe0,2025,2396,2396,0.8379,0.0309,0.0369,used
05Zp3McBgcXoEISDl6Cy,2025,84,84,0.7173,0.0884,0.1232,used
Z4APzDVDayA0EuGFl34V,2025,36,36,0.8174,0.0518,0.0634,used
xt5iT7ph4MKOPlXTg3wu,2025,1513,1513,0.7653,0.0852,0.1113,used
p7RF8DS5rABbq6R41FBP,2025,1906,1906,0.8708,0.0557,0.064,used
zYBVGO615SLhL4PBBppY,2025,104,104,0.7957,0.0727,0.0914,used
Ki5DYxbNODWB78mucar7,2025,578,578,0.6943,0.1236,0.178,used
y2PFgZVFpXfqZ21XEBiz,2025,67,67,0.8044,0.0133,0.0165,used
C63w3X4vgN15ySLntdWh,2025,576,576,0.8324,0.0251,0.0302,used
4jwoETVJIql7CxMQk6s5,2025,1348,1348,0.5941,0.0959,0.1615,used
1fzBfhjgxXFdDk18THCZ,2025,175,175,0.835,0.0749,0.0897,used
UtEOTzJjrCM7hZfXgKRE,2025,643,643,0.8514,0.0314,0.0369,used
IB9k26TJNtbVLs5x0i20,2025,501,501,0.7242,0.0929,0.1283,used
W2diHmIiKhR3jK8Xk1vr,2025,1412,1412,0.859,0.026,0.0303,used
iNbassVXlMMBA6fy29DV,2025,639,639,0.6633,0.1275,0.1922,used
aL5yzwK7wsT3zHHb3iaH,2025,989,989,0.8026,0.019,0.0237,used
ynpNB8go3pns6dWXnHaa,2025,56,56,0.73,0.0956,0.131,used
d6LEyhknfD8JlZY1fj78,2025,254,254,0.8491,0.0272,0.032,used
gbCEG1dAjGZBwZzXk4p9,2025,3063,3063,0.823,0.0285,0.0347,used
J4h275iDTzfaDB5mKXij,2025,457,457,0.8345,0.0126,0.0151,used
Pv7O96OKDuH6pTqbu6TT,2025,1168,1168,0.8419,0.0728,0.0865,used
odWWEokiq8bKwUX97NpW,2025,917,917,0.5798,0.0652,0.1125,used
1zsdpuFJMBpXF5GTPz4x,2025,693,693,0.6192,0.0442,0.0715,used
MEuXyMsCMrRWoFUz9QK2,2025,147,147,0.5744,0.077,0.1341,used
pnZlGAIrQQMGSl0a3HbO,2025,3569,3569,0.8561,0.0369,0.0431,used
cl6skvEI4VCar0GDzch6,2025,573,573,0.8197,0.0687,0.0838,used
Uo81jMnyjQFDp7IT4Acu,2025,267,267,0.7983,0.0264,0.0331,used
qupKPtjxcbSWIbXc2bCm,2025,565,565,0.8939,0.0164,0.0183,used
pumW6LNsI3T5RD9zW3SI,2025,135,135,0.8387,0.0409,0.0487,used
brbM5GLEISmoIqRkdO2s,2025,191,191,0.8726,0.0597,0.0684,used
HXEGnhPKFWCC6Hny8lkP,2025,2960,2960,0.8042,0.0628,0.0781,used
kl3eHxzisV4Y0eRcmcsP,2025,319,319,0.898,0.0163,0.0181,used
84wWsLweJNKIeKtogS3a,2025,782,782,0.8755,0.0233,0.0266,used
COv0wiCGWG4JsD0sYEW4,2025,1060,1060,0.9035,0.023,0.0254,used
pcsJj09c17yzqHrERNFW,2025,549,549,0.8885,0.023,0.0258,used
xwqo8oZ0Ei3I7dqYD3A9,2025,342,342,0.8202,0.0517,0.063,used
UF9K8gJ5QIQkYgEH1JXd,2025,218,218,0.5748,0.057,0.0991,used
XtCCVl30ddn9L4HkCY3n,2025,528,528,0.5499,0.0576,0.1047,used
MmEAcGOQCCEq8qosxh56,2025,2728,2728,0.8769,0.0235,0.0268,used
Hk3aYz9j56wbQD4u3rAC,2025,2238,2238,0.8718,0.0374,0.0429,used
QHOlQ6hep3oeVCNc1g02,2025,164,164,0.7089,0.0534,0.0754,used
w5bt3UWzJUlmXGtXdl3I,2025,474,474,0.7887,0.0824,0.1045,used
TkoVKpTSKqZkgFLhnPZi,2026,50,50,0.8735,0.0114,0.013,used
is0B8JToW47kfVAveolx,2026,84,84,0.8455,0.0281,0.0332,used
qfwctMauD5WIJyoszRR9,2026,4505,4505,0.8277,0.0198,0.0239,used
I7qeeMAEhSlZI8U0T3Bn,2026,28,28,0.9029,0.0112,0.0124,used
pSFJ4nrCmrvraJDKb00b,2026,136,136,0.9167,0.0122,0.0133,used
1OQ4PxgDMhzuGvGxEKgU,2026,356,356,0.8755,0.0295,0.0337,used
eRUpDdp3t0hDOvbfBOTT,2026,118,118,0.9017,0.0142,0.0157,used
2viqhL8AO4rRHAMh5Fqq,2026,1496,1496,0.9166,0.0195,0.0212,used
FzvWonz6fmJVLZRzMyZX,2026,253,253,0.8289,0.0782,0.0944,used
JkAxAL5GaTSXU2ODAuOf,2026,337,337,0.8932,0.0106,0.0119,used
nj4lokNHppOIxLC2RKrG,2026,396,396,0.8742,0.0279,0.0319,used
taUMfE6fZvJxC3Zet5uK,2026,292,292,0.8211,0.0226,0.0275,used
ZT7D0N8Dl4TnHlHMDQPI,2026,508,508,0.8397,0.0151,0.018,used
bHW29On9ilbohdl51gQ6,2026,988,988,0.7987,0.0506,0.0633,used
y7yHeXkyCRybIj7aUk0L,2026,415,415,0.9219,0.0243,0.0264,used
MoYIfvnid4wXBDha0wJ3,2026,91,91,0.9105,0.0157,0.0173,used
gQLroZHYi7Prh9NBS6An,2026,1864,1864,0.8966,0.0232,0.0259,used
qWDBs4wPcZ49VORemTmL,2026,1237,1237,0.9363,0.0154,0.0164,used
h2NQluewXRLwf0izPlUq,2026,912,912,0.8858,0.0205,0.0232,used
0abhR8nOp0L5JtP5RDft,2026,1224,1224,0.9013,0.0226,0.025,used
ekKNAhSNPwYXsWdp39pw,2026,29,29,0.8887,0.0121,0.0136,used
jEXQY4jCuRRx6nDm5mXD,2026,405,405,0.8547,0.0448,0.0524,used
a9qeH7mBu4I8g6ME1LJj,2026,113,113,0.6936,0.038,0.0548,used
IGAaxDTF2gNapWupigxU,2026,2563,2563,0.8391,0.0556,0.0663,used
WE5wmmGDOWQEBDwHOa11,2026,290,290,0.7034,0.0839,0.1192,used
9cRMOK3r8fyh9P39IPRN,2026,743,743,0.8616,0.019,0.0221,used
5bsD33dPxIEykTIzWmSC,2026,1205,1205,0.8655,0.0162,0.0188,used
rxei8iAceEdX5gBHki5T,2026,197,197,0.6846,0.0545,0.0796,used
79BkepicjzH7z2nhsdkd,2026,243,243,0.661,0.0384,0.058,used
Y2WW5OvI6C3WYloisd9c,2026,2773,2773,0.8636,0.0168,0.0195,used
9VPFUO3k8opLMOQhg60g,2026,1182,1182,0.7653,0.0312,0.0407,used
OrZyEaocNnb6dzCesjwJ,2026,1722,1722,0.8763,0.0153,0.0175,used
CWqLytrVDthrGwd7bXTY,2026,2373,2373,0.8765,0.0296,0.0338,used
Hg95tRlOaZmzxET3q3UO,2026,578,578,0.7542,0.0439,0.0582,used
tYx3FXAoCMdYPtKeQjFN,2026,688,688,0.8555,0.0497,0.0581,used
ljsxaVBzA5HBl1D5Edhm,2026,2209,2209,0.849,0.0766,0.0902,used
nIRNtdWeCZR3y5LQgvh1,2026,2314,2314,0.8895,0.0239,0.0268,used
SEo2xyfcqiAjoec8ZXXa,2026,5133,5133,0.9214,0.0174,0.0188,used
88abKCvrysJUdBXSIMe0,2026,2396,2396,0.8358,0.0155,0.0186,used
05Zp3McBgcXoEISDl6Cy,2026,84,84,0.9134,0.0118,0.0129,used
Z4APzDVDayA0EuGFl34V,2026,36,36,0.9199,0.0106,0.0115,used
xt5iT7ph4MKOPlXTg3wu,2026,1513,1513,0.7934,0.0529,0.0667,used
p7RF8DS5rABbq6R41FBP,2026,1906,1906,0.9083,0.0202,0.0222,used
zYBVGO615SLhL4PBBppY,2026,104,104,0.8313,0.0783,0.0942,used
Ki5DYxbNODWB78mucar7,2026,578,578,0.9127,0.0173,0.019,used
y2PFgZVFpXfqZ21XEBiz,2026,67,67,0.864,0.0089,0.0103,used
C63w3X4vgN15ySLntdWh,2026,576,576,0.7877,0.1427,0.1811,used
4jwoETVJIql7CxMQk6s5,2026,1348,1348,0.913,0.0238,0.0261,used
1fzBfhjgxXFdDk18THCZ,2026,175,175,0.8664,0.0613,0.0707,used
UtEOTzJjrCM7hZfXgKRE,2026,643,643,0.8342,0.0127,0.0152,used
IB9k26TJNtbVLs5x0i20,2026,501,501,0.8736,0.0447,0.0511,used
W2diHmIiKhR3jK8Xk1vr,2026,1412,1412,0.8159,0.013,0.0159,used
iNbassVXlMMBA6fy29DV,2026,639,639,0.9131,0.0192,0.0211,used
aL5yzwK7wsT3zHHb3iaH,2026,989,989,0.8646,0.0362,0.0419,used
ynpNB8go3pns6dWXnHaa,2026,56,56,0.9177,0.0145,0.0158,used
d6LEyhknfD8JlZY1fj78,2026,254,254,0.8129,0.0118,0.0145,used
gbCEG1dAjGZBwZzXk4p9,2026,3063,3063,0.8447,0.0641,0.0759,used
J4h275iDTzfaDB5mKXij,2026,457,457,0.8272,0.0313,0.0379,used
Pv7O96OKDuH6pTqbu6TT,2026,1168,1168,0.8695,0.0714,0.0821,used
odWWEokiq8bKwUX97NpW,2026,917,917,0.6832,0.0773,0.1132,used
1zsdpuFJMBpXF5GTPz4x,2026,693,693,0.8465,0.0335,0.0395,used
MEuXyMsCMrRWoFUz9QK2,2026,147,147,0.872,0.0165,0.0189,used
pnZlGAIrQQMGSl0a3HbO,2026,3569,3569,0.8426,0.0215,0.0255,used
cl6skvEI4VCar0GDzch6,2026,573,573,0.8869,0.0329,0.0372,used
Uo81jMnyjQFDp7IT4Acu,2026,267,267,0.8748,0.0156,0.0179,used
qupKPtjxcbSWIbXc2bCm,2026,565,565,0.9076,0.0124,0.0137,used
pumW6LNsI3T5RD9zW3SI,2026,135,135,0.9162,0.0145,0.0158,used
brbM5GLEISmoIqRkdO2s,2026,191,191,0.8999,0.0162,0.0179,used
HXEGnhPKFWCC6Hny8lkP,2026,2960,2960,0.8917,0.0249,0.0279,used
kl3eHxzisV4Y0eRcmcsP,2026,319,319,0.794,0.0345,0.0434,used
84wWsLweJNKIeKtogS3a,2026,782,782,0.8521,0.0284,0.0334,used
COv0wiCGWG4JsD0sYEW4,2026,1060,1060,0.8152,0.0405,0.0497,used
pcsJj09c17yzqHrERNFW,2026,549,549,0.85,0.0432,0.0508,used
xwqo8oZ0Ei3I7dqYD3A9,2026,342,342,0.874,0.0143,0.0163,used
UF9K8gJ5QIQkYgEH1JXd,2026,218,218,0.8566,0.02,0.0234,used
XtCCVl30ddn9L4HkCY3n,2026,528,528,0.9145,0.0143,0.0157,used
MmEAcGOQCCEq8qosxh56,2026,2728,2728,0.8348,0.0602,0.0721,used
Hk3aYz9j56wbQD4u3rAC,2026,2238,2238,0.871,0.048,0.0551,used
QHOlQ6hep3oeVCNc1g02,2026,164,164,0.6888,0.0537,0.0779,used
w5bt3UWzJUlmXGtXdl3I,2026,474,474,0.9324,0.0172,0.0185,used
