plotId,fieldName,field_area_ha,use_for_stats,stat_zone,n_obs_2019,n_obs_2020,n_obs_2021,n_obs_2022,n_obs_2023,n_obs_2024,n_obs_2025,n_obs_2026,ts_max_MayJul_2019,ts_max_MayJul_2020,ts_max_MayJul_2021,ts_max_MayJul_2022,ts_max_MayJul_2023,ts_max_MayJul_2024,ts_max_MayJul_2025,ts_max_MayJul_2026,peak_p90_2019,peak_p90_2020,peak_p90_2021,peak_p90_2022,peak_p90_2023,peak_p90_2024,peak_p90_2025,peak_p90_2026,n_seasons_used,mean_within_field_cv,n_zone_px,share_stable_high,share_stable_low,share_unstable,share_no_zone,rel_p10,rel_p90,mean_sd_z,cv_2019,cv_2020,cv_2021,cv_2022,cv_2023,cv_2024,cv_2025,cv_2026,status_2019,status_2020,status_2021,status_2022,status_2023,status_2024,status_2025,status_2026
TkoVKpTSKqZkgFLhnPZi,87 Wiese Schenk 1,0.866,True,inner20m,25,33,15,30,23,26,41,38,0.851,0.786,0.831,0.784,0.882,0.852,0.849,0.878,0.794,0.776,0.823,0.779,0.859,0.853,0.842,0.874,8.0,0.0217,50.0,0.52,0.46,0.02,0.0,0.9794,1.0178,0.58,0.0197,0.048,0.0194,0.0162,0.0231,0.0109,0.0235,0.013,used,used,used,used,used,used,used,used
is0B8JToW47kfVAveolx,Abraham,1.235,True,inner20m,25,32,22,33,21,25,42,41,0.851,0.804,0.882,0.867,0.885,0.898,0.858,0.863,0.818,0.765,0.808,0.853,0.847,0.881,0.8,0.846,8.0,0.0479,84.0,0.69,0.286,0.024,0.0,0.9557,1.0316,0.55,0.0412,0.0346,0.0756,0.0289,0.0498,0.02,0.0997,0.0332,used,used,used,used,used,used,used,used
qfwctMauD5WIJyoszRR9,Ackern Viehtrift,48.207,True,inner20m,28,36,17,30,24,27,43,40,0.866,0.813,0.864,0.848,0.881,0.907,0.845,0.831,0.856,0.814,0.867,0.798,0.845,0.86,0.84,0.828,8.0,0.0425,4505.0,0.595,0.258,0.147,0.0,0.9645,1.0253,0.704,0.032,0.0706,0.0312,0.027,0.0631,0.0479,0.0446,0.0239,used,used,used,used,used,used,used,used
I7qeeMAEhSlZI8U0T3Bn,Ackern Viehtrift (ÖVF),0.576,True,inner20m,28,34,16,28,24,27,42,36,0.873,0.875,0.919,0.888,0.915,0.897,0.907,0.916,0.858,0.873,0.907,0.858,0.899,0.881,0.902,0.903,8.0,0.0145,28.0,0.607,0.393,0.0,0.0,0.9861,1.0115,0.454,0.024,0.0173,0.0114,0.0138,0.0138,0.0171,0.0061,0.0124,used,used,used,used,used,used,used,used
pSFJ4nrCmrvraJDKb00b,Allerwiese,2.033,True,inner20m,23,36,19,30,20,26,42,41,0.921,0.842,0.942,0.631,0.895,0.883,0.89,0.921,0.916,0.836,0.937,0.616,0.878,0.651,0.772,0.917,8.0,0.0478,136.0,0.529,0.382,0.088,0.0,0.9729,1.0282,0.629,0.0078,0.0077,0.0087,0.1123,0.0261,0.1189,0.0872,0.0133,used,used,used,used,used,used,used,used
1OQ4PxgDMhzuGvGxEKgU,Altenaer Weg,4.367,True,inner20m,25,34,18,32,22,26,44,42,0.92,0.894,0.899,0.873,0.895,0.916,0.872,0.895,0.903,0.894,0.852,0.796,0.89,0.856,0.835,0.876,8.0,0.0518,356.0,0.528,0.343,0.129,0.0,0.9549,1.0391,0.663,0.0124,0.0292,0.0678,0.1064,0.026,0.0538,0.0849,0.0337,used,used,used,used,used,used,used,used
eRUpDdp3t0hDOvbfBOTT,Am Wehr,1.769,True,inner20m,27,32,17,28,24,26,38,39,0.904,0.914,0.904,0.875,0.905,0.903,0.914,0.904,0.886,0.906,0.899,0.871,0.848,0.901,0.901,0.902,8.0,0.0128,118.0,0.669,0.331,0.0,0.0,0.989,1.008,0.417,0.0106,0.0105,0.0058,0.0166,0.0257,0.0068,0.0103,0.0157,used,used,used,used,used,used,used,used
2viqhL8AO4rRHAMh5Fqq,Berg,16.894,True,inner20m,29,32,20,28,20,27,41,39,0.886,0.8,0.862,0.827,0.882,0.895,0.87,0.929,0.867,0.784,0.857,0.731,0.877,0.834,0.743,0.917,8.0,0.0713,1496.0,0.457,0.337,0.207,0.0,0.9551,1.037,0.797,0.031,0.1541,0.0357,0.1095,0.0417,0.0468,0.1305,0.0212,used,used,used,used,used,used,used,used
FzvWonz6fmJVLZRzMyZX,Bocksenden,3.474,True,inner20m,26,32,20,30,23,27,41,38,0.875,0.908,0.866,0.773,0.891,0.853,0.825,0.875,0.856,0.902,0.86,0.662,0.879,0.834,0.792,0.829,8.0,0.0569,253.0,0.549,0.423,0.028,0.0,0.9314,1.0549,0.455,0.0375,0.0195,0.0412,0.1196,0.0263,0.0399,0.077,0.0944,used,used,used,used,used,used,used,used
JkAxAL5GaTSXU2ODAuOf,Buchhorn,4.423,True,inner20m,24,34,17,32,25,25,42,38,0.867,0.688,0.885,0.837,0.806,0.868,0.83,0.901,0.855,0.693,0.867,0.816,0.781,0.857,0.788,0.893,8.0,0.0372,337.0,0.576,0.246,0.178,0.0,0.9749,1.0183,0.715,0.028,0.0413,0.0399,0.0489,0.0214,0.027,0.079,0.0119,used,used,used,used,used,used,used,used
nj4lokNHppOIxLC2RKrG,Cawi-Wiese,5.175,True,inner20m,25,34,16,36,22,26,39,38,0.867,0.876,0.902,0.856,0.886,0.888,0.86,0.877,0.854,0.865,0.9,0.842,0.87,0.883,0.85,0.874,8.0,0.0264,396.0,0.495,0.429,0.076,0.0,0.9729,1.0245,0.641,0.027,0.0271,0.0157,0.0444,0.0242,0.0213,0.0193,0.0319,used,used,used,used,used,used,used,used
taUMfE6fZvJxC3Zet5uK,Diecke 1,3.833,True,inner20m,25,35,16,33,23,26,42,39,0.856,0.928,0.913,0.885,0.916,0.908,0.874,0.83,0.856,0.922,0.891,0.822,0.916,0.806,0.865,0.821,8.0,0.0397,292.0,0.548,0.318,0.134,0.0,0.9717,1.0244,0.663,0.0399,0.0089,0.0123,0.0567,0.0137,0.0941,0.0643,0.0275,used,used,used,used,used,used,used,used
ZT7D0N8Dl4TnHlHMDQPI,Diecke 2,6.038,True,inner20m,25,35,16,33,25,25,42,38,0.896,0.932,0.901,0.878,0.919,0.913,0.89,0.847,0.887,0.927,0.89,0.837,0.91,0.817,0.874,0.84,8.0,0.0287,508.0,0.63,0.283,0.087,0.0,0.9778,1.0183,0.585,0.0259,0.0053,0.0132,0.0418,0.0132,0.068,0.0443,0.018,used,used,used,used,used,used,used,used
YJqbIYddF2V248sa23Cy,Eichenkoppel,0.454,False,full_field_fallback,25,35,17,34,24,27,40,39,0.877,0.815,0.898,0.85,0.875,0.904,0.878,0.906,,,,,,,,,,,,,,,,,,,,,,,,,,,,,,,,,,
bHW29On9ilbohdl51gQ6,Großer Fleck,11.257,True,inner20m,25,33,18,32,24,28,41,41,0.861,0.898,0.91,0.909,0.901,0.902,0.916,0.82,0.806,0.877,0.89,0.891,0.853,0.861,0.903,0.799,8.0,0.0372,988.0,0.617,0.309,0.074,0.0,0.9567,1.0297,0.563,0.0553,0.0271,0.0262,0.0265,0.0416,0.0345,0.0228,0.0633,used,used,used,used,used,used,used,used
y7yHeXkyCRybIj7aUk0L,Helmecken Kamp,5.027,True,inner20m,25,33,17,28,23,28,42,40,0.905,0.876,0.88,0.85,0.857,0.898,0.877,0.934,0.89,0.872,0.874,0.768,0.859,0.816,0.717,0.922,8.0,0.056,415.0,0.658,0.243,0.099,0.0,0.9372,1.0398,0.635,0.0249,0.0209,0.0207,0.0965,0.0387,0.0568,0.1635,0.0264,used,used,used,used,used,used,used,used
MoYIfvnid4wXBDha0wJ3,Heuweg,1.474,True,inner20m,23,29,20,31,24,28,40,40,0.898,0.92,0.906,0.902,0.906,0.894,0.844,0.916,0.875,0.918,0.82,0.824,0.882,0.879,0.667,0.91,8.0,0.0382,91.0,0.56,0.308,0.132,0.0,0.958,1.0235,0.679,0.0265,0.004,0.0874,0.0282,0.0133,0.0205,0.1085,0.0173,used,used,used,used,used,used,used,used
gQLroZHYi7Prh9NBS6An,Hofbreite,20.69,True,inner20m,25,35,17,35,23,27,41,38,0.78,0.898,0.899,0.832,0.883,0.87,0.887,0.914,0.714,0.884,0.813,0.82,0.868,0.862,0.788,0.897,8.0,0.067,1864.0,0.506,0.329,0.164,0.0,0.9571,1.0393,0.784,0.1169,0.0262,0.1067,0.0437,0.033,0.0348,0.1485,0.0259,used,used,used,used,used,used,used,used
qWDBs4wPcZ49VORemTmL,Hofbreite Seggerde,13.82,True,inner20m,26,32,18,27,23,27,41,38,0.911,0.838,0.872,0.872,0.88,0.911,0.863,0.947,0.9,0.832,0.876,0.778,0.874,0.868,0.765,0.936,8.0,0.0613,1237.0,0.587,0.266,0.147,0.0,0.9497,1.0364,0.69,0.0184,0.1329,0.025,0.0918,0.0615,0.0412,0.1034,0.0164,used,used,used,used,used,used,used,used
h2NQluewXRLwf0izPlUq,Kampwiese,10.861,True,inner20m,28,34,19,30,23,26,39,42,0.896,0.89,0.89,0.838,0.885,0.881,0.86,0.891,0.875,0.888,0.888,0.831,0.847,0.881,0.852,0.886,8.0,0.0337,912.0,0.546,0.39,0.064,0.0,0.9669,1.0282,0.518,0.0363,0.0313,0.0306,0.0411,0.05,0.0208,0.0362,0.0232,used,used,used,used,used,used,used,used
0abhR8nOp0L5JtP5RDft,Kantorplan,13.816,True,inner20m,26,35,18,33,26,29,40,36,0.779,0.794,0.885,0.848,0.853,0.865,0.849,0.907,0.743,0.762,0.823,0.84,0.832,0.827,0.578,0.901,8.0,0.079,1224.0,0.636,0.302,0.061,0.0,0.9159,1.0609,0.59,0.1108,0.0823,0.0939,0.0519,0.041,0.0678,0.1589,0.025,used,used,used,used,used,used,used,used
ekKNAhSNPwYXsWdp39pw,Kaserne,0.7,True,inner20m,28,34,14,31,24,28,42,39,0.881,0.866,0.8,0.883,0.881,0.81,0.811,0.896,0.866,0.838,0.759,0.853,0.859,0.824,0.794,0.889,8.0,0.0277,29.0,0.586,0.345,0.069,0.0,0.9804,1.016,0.683,0.0269,0.0409,0.0306,0.0144,0.0114,0.0483,0.0353,0.0136,used,used,used,used,used,used,used,used
jEXQY4jCuRRx6nDm5mXD,Klapperberg,5.062,True,inner20m,26,33,19,34,22,27,39,41,0.849,0.88,0.884,0.904,0.897,0.878,0.776,0.863,0.801,0.872,0.874,0.867,0.876,0.867,0.76,0.855,8.0,0.04,405.0,0.595,0.373,0.032,0.0,0.9618,1.0355,0.484,0.0503,0.0279,0.0342,0.0333,0.022,0.0295,0.0707,0.0524,used,used,used,used,used,used,used,used
a9qeH7mBu4I8g6ME1LJj,Klinzer Brache,1.603,True,inner20m,23,35,18,28,25,23,42,41,0.69,0.633,0.716,0.664,0.707,0.703,0.654,0.698,0.653,0.605,0.713,0.657,0.661,0.708,0.654,0.694,8.0,0.0541,113.0,0.478,0.522,0.0,0.0,0.9352,1.0682,0.384,0.0634,0.0669,0.0414,0.0426,0.0538,0.0501,0.0601,0.0548,used,used,used,used,used,used,used,used
IGAaxDTF2gNapWupigxU,Klinzerbreite,27.892,True,inner20m,25,33,15,29,24,26,40,37,0.912,0.8,0.843,0.88,0.824,0.883,0.815,0.891,0.895,0.803,0.845,0.871,0.797,0.878,0.778,0.839,8.0,0.0469,2563.0,0.523,0.422,0.055,0.0,0.9569,1.045,0.607,0.0222,0.0533,0.0671,0.0272,0.0385,0.0345,0.066,0.0663,used,used,used,used,used,used,used,used
WE5wmmGDOWQEBDwHOa11,Kotenphöre,3.722,True,inner20m,26,36,19,34,24,25,42,38,0.814,0.886,0.829,0.799,0.77,0.813,0.616,0.689,0.807,0.874,0.834,0.746,0.798,0.68,0.63,0.703,8.0,0.1025,290.0,0.59,0.272,0.138,0.0,0.8886,1.0774,0.692,0.1042,0.086,0.0687,0.145,0.096,0.0984,0.1028,0.1192,used,used,used,used,used,used,used,used
9cRMOK3r8fyh9P39IPRN,Krautstemme,8.667,True,inner20m,24,31,19,30,23,28,42,41,0.879,0.856,0.9,0.793,0.838,0.855,0.82,0.867,0.868,0.851,0.892,0.778,0.826,0.864,0.826,0.862,8.0,0.0245,743.0,0.472,0.415,0.113,0.0,0.9804,1.0182,0.646,0.0151,0.026,0.014,0.0417,0.0356,0.0149,0.0267,0.0221,used,used,used,used,used,used,used,used
5bsD33dPxIEykTIzWmSC,Krügerbreite,13.518,True,inner20m,24,34,19,28,22,26,42,39,0.822,0.901,0.887,0.804,0.877,0.903,0.784,0.876,0.799,0.89,0.863,0.71,0.853,0.821,0.578,0.866,8.0,0.0635,1205.0,0.495,0.392,0.113,0.0,0.9544,1.0588,0.67,0.0548,0.0327,0.036,0.1062,0.0193,0.102,0.1383,0.0188,used,used,used,used,used,used,used,used
rxei8iAceEdX5gBHki5T,Kurze Enden hinter Biogas,2.673,True,inner20m,24,34,17,33,22,29,39,43,0.836,0.886,0.909,0.896,0.882,0.908,0.825,0.718,0.781,0.865,0.883,0.862,0.802,0.876,0.597,0.685,8.0,0.0476,197.0,0.579,0.305,0.117,0.0,0.9512,1.0333,0.643,0.0559,0.0121,0.0213,0.0345,0.068,0.0282,0.0816,0.0796,used,used,used,used,used,used,used,used
79BkepicjzH7z2nhsdkd,Kurze Enden vor Biogas,3.095,True,inner20m,23,31,18,35,23,27,41,40,0.754,0.873,0.839,0.844,0.821,0.563,0.586,0.669,0.704,0.848,0.837,0.664,0.7,0.55,0.56,0.661,8.0,0.0516,243.0,0.379,0.519,0.103,0.0,0.9625,1.0481,0.676,0.1107,0.0203,0.0237,0.0438,0.0465,0.0553,0.0546,0.058,used,used,used,used,used,used,used,used
Y2WW5OvI6C3WYloisd9c,Kälbergehege,29.876,True,inner20m,27,33,16,28,25,27,43,36,0.87,0.736,0.892,0.856,0.807,0.865,0.875,0.871,0.847,0.609,0.88,0.838,0.791,0.86,0.623,0.864,8.0,0.0462,2773.0,0.49,0.382,0.128,0.0,0.961,1.0371,0.715,0.026,0.0979,0.0267,0.0238,0.0268,0.0265,0.1222,0.0195,used,used,used,used,used,used,used,used
9VPFUO3k8opLMOQhg60g,Kälbergehege Brache,13.366,True,inner20m,26,34,15,27,24,25,41,38,0.836,0.723,0.888,0.842,0.767,0.685,0.653,0.768,0.819,0.578,0.874,0.824,0.748,0.686,0.658,0.765,8.0,0.0472,1182.0,0.455,0.448,0.096,0.0,0.9564,1.043,0.66,0.0258,0.0903,0.0303,0.0197,0.0496,0.0478,0.0733,0.0407,used,used,used,used,used,used,used,used
OrZyEaocNnb6dzCesjwJ,Lange Wiese,20.006,True,inner20m,29,37,18,29,22,26,43,39,0.879,0.852,0.872,0.801,0.879,0.876,0.824,0.881,0.86,0.823,0.863,0.797,0.848,0.875,0.818,0.876,8.0,0.0263,1722.0,0.527,0.465,0.008,0.0,0.9707,1.0258,0.522,0.0196,0.0311,0.0228,0.0455,0.0218,0.02,0.032,0.0175,used,used,used,used,used,used,used,used
FEoX6rOUBNzOxytqKgyG,Lange Wiese Schonfläche,1.41,False,full_field_fallback,29,35,21,29,22,26,44,38,0.871,0.831,0.88,0.804,0.882,0.856,0.78,0.876,,,,,,,,,,,,,,,,,,,,,,,,,,,,,,,,,,
CWqLytrVDthrGwd7bXTY,Langes Feld,25.718,True,inner20m,25,31,19,29,24,25,45,39,0.822,0.811,0.84,0.77,0.858,0.823,0.876,0.886,0.807,0.772,0.846,0.726,0.863,0.823,0.865,0.876,8.0,0.0541,2373.0,0.61,0.269,0.121,0.0,0.9469,1.0386,0.642,0.0646,0.0697,0.027,0.0998,0.0525,0.0475,0.0377,0.0338,used,used,used,used,used,used,used,used
Hg95tRlOaZmzxET3q3UO,Langes Feld Brache,7.093,True,inner20m,24,33,20,28,24,27,41,38,0.796,0.697,0.837,0.85,0.836,0.702,0.688,0.748,0.75,0.684,0.841,0.745,0.806,0.661,0.686,0.754,8.0,0.0736,578.0,0.45,0.471,0.08,0.0,0.9229,1.0805,0.618,0.0937,0.1133,0.0264,0.0923,0.0527,0.0484,0.1038,0.0582,used,used,used,used,used,used,used,used
f4W9xRTLDbTeL2lDlKTU,Lehmkuhle,1.114,False,full_field_fallback,24,29,18,30,23,27,43,38,0.75,0.868,0.829,0.775,0.846,0.601,0.669,0.701,,,,,,,,,,,,,,,,,,,,,,,,,,,,,,,,,,
tYx3FXAoCMdYPtKeQjFN,Mackendorfer Wege,8.162,True,inner20m,24,33,20,32,24,31,40,37,0.875,0.871,0.891,0.852,0.868,0.863,0.84,0.875,0.832,0.853,0.872,0.846,0.87,0.847,0.621,0.856,8.0,0.0541,688.0,0.539,0.381,0.08,0.0,0.9411,1.057,0.629,0.0267,0.0266,0.0269,0.044,0.038,0.0499,0.1628,0.0581,used,used,used,used,used,used,used,used
ljsxaVBzA5HBl1D5Edhm,Masch,24.006,True,inner20m,28,32,15,33,22,27,42,38,0.814,0.856,0.933,0.904,0.918,0.879,0.843,0.889,0.79,0.848,0.912,0.895,0.902,0.861,0.826,0.849,8.0,0.0482,2209.0,0.657,0.239,0.104,0.0,0.9472,1.0275,0.533,0.0937,0.0416,0.0187,0.0272,0.0309,0.0675,0.016,0.0902,used,used,used,used,used,used,used,used
nIRNtdWeCZR3y5LQgvh1,Milchkoppel,26.609,True,inner20m,28,32,16,32,24,23,39,42,0.881,0.86,0.881,0.814,0.869,0.885,0.841,0.894,0.878,0.872,0.881,0.825,0.866,0.89,0.846,0.89,8.0,0.0335,2314.0,0.585,0.409,0.006,0.0,0.9656,1.0333,0.457,0.026,0.0425,0.0334,0.0511,0.034,0.0175,0.0369,0.0268,used,used,used,used,used,used,used,used
SEo2xyfcqiAjoec8ZXXa,Mittelbreite,54.367,True,inner20m,27,36,19,27,25,28,42,40,0.817,0.728,0.869,0.858,0.862,0.851,0.84,0.926,0.874,0.725,0.861,0.845,0.856,0.843,0.826,0.921,8.0,0.0425,5133.0,0.548,0.312,0.14,0.0,0.9659,1.0284,0.669,0.0507,0.0654,0.013,0.0425,0.0696,0.0534,0.0264,0.0188,used,used,used,used,used,used,used,used
88abKCvrysJUdBXSIMe0,Mühlenbreite (+),26.196,True,inner20m,23,32,12,32,23,27,38,37,0.853,0.741,0.852,0.854,0.848,0.889,0.856,0.842,0.854,0.745,0.848,0.796,0.843,0.826,0.838,0.836,8.0,0.052,2396.0,0.548,0.307,0.146,0.0,0.9568,1.0364,0.731,0.0406,0.1248,0.039,0.0414,0.0399,0.0747,0.0369,0.0186,used,used,used,used,used,used,used,used
Dv81H1bYj7y0UjXICYs6,Nachthude 1,0.471,False,full_field_fallback,25,35,19,30,21,26,42,40,0.868,0.819,0.908,0.562,0.754,0.726,0.69,0.851,,,,,,,,,,,,,,,,,,,,,,,,,,,,,,,,,,
05Zp3McBgcXoEISDl6Cy,Nachthude 2,1.568,True,inner20m,26,33,20,28,20,25,43,42,0.926,0.81,0.921,0.766,0.88,0.87,0.853,0.919,0.923,0.803,0.919,0.725,0.849,0.662,0.717,0.913,8.0,0.0413,84.0,0.524,0.429,0.048,0.0,0.9734,1.0352,0.639,0.0051,0.021,0.0083,0.0535,0.0195,0.0866,0.1232,0.0129,used,used,used,used,used,used,used,used
Z4APzDVDayA0EuGFl34V,Nachthude 3,0.711,True,inner20m,26,33,22,31,20,27,44,41,0.924,0.803,0.914,0.785,0.894,0.9,0.883,0.921,0.913,0.794,0.909,0.733,0.866,0.756,0.817,0.92,8.0,0.0355,36.0,0.472,0.444,0.083,0.0,0.9709,1.0325,0.562,0.0083,0.0122,0.0118,0.0566,0.0301,0.0901,0.0634,0.0115,used,used,used,used,used,used,used,used
xt5iT7ph4MKOPlXTg3wu,Niendorferberg,16.703,True,inner20m,24,32,19,33,23,29,42,38,0.846,0.905,0.893,0.859,0.887,0.887,0.88,0.811,0.799,0.891,0.855,0.851,0.872,0.877,0.765,0.793,8.0,0.0501,1513.0,0.584,0.269,0.147,0.0,0.953,1.034,0.672,0.0832,0.0224,0.0302,0.0265,0.0314,0.0293,0.1113,0.0667,used,used,used,used,used,used,used,used
p7RF8DS5rABbq6R41FBP,Papenberg,21.063,True,inner20m,25,32,19,32,22,25,43,38,0.837,0.806,0.909,0.87,0.866,0.912,0.891,0.923,0.817,0.787,0.894,0.865,0.854,0.89,0.871,0.908,8.0,0.0405,1906.0,0.593,0.303,0.103,0.0,0.9669,1.0271,0.584,0.0462,0.053,0.0126,0.0296,0.0652,0.0315,0.064,0.0222,used,used,used,used,used,used,used,used
SEHa2ajk36SOAbNqgUET,Papenberg Brache,0.823,False,full_field_fallback,24,31,19,32,22,25,41,37,0.843,0.768,0.829,0.814,0.821,0.827,0.82,0.842,,,,,,,,,,,,,,,,,,,,,,,,,,,,,,,,,,
B8GsQyOZRxcbQ0Oz1gwU,Parkwiese,0.019,False,full_field_fallback,28,31,17,33,24,24,39,40,0.881,0.908,0.915,0.882,0.893,0.912,0.882,0.903,,,,,,,,,,,,,,,,,,,,,,,,,,,,,,,,,,
zYBVGO615SLhL4PBBppY,Pferdekoppel,1.796,True,inner20m,26,34,20,32,22,25,40,41,0.836,0.806,0.854,0.805,0.836,0.842,0.78,0.829,0.824,0.806,0.848,0.788,0.817,0.847,0.796,0.831,8.0,0.0747,104.0,0.423,0.577,0.0,0.0,0.9093,1.0953,0.28,0.0558,0.0734,0.0539,0.0939,0.0749,0.06,0.0914,0.0942,used,used,used,used,used,used,used,used
Ki5DYxbNODWB78mucar7,Plantage,6.957,True,inner20m,27,34,15,29,23,26,42,35,0.904,0.848,0.854,0.828,0.856,0.909,0.876,0.92,0.89,0.851,0.866,0.73,0.833,0.851,0.694,0.913,8.0,0.0576,578.0,0.438,0.37,0.192,0.0,0.9452,1.0527,0.728,0.0235,0.0386,0.0302,0.0979,0.0449,0.0285,0.178,0.019,used,used,used,used,used,used,used,used
y2PFgZVFpXfqZ21XEBiz,Porzelle,1.053,True,inner20m,24,33,17,28,22,24,39,41,0.878,0.892,0.915,0.829,0.912,0.876,0.809,0.873,0.856,0.867,0.91,0.826,0.875,0.869,0.804,0.864,8.0,0.0151,67.0,0.537,0.418,0.045,0.0,0.9902,1.0084,0.528,0.0174,0.0161,0.0119,0.0244,0.0127,0.0115,0.0165,0.0103,used,used,used,used,used,used,used,used
C63w3X4vgN15ySLntdWh,Pumpmühlensee,6.851,True,inner20m,24,33,18,31,22,27,43,38,0.781,0.794,0.929,0.87,0.842,0.849,0.847,0.848,0.749,0.769,0.887,0.863,0.831,0.823,0.832,0.788,8.0,0.0708,576.0,0.622,0.25,0.128,0.0,0.9275,1.0509,0.563,0.0774,0.0948,0.0398,0.0232,0.0412,0.0791,0.0302,0.1811,used,used,used,used,used,used,used,used
4jwoETVJIql7CxMQk6s5,Ribbensdorf,15.115,True,inner20m,24,34,12,31,23,25,39,37,0.867,0.837,0.849,0.839,0.865,0.858,0.84,0.916,0.852,0.819,0.848,0.791,0.802,0.835,0.594,0.913,8.0,0.0731,1348.0,0.595,0.279,0.126,0.0,0.9313,1.0478,0.652,0.0502,0.076,0.0605,0.0931,0.0676,0.0498,0.1615,0.0261,used,used,used,used,used,used,used,used
1fzBfhjgxXFdDk18THCZ,Ribbensdorf Grünland,2.387,True,inner20m,27,36,16,32,26,26,42,38,0.863,0.863,0.859,0.747,0.852,0.835,0.853,0.862,0.811,0.818,0.846,0.743,0.746,0.842,0.835,0.866,8.0,0.084,175.0,0.594,0.371,0.034,0.0,0.917,1.061,0.597,0.0739,0.0846,0.035,0.1073,0.1186,0.0922,0.0897,0.0707,used,used,used,used,used,used,used,used
UtEOTzJjrCM7hZfXgKRE,Rohwiese,8.005,True,inner20m,24,29,17,31,21,26,38,38,0.92,0.91,0.891,0.906,0.864,0.921,0.856,0.843,0.898,0.895,0.849,0.887,0.854,0.832,0.851,0.834,8.0,0.0391,643.0,0.574,0.314,0.112,0.0,0.9604,1.0327,0.557,0.0219,0.0234,0.0821,0.0163,0.038,0.0792,0.0369,0.0152,used,used,used,used,used,used,used,used
IB9k26TJNtbVLs5x0i20,Rotten,6.017,True,inner20m,26,36,17,33,25,25,40,39,0.855,0.91,0.897,0.846,0.895,0.83,0.873,0.893,0.852,0.903,0.895,0.829,0.878,0.818,0.724,0.874,8.0,0.0478,501.0,0.587,0.347,0.066,0.0,0.9396,1.0456,0.596,0.0409,0.0241,0.0217,0.0416,0.033,0.0419,0.1283,0.0511,used,used,used,used,used,used,used,used
W2diHmIiKhR3jK8Xk1vr,Röken,15.614,True,inner20m,25,34,18,28,22,27,41,38,0.845,0.816,0.869,0.72,0.575,0.91,0.864,0.827,0.834,0.818,0.865,0.7,0.413,0.876,0.859,0.816,8.0,0.0512,1412.0,0.503,0.319,0.178,0.0,0.9732,1.0277,0.786,0.0363,0.0232,0.0235,0.0806,0.1604,0.0397,0.0303,0.0159,used,used,used,used,used,used,used,used
iNbassVXlMMBA6fy29DV,Saalsdorfer Breite,7.506,True,inner20m,25,32,19,31,20,29,42,39,0.912,0.861,0.862,0.776,0.886,0.904,0.856,0.928,0.897,0.843,0.861,0.672,0.876,0.84,0.663,0.913,8.0,0.0806,639.0,0.57,0.318,0.113,0.0,0.9043,1.0751,0.579,0.0186,0.0852,0.0255,0.2211,0.0415,0.0397,0.1922,0.0211,used,used,used,used,used,used,used,used
aL5yzwK7wsT3zHHb3iaH,Sandberg,11.285,True,inner20m,27,33,15,32,23,26,39,40,0.883,0.72,0.858,0.766,0.89,0.85,0.805,0.881,0.862,0.721,0.849,0.774,0.832,0.839,0.803,0.865,8.0,0.0616,989.0,0.573,0.304,0.122,0.0,0.9418,1.0431,0.661,0.0292,0.085,0.0136,0.1563,0.0841,0.059,0.0237,0.0419,used,used,used,used,used,used,used,used
xtMqrquNCdC21lZ0NMYI,Sandberg - 2,0.006,False,full_field_fallback,26,31,16,33,23,27,38,41,0.862,0.735,0.838,0.608,0.64,0.806,0.784,0.827,,,,,,,,,,,,,,,,,,,,,,,,,,,,,,,,,,
ynpNB8go3pns6dWXnHaa,Schleuse,0.944,True,inner20m,23,33,17,32,23,25,40,41,0.935,0.809,0.924,0.748,0.87,0.884,0.887,0.924,0.921,0.801,0.919,0.7,0.854,0.72,0.73,0.918,8.0,0.0508,56.0,0.607,0.393,0.0,0.0,0.9385,1.0403,0.569,0.0093,0.0167,0.0103,0.0463,0.0257,0.151,0.131,0.0158,used,used,used,used,used,used,used,used
d6LEyhknfD8JlZY1fj78,Schäferberg,3.326,True,inner20m,23,30,17,29,22,26,37,39,0.917,0.89,0.864,0.904,0.916,0.782,0.866,0.82,0.898,0.886,0.678,0.885,0.897,0.762,0.849,0.813,8.0,0.0528,254.0,0.563,0.378,0.059,0.0,0.96,1.0467,0.569,0.0118,0.0104,0.2663,0.0127,0.0146,0.0602,0.032,0.0145,used,used,used,used,used,used,used,used
gbCEG1dAjGZBwZzXk4p9,See,33.105,True,inner20m,28,33,19,32,24,28,41,40,0.764,0.814,0.926,0.875,0.887,0.875,0.829,0.881,0.748,0.797,0.893,0.866,0.883,0.864,0.823,0.845,8.0,0.0572,3063.0,0.655,0.279,0.066,0.0,0.9457,1.041,0.523,0.1181,0.0707,0.0278,0.0367,0.0495,0.0441,0.0347,0.0759,used,used,used,used,used,used,used,used
J4h275iDTzfaDB5mKXij,Seewiese,5.505,True,inner20m,24,35,19,29,22,26,42,39,0.724,0.817,0.912,0.887,0.89,0.892,0.845,0.866,0.695,0.813,0.884,0.878,0.867,0.862,0.834,0.827,8.0,0.0398,457.0,0.578,0.311,0.112,0.0,0.9697,1.0256,0.724,0.1073,0.0421,0.0227,0.0244,0.0297,0.039,0.0151,0.0379,used,used,used,used,used,used,used,used
Pv7O96OKDuH6pTqbu6TT,Silbersee,13.701,True,inner20m,27,30,21,28,20,28,41,40,0.797,0.796,0.844,0.809,0.852,0.863,0.848,0.875,0.792,0.803,0.844,0.81,0.847,0.866,0.842,0.87,8.0,0.0841,1168.0,0.714,0.273,0.013,0.0,0.9004,1.0566,0.311,0.1071,0.0744,0.0725,0.1003,0.0795,0.0704,0.0865,0.0821,used,used,used,used,used,used,used,used
odWWEokiq8bKwUX97NpW,Specksbreite Brache,10.508,True,inner20m,26,32,18,28,24,26,41,38,0.642,0.506,0.618,0.538,0.674,0.64,0.579,0.67,0.65,0.529,0.636,0.556,0.578,0.656,0.58,0.683,8.0,0.1355,917.0,0.409,0.545,0.046,0.0,0.8713,1.1469,0.422,0.1261,0.1818,0.1281,0.1555,0.1661,0.1005,0.1125,0.1132,used,used,used,used,used,used,used,used
1zsdpuFJMBpXF5GTPz4x,Specksbreite Groß,8.198,True,inner20m,27,33,16,27,24,26,40,39,0.836,0.743,0.833,0.555,0.861,0.897,0.621,0.852,0.816,0.755,0.803,0.59,0.773,0.832,0.619,0.846,8.0,0.0916,693.0,0.45,0.429,0.121,0.0,0.9135,1.0691,0.746,0.0681,0.1789,0.044,0.1906,0.0854,0.0552,0.0715,0.0395,used,used,used,used,used,used,used,used
MEuXyMsCMrRWoFUz9QK2,Specksbreite Klein,2.121,True,inner20m,27,33,15,29,20,27,39,40,0.631,0.878,0.793,0.582,0.887,0.902,0.596,0.883,0.616,0.872,0.792,0.561,0.83,0.837,0.574,0.872,8.0,0.0609,147.0,0.517,0.463,0.02,0.0,0.9386,1.0635,0.538,0.0809,0.0332,0.0413,0.0774,0.0381,0.0631,0.1341,0.0189,used,used,used,used,used,used,used,used
pnZlGAIrQQMGSl0a3HbO,Spraken,38.837,True,inner20m,26,32,16,34,22,28,39,40,0.91,0.858,0.823,0.854,0.85,0.868,0.854,0.831,0.875,0.844,0.824,0.798,0.86,0.852,0.856,0.843,8.0,0.0398,3569.0,0.612,0.252,0.136,0.0,0.9689,1.0231,0.653,0.0264,0.0499,0.0446,0.0362,0.0331,0.0594,0.0431,0.0255,used,used,used,used,used,used,used,used
cl6skvEI4VCar0GDzch6,Springphör,6.974,True,inner20m,23,29,18,33,24,25,41,41,0.893,0.627,0.626,0.864,0.699,0.903,0.859,0.904,0.868,0.808,0.838,0.861,0.871,0.792,0.82,0.887,8.0,0.0716,573.0,0.548,0.271,0.182,0.0,0.9439,1.0403,0.779,0.0412,0.1405,0.1,0.0448,0.0319,0.093,0.0838,0.0372,used,used,used,used,used,used,used,used
Uo81jMnyjQFDp7IT4Acu,Steinberg,3.77,True,inner20m,24,27,20,32,20,26,43,42,0.915,0.869,0.876,0.816,0.878,0.903,0.861,0.889,0.9,0.868,0.855,0.76,0.848,0.886,0.798,0.875,8.0,0.0244,267.0,0.483,0.382,0.135,0.0,0.9834,1.0151,0.714,0.0106,0.0282,0.0156,0.046,0.0254,0.0187,0.0331,0.0179,used,used,used,used,used,used,used,used
qupKPtjxcbSWIbXc2bCm,Stemmen,6.71,True,inner20m,27,34,16,28,24,26,39,41,0.888,0.893,0.914,0.888,0.876,0.902,0.894,0.905,0.895,0.886,0.918,0.89,0.885,0.902,0.894,0.908,8.0,0.0188,565.0,0.556,0.386,0.058,0.0,0.9845,1.0129,0.598,0.0252,0.0219,0.0174,0.0162,0.0241,0.014,0.0183,0.0137,used,used,used,used,used,used,used,used
pumW6LNsI3T5RD9zW3SI,Tomatenacker,1.982,True,inner20m,24,29,20,31,20,24,43,41,0.888,0.884,0.883,0.875,0.864,0.878,0.883,0.928,0.871,0.857,0.843,0.864,0.845,0.868,0.839,0.916,8.0,0.0323,135.0,0.422,0.407,0.17,0.0,0.9766,1.0223,0.694,0.0289,0.0334,0.0258,0.0443,0.0362,0.0254,0.0487,0.0158,used,used,used,used,used,used,used,used
brbM5GLEISmoIqRkdO2s,Umfeld Bredau,2.603,True,inner20m,22,33,16,31,21,27,42,40,0.903,0.932,0.913,0.886,0.908,0.887,0.919,0.913,0.887,0.925,0.898,0.865,0.889,0.867,0.873,0.9,8.0,0.0315,191.0,0.686,0.257,0.058,0.0,0.9706,1.0181,0.48,0.0197,0.0071,0.0139,0.0403,0.0536,0.0313,0.0684,0.0179,used,used,used,used,used,used,used,used
HXEGnhPKFWCC6Hny8lkP,Umfeld Groß,31.864,True,inner20m,26,34,17,32,23,29,42,40,0.879,0.815,0.917,0.869,0.894,0.894,0.848,0.902,0.847,0.816,0.902,0.856,0.893,0.88,0.804,0.892,8.0,0.0396,2960.0,0.535,0.35,0.116,0.0,0.9681,1.0316,0.589,0.0353,0.0453,0.0135,0.0341,0.0362,0.0462,0.0781,0.0279,used,used,used,used,used,used,used,used
kl3eHxzisV4Y0eRcmcsP,Umfeld Klein,4.006,True,inner20m,25,32,16,33,22,29,41,39,0.823,0.91,0.912,0.891,0.897,0.893,0.92,0.799,0.777,0.884,0.896,0.872,0.831,0.816,0.898,0.794,8.0,0.0338,319.0,0.511,0.367,0.122,0.0,0.9743,1.0255,0.682,0.067,0.0146,0.0158,0.022,0.0425,0.0466,0.0181,0.0434,used,used,used,used,used,used,used,used
84wWsLweJNKIeKtogS3a,Umfeldwiese,9.18,True,inner20m,22,33,17,30,23,25,42,39,0.912,0.892,0.899,0.871,0.85,0.841,0.882,0.873,0.89,0.877,0.894,0.767,0.833,0.831,0.876,0.852,8.0,0.035,782.0,0.546,0.339,0.115,0.0,0.9701,1.0263,0.616,0.0192,0.0419,0.0204,0.0637,0.041,0.0336,0.0266,0.0334,used,used,used,used,used,used,used,used
COv0wiCGWG4JsD0sYEW4,vor den Luken,12.042,True,inner20m,25,29,17,28,24,28,41,38,0.867,0.899,0.83,0.892,0.908,0.915,0.916,0.814,0.818,0.881,0.835,0.876,0.88,0.884,0.904,0.815,8.0,0.0304,1060.0,0.588,0.275,0.138,0.0,0.9704,1.0223,0.654,0.0433,0.0146,0.0285,0.0303,0.022,0.0297,0.0254,0.0497,used,used,used,used,used,used,used,used
pcsJj09c17yzqHrERNFW,vor den Tannen,6.657,True,inner20m,25,33,18,28,24,28,43,38,0.852,0.893,0.86,0.887,0.903,0.897,0.895,0.86,0.803,0.883,0.864,0.857,0.864,0.797,0.888,0.85,8.0,0.036,549.0,0.499,0.423,0.078,0.0,0.9649,1.0332,0.642,0.0536,0.0178,0.0263,0.0458,0.0269,0.0409,0.0258,0.0508,used,used,used,used,used,used,used,used
xwqo8oZ0Ei3I7dqYD3A9,Warberg,4.316,True,inner20m,24,34,18,31,20,24,43,39,0.905,0.853,0.578,0.562,0.808,0.907,0.856,0.882,0.892,0.827,0.785,0.778,0.794,0.873,0.82,0.874,8.0,0.0583,342.0,0.526,0.354,0.12,0.0,0.9479,1.0528,0.639,0.018,0.0266,0.1041,0.1267,0.0759,0.0359,0.063,0.0163,used,used,used,used,used,used,used,used
UF9K8gJ5QIQkYgEH1JXd,Wasserfurche,3.111,True,inner20m,26,31,19,28,22,25,42,39,0.875,0.901,0.855,0.745,0.863,0.853,0.833,0.871,0.866,0.892,0.854,0.564,0.862,0.842,0.575,0.857,8.0,0.0503,218.0,0.44,0.514,0.046,0.0,0.9496,1.0623,0.53,0.0181,0.0094,0.0286,0.1455,0.0501,0.0285,0.0991,0.0234,used,used,used,used,used,used,used,used
XtCCVl30ddn9L4HkCY3n,Wiesenbalken,6.34,True,inner20m,26,31,16,30,25,29,40,37,0.879,0.712,0.872,0.859,0.842,0.872,0.842,0.917,0.879,0.682,0.827,0.844,0.812,0.827,0.55,0.914,8.0,0.0605,528.0,0.6,0.343,0.057,0.0,0.9491,1.0434,0.595,0.0197,0.0779,0.0707,0.0576,0.0519,0.0855,0.1047,0.0157,used,used,used,used,used,used,used,used
MmEAcGOQCCEq8qosxh56,Windmühlenberg (+),29.392,True,inner20m,27,32,18,32,24,25,39,41,0.877,0.708,0.878,0.807,0.905,0.848,0.88,0.891,0.871,0.844,0.876,0.763,0.894,0.843,0.877,0.835,8.0,0.0462,2728.0,0.618,0.284,0.098,0.0,0.953,1.0318,0.617,0.0321,0.0425,0.0356,0.1035,0.0304,0.0267,0.0268,0.0721,used,used,used,used,used,used,used,used
Hk3aYz9j56wbQD4u3rAC,Wolfskuhle,24.342,True,inner20m,24,29,19,30,24,28,42,40,0.63,0.599,0.856,0.677,0.785,0.798,0.886,0.894,0.811,0.829,0.861,0.622,0.825,0.84,0.872,0.871,8.0,0.0806,2238.0,0.579,0.229,0.192,0.0,0.9268,1.0461,0.724,0.1267,0.0722,0.0394,0.1253,0.1021,0.0815,0.0429,0.0551,used,used,used,used,used,used,used,used
QHOlQ6hep3oeVCNc1g02,Wolfskuhle (ÖVF),2.697,True,inner20m,25,31,17,31,23,27,40,39,0.872,0.849,0.703,0.68,0.765,0.767,0.7,0.678,0.86,0.837,0.698,0.681,0.757,0.766,0.709,0.689,8.0,0.0653,164.0,0.659,0.28,0.061,0.0,0.9073,1.0505,0.506,0.053,0.0485,0.0559,0.0912,0.0738,0.0464,0.0754,0.0779,used,used,used,used,used,used,used,used
w5bt3UWzJUlmXGtXdl3I,Zagrai-Wiese,6.167,True,inner20m,25,31,16,34,21,25,40,38,0.845,0.9,0.906,0.905,0.886,0.795,0.891,0.94,0.816,0.889,0.856,0.865,0.865,0.785,0.789,0.932,8.0,0.0492,474.0,0.521,0.304,0.175,0.0,0.9623,1.0311,0.756,0.0518,0.0236,0.0467,0.044,0.0512,0.0532,0.1045,0.0185,used,used,used,used,used,used,used,used
