obs_id,date,platform,n_candidate_items,items,tiles,baselines,boa_offset_applied,dn_offset_subtracted,eo_cloud_cover,tile_coverage,nodata_frac,scl_no_data,scl_saturated_defective,scl_dark_area,scl_cloud_shadow,scl_vegetation,scl_not_vegetated,scl_water,scl_unclassified,scl_cloud_medium,scl_cloud_high,scl_thin_cirrus,scl_snow,valid_frac,used,reason,seconds,season,red_dn_p50_veg,nir_dn_p50_veg,ndvi_p50_window
2019-03-16_sentinel-2b,2019-03-16,sentinel-2b,1,S2B_32UPC_20190316_0_L2A,MGRS-32UPC,02.11,False,0,52.3,0.222,0.7516778523489933,0.7517,0.0,0.0,0.0,0.0,0.0,0.0,0.0,0.0019,0.0,0.0,0.2464,0.0,False,valid_frac<0.2,1.37,2019,,,
2019-03-21_sentinel-2a,2019-03-21,sentinel-2a,1,S2A_32UPC_20190321_0_L2A,MGRS-32UPC,02.11,False,0,20.5,0.222,0.7516778523489933,0.7517,0.0,0.0,0.0,0.0,0.0,0.0,0.0,0.0003,0.248,0.0,0.0,0.0,False,valid_frac<0.2,1.32,2019,,,
2019-03-23_sentinel-2b,2019-03-23,sentinel-2b,2,S2B_32UPC_20190323_1_L2A,MGRS-32UPC,05.00,True,0,37.2,0.216,0.7516778523489933,0.7517,0.0,0.0,0.0,0.0,0.0,0.0,0.0,0.0,0.2483,0.0,0.0,0.0,False,valid_frac<0.2,1.37,2019,,,
2019-03-31_sentinel-2a,2019-03-31,sentinel-2a,2,S2A_32UPD_20190331_1_L2A,MGRS-32UPD,05.00,True,0,55.1,1.000,0.0,0.0,0.0,0.0,0.1033,0.3587,0.1696,0.0012,0.0533,0.137,0.1769,0.0,0.0,0.4912,True,,6.36,2019,498.0,3208.0,0.607680082321167
2019-04-02_sentinel-2b,2019-04-02,sentinel-2b,5,S2B_32UPD_20190402_2_L2A,MGRS-32UPD,05.00,True,0,15.9,1.000;0.216,0.0,0.0,0.0,0.0,0.0,0.1752,0.0735,0.0,0.0,0.0341,0.0003,0.717,0.0,0.2322,True,,5.05,2019,674.0,3480.0,0.5477527976036072
2019-04-07_sentinel-2a,2019-04-07,sentinel-2a,4,S2A_32UPD_20190407_1_L2A,MGRS-32UPD,05.00,True,0,0.0,1.000;0.216,0.0,0.0,0.0,0.0,0.0,0.7362,0.2628,0.001,0.0,0.0,0.0,0.0,0.0,1.0,True,,8.69,2019,520.0,3400.0,0.6308054327964783
2019-04-10_sentinel-2a,2019-04-10,sentinel-2a,2,S2A_32UPD_20190410_1_L2A,MGRS-32UPD,05.00,True,0,39.9,1.000,0.0,0.0,0.0,0.0,0.1626,0.3033,0.1104,0.0002,0.0088,0.1522,0.2035,0.0591,0.0,0.3505,True,,3.78,2019,499.0,3448.0,0.6576371788978577
2019-04-15_sentinel-2b,2019-04-15,sentinel-2b,4,S2B_32UPD_20190415_1_L2A,MGRS-32UPD,05.00,True,0,0.0,1.000;0.223,0.0,0.0,0.0,0.0001,0.0,0.7379,0.2597,0.0012,0.0011,0.0,0.0,0.0,0.0,0.9988,True,,3.7,2019,394.0,3268.0,0.685614824295044
2019-04-17_sentinel-2a,2019-04-17,sentinel-2a,4,S2A_32UPD_20190417_1_L2A,MGRS-32UPD,05.00,True,0,0.0,1.000;0.216,0.0,0.0,0.0,0.0001,0.0,0.727,0.2711,0.0011,0.0007,0.0,0.0,0.0,0.0,0.9992,True,,4.4,2019,455.0,3628.0,0.674597978591919
2019-04-20_sentinel-2a,2019-04-20,sentinel-2a,4,S2A_32UPD_20190420_1_L2A,MGRS-32UPD,05.00,True,0,24.0,1.000;0.223,0.0,0.0,0.0,0.0,0.0,0.5597,0.1713,0.0008,0.0009,0.0075,0.0,0.2598,0.0,0.7231,True,,2.89,2019,461.0,3596.0,0.7014925479888916
2019-04-22_sentinel-2b,2019-04-22,sentinel-2b,4,S2B_32UPD_20190422_1_L2A,MGRS-32UPD,05.00,True,0,0.1,1.000;0.216,0.0,0.0,0.0,0.0,0.0,0.7328,0.2654,0.0012,0.0006,0.0,0.0,0.0,0.0,0.9994,True,,3.17,2019,407.0,3744.0,0.7203225493431091
2019-04-25_sentinel-2b,2019-04-25,sentinel-2b,4,S2B_32UPD_20190425_1_L2A,MGRS-32UPD,05.00,True,0,1.1,1.000;0.223,0.0,0.0,0.0,0.0,0.0,0.7394,0.259,0.0011,0.0005,0.0,0.0,0.0,0.0,0.9995,True,,3.3,2019,329.0,3448.0,0.7521929740905762
2019-04-30_sentinel-2a,2019-04-30,sentinel-2a,4,S2A_32UPD_20190430_1_L2A,MGRS-32UPD,05.00,True,0,7.3,1.000;0.223,0.0,0.0,0.0,0.0003,0.0,0.7464,0.2495,0.0008,0.003,0.0,0.0,0.0,0.0,0.9967,True,,3.61,2019,288.0,3388.0,0.7895902395248413
2019-05-05_sentinel-2b,2019-05-05,sentinel-2b,2,S2B_32UPD_20190505_0_L2A,MGRS-32UPD,02.11,False,0,57.7,1.000;0.223,0.0,0.0,0.0,0.0199,0.0214,0.0239,0.0011,0.0,0.02,0.0388,0.8632,0.0116,0.0,0.0181,False,valid_frac<0.2,0.75,2019,,,
2019-05-07_sentinel-2a,2019-05-07,sentinel-2a,4,S2A_32UPD_20190507_1_L2A,MGRS-32UPD,05.00,True,0,48.0,1.000;0.216,0.0,0.0,0.0,0.0001,0.0721,0.4109,0.1462,0.0005,0.019,0.1309,0.2157,0.0046,0.0,0.5151,True,,3.13,2019,381.0,3900.0,0.7617117166519165
2019-05-12_sentinel-2b,2019-05-12,sentinel-2b,4,S2B_32UPD_20190512_1_L2A,MGRS-32UPD,05.00,True,0,3.4,1.000;0.216,0.0,0.0,0.0,0.0,0.0,0.7279,0.2687,0.0012,0.0005,0.0,0.0,0.0017,0.0,0.9962,True,,2.98,2019,276.0,3708.0,0.8152814507484436
2019-05-17_sentinel-2a,2019-05-17,sentinel-2a,1,S2A_32UPD_20190517_0_L2A,MGRS-32UPD,02.12,False,0,57.2,1.000,0.0,0.0,0.0,0.0,0.0,0.0045,0.0035,0.0,0.0304,0.1147,0.8469,0.0,0.0,0.0037,False,valid_frac<0.2,0.8,2019,,,
2019-05-20_sentinel-2a,2019-05-20,sentinel-2a,4,S2A_32UPD_20190520_1_L2A,MGRS-32UPD,05.00,True,0,19.4,1.000;0.223,0.0,0.0,0.0,0.0,0.0,0.6939,0.2603,0.0002,0.0002,0.0086,0.0,0.0368,0.0,0.9459,True,,2.74,2019,461.0,3696.0,0.7083333134651184
2019-06-01_sentinel-2b,2019-06-01,sentinel-2b,4,S2B_32UPD_20190601_1_L2A,MGRS-32UPD,05.00,True,0,17.7,1.000;0.216,0.0,0.0,0.0,0.0,0.0,0.7347,0.2628,0.0008,0.0006,0.0,0.0,0.001,0.0,0.9977,True,,3.33,2019,336.0,3840.0,0.7959587574005127
2019-06-04_sentinel-2b,2019-06-04,sentinel-2b,3,S2B_32UPD_20190604_2_L2A,MGRS-32UPD,05.00,True,0,45.9,1.000;0.223,0.0,0.0,0.0,0.0,0.0293,0.5789,0.2039,0.0003,0.0655,0.0933,0.0289,0.0,0.0,0.7526,True,,3.45,2019,629.0,3832.0,0.6658554673194885
2019-06-09_sentinel-2a,2019-06-09,sentinel-2a,2,S2A_32UPD_20190609_1_L2A,MGRS-32UPD,05.00,True,0,33.4,1.000,0.0,0.0,0.0,0.0,0.0,0.0,0.0,0.0,0.0,0.0054,0.0001,0.9944,0.0,0.0,False,valid_frac<0.2,0.8,2019,,,
2019-06-14_sentinel-2b,2019-06-14,sentinel-2b,4,S2B_32UPD_20190614_3_L2A,MGRS-32UPD,05.00,True,0,2.3,1.000;0.223,0.0,0.0,0.0,0.0,0.0,0.8901,0.1084,0.0008,0.0008,0.0,0.0,0.0,0.0,0.9992,True,,3.1,2019,408.0,3232.0,0.75235915184021
2019-06-19_sentinel-2a,2019-06-19,sentinel-2a,4,S2A_32UPD_20190619_1_L2A,MGRS-32UPD,05.00,True,0,33.9,1.000;0.223,0.0,0.0,0.0,0.0,0.074,0.5501,0.0408,0.0006,0.0023,0.0473,0.0476,0.2373,0.0,0.5366,True,,3.4,2019,527.0,3460.0,0.7190272212028503
2019-06-24_sentinel-2b,2019-06-24,sentinel-2b,4,S2B_32UPD_20190624_1_L2A,MGRS-32UPD,05.00,True,0,47.9,1.000;0.223,0.0,0.0,0.0,0.0,0.0,0.1377,0.0165,0.0,0.0,0.1303,0.0,0.7154,0.0,0.1472,False,valid_frac<0.2,0.78,2019,,,
2019-06-26_sentinel-2a,2019-06-26,sentinel-2a,4,S2A_32UPD_20190626_1_L2A,MGRS-32UPD,05.00,True,0,2.3,1.000;0.216,0.0,0.0,0.0,0.0,0.0703,0.7196,0.0879,0.0008,0.0068,0.0645,0.0501,0.0,0.0,0.7737,True,,3.24,2019,666.0,3440.0,0.6449136137962341
2019-06-29_sentinel-2a,2019-06-29,sentinel-2a,4,S2A_32UPD_20190629_1_L2A,MGRS-32UPD,05.00,True,0,0.0,1.000;0.223,0.0,0.0,0.0,0.0,0.0,0.8416,0.157,0.0011,0.0003,0.0,0.0,0.0,0.0,0.9997,True,,2.93,2019,584.0,3228.0,0.638634443283081
2019-07-01_sentinel-2b,2019-07-01,sentinel-2b,4,S2B_32UPD_20190701_1_L2A,MGRS-32UPD,05.00,True,0,52.8,1.000;0.216,0.0,0.0,0.0,0.0,0.1701,0.4548,0.1424,0.0002,0.0103,0.1009,0.1206,0.0006,0.0,0.5603,True,,3.78,2019,723.0,4049.0,0.6030203700065613
2019-07-21_sentinel-2b,2019-07-21,sentinel-2b,4,S2B_32UPD_20190721_1_L2A,MGRS-32UPD,05.00,True,0,59.9,1.000;0.216,0.0,0.0,0.0,0.0,0.0948,0.1094,0.0486,0.0003,0.0606,0.2494,0.4345,0.0024,0.0,0.1291,False,valid_frac<0.2,0.8,2019,,,
2019-07-24_sentinel-2b,2019-07-24,sentinel-2b,4,S2B_32UPD_20190724_1_L2A,MGRS-32UPD,05.00,True,0,37.6,1.000;0.223,0.0,0.0,0.0,0.0,0.0,0.6087,0.3641,0.0009,0.0006,0.0,0.0,0.0257,0.0,0.9716,True,,3.31,2019,391.0,3288.0,0.6091796159744263
2019-07-26_sentinel-2a,2019-07-26,sentinel-2a,4,S2A_32UPD_20190726_1_L2A,MGRS-32UPD,05.00,True,0,3.5,1.000;0.216,0.0,0.0,0.0,0.0,0.0,0.6195,0.379,0.0008,0.0007,0.0,0.0,0.0,0.0,0.9993,True,,3.1,2019,484.0,3488.0,0.5861728191375732
2019-08-03_sentinel-2b,2019-08-03,sentinel-2b,1,S2B_32UPD_20190803_0_L2A,MGRS-32UPD,02.13,False,0,57.7,1.000,0.0,0.0,0.0,0.009,0.0118,0.0989,0.0569,0.0,0.1956,0.1501,0.4561,0.01,0.0115,0.1273,False,valid_frac<0.2,0.76,2019,,,
2019-08-08_sentinel-2a,2019-08-08,sentinel-2a,4,S2A_32UPD_20190808_1_L2A,MGRS-32UPD,05.00,True,0,38.7,1.000;0.223,0.0,0.0,0.0,0.0,0.1467,0.4004,0.2328,0.0006,0.0141,0.1032,0.1022,0.0,0.0,0.5889,True,,3.92,2019,399.0,3796.0,0.6519839763641357
2019-08-10_sentinel-2b,2019-08-10,sentinel-2b,1,S2B_32UPD_20190810_0_L2A,MGRS-32UPD,02.13,False,0,48.2,1.000,0.0,0.0,0.0,0.0266,0.043,0.1247,0.1481,0.0001,0.0528,0.1523,0.2887,0.1634,0.0003,0.236,True,,3.11,2019,645.0,3760.0,0.4414450526237488
2019-08-13_sentinel-2b,2019-08-13,sentinel-2b,1,S2B_32UPC_20190813_0_L2A,MGRS-32UPC,02.13,False,0,55.2,0.223,0.7516778523489933,0.7517,0.0,0.0,0.0,0.0,0.0,0.0,0.0,0.0001,0.2158,0.0,0.0325,0.0,False,valid_frac<0.2,0.8,2019,,,
2019-08-23_sentinel-2b,2019-08-23,sentinel-2b,4,S2B_32UPD_20190823_1_L2A,MGRS-32UPD,05.00,True,0,16.1,1.000;0.223,0.0,0.0,0.0,0.0001,0.0,0.659,0.3394,0.0011,0.0005,0.0,0.0,0.0,0.0,0.9995,True,,2.94,2019,444.0,3212.0,0.6389836072921753
2019-08-25_sentinel-2a,2019-08-25,sentinel-2a,4,S2A_32UPD_20190825_1_L2A,MGRS-32UPD,05.00,True,0,0.2,1.000;0.216,0.0,0.0,0.0,0.0,0.0,0.6415,0.3569,0.0008,0.0008,0.0,0.0,0.0,0.0,0.9992,True,,3.55,2019,514.0,3240.0,0.5957900285720825
2019-08-30_sentinel-2b,2019-08-30,sentinel-2b,2,S2B_32UPD_20190830_0_L2A,MGRS-32UPD,02.13,False,0,52.7,1.000;0.216,0.0,0.0,0.0,0.0527,0.046,0.0542,0.0421,0.0002,0.2499,0.1482,0.3976,0.0,0.0092,0.0734,False,valid_frac<0.2,0.88,2019,,,
2019-09-02_sentinel-2b,2019-09-02,sentinel-2b,4,S2B_32UPD_20190902_1_L2A,MGRS-32UPD,05.00,True,0,38.4,1.000;0.223,0.0,0.0,0.0,0.0,0.0641,0.4033,0.3009,0.0001,0.0145,0.1292,0.0867,0.0011,0.0,0.6481,True,,3.18,2019,628.0,3388.0,0.5147058963775635
2019-09-04_sentinel-2a,2019-09-04,sentinel-2a,2,S2A_32UPC_20190904_1_L2A,MGRS-32UPC,05.00,True,0,39.5,0.216,0.7516778523489933,0.7517,0.0,0.0,0.0,0.0964,0.09,0.0,0.0,0.0138,0.0035,0.0446,0.0,0.183,False,valid_frac<0.2,0.8,2019,,,
2019-09-14_sentinel-2a,2019-09-14,sentinel-2a,2,S2A_32UPC_20190914_1_L2A,MGRS-32UPC,05.00,True,0,40.2,0.216,0.7516778523489933,0.7517,0.0,0.0,0.0045,0.1027,0.0869,0.0,0.0,0.0004,0.0001,0.0538,0.0,0.1809,False,valid_frac<0.2,0.8,2019,,,
2019-09-22_sentinel-2b,2019-09-22,sentinel-2b,4,S2B_32UPD_20190922_1_L2A,MGRS-32UPD,05.00,True,0,0.0,1.000;0.222,0.0,0.0,0.0,0.0,0.0,0.4864,0.5124,0.0012,0.0,0.0,0.0,0.0,0.0,1.0,True,,3.03,2019,508.0,2806.0,0.440468430519104
2019-09-24_sentinel-2a,2019-09-24,sentinel-2a,2,S2A_32UPD_20190924_0_L2A,MGRS-32UPD,02.13,False,0,54.3,1.000;0.216,0.0,0.0,0.0,0.0066,0.0005,0.0227,0.1181,0.0,0.1657,0.307,0.2203,0.1591,0.0,0.1203,False,valid_frac<0.2,0.79,2019,,,
2019-10-02_sentinel-2b,2019-10-02,sentinel-2b,4,S2B_32UPD_20191002_1_L2A,MGRS-32UPD,05.00,True,0,39.2,1.000;0.222,0.0,0.0,0.0,0.0,0.12,0.1345,0.0706,0.0007,0.0625,0.2649,0.3383,0.0084,0.0,0.1701,False,valid_frac<0.2,0.81,2019,,,
2019-10-07_sentinel-2a,2019-10-07,sentinel-2a,4,S2A_32UPD_20191007_1_L2A,MGRS-32UPD,05.00,True,0,15.8,1.000;0.223,0.0,0.0,0.0,0.0,0.0,0.5499,0.4489,0.0012,0.0,0.0,0.0,0.0,0.0,1.0,True,,3.03,2019,423.0,2810.0,0.5692307949066162
2019-10-12_sentinel-2b,2019-10-12,sentinel-2b,2,S2B_32UPC_20191012_1_L2A,MGRS-32UPC,05.00,True,0,21.0,0.222,0.7516778523489933,0.7517,0.0,0.0,0.0596,0.049,0.0283,0.0001,0.0154,0.0554,0.0405,0.0,0.0,0.0644,False,valid_frac<0.2,0.79,2019,,,
2019-10-14_sentinel-2a,2019-10-14,sentinel-2a,4,S2A_32UPD_20191014_1_L2A,MGRS-32UPD,05.00,True,0,25.6,1.000;0.216,0.0,0.0,0.0,0.0,0.0002,0.2184,0.381,0.0005,0.0755,0.186,0.1319,0.0066,0.0,0.5826,True,,11.61,2019,574.0,3006.0,0.3878261148929596
2019-10-29_sentinel-2b,2019-10-29,sentinel-2b,4,S2B_32UPD_20191029_1_L2A,MGRS-32UPD,05.00,True,0,6.7,1.000;0.216,0.0,0.0,0.0,0.0,0.0,0.6113,0.3864,0.0013,0.0,0.0,0.0,0.0009,0.0,0.9945,True,,4.42,2019,370.0,3123.0,0.6808510422706604
2020-03-02_sentinel-2a,2020-03-02,sentinel-2a,1,S2A_32UPD_20200302_1_L2A,MGRS-32UPD,02.14,False,0,43.7,1.000,0.0,0.0,0.0,0.046,0.0699,0.2598,0.0255,0.0,0.137,0.0502,0.0288,0.3828,0.0,0.2612,True,,4.76,2020,536.0,2522.0,0.6217765212059021
2020-03-05_sentinel-2a,2020-03-05,sentinel-2a,2,S2A_32UPD_20200305_1_L2A,MGRS-32UPD,05.00,True,0,38.4,1.000,0.0,0.0,0.0,0.0,0.0007,0.1008,0.1413,0.0008,0.3431,0.2655,0.1478,0.0,0.0,0.2416,True,,7.1,2020,430.0,1916.0,0.5006726384162903
2020-03-12_sentinel-2a,2020-03-12,sentinel-2a,2,S2A_32UPD_20200312_1_L2A,MGRS-32UPD,05.00,True,0,41.6,1.000,0.0,0.0,0.0,0.0,0.1226,0.3039,0.0743,0.0002,0.0515,0.1837,0.2177,0.046,0.0,0.3453,True,,5.75,2020,584.0,3132.0,0.6368265151977539
2020-03-17_sentinel-2b,2020-03-17,sentinel-2b,4,S2B_32UPD_20200317_1_L2A,MGRS-32UPD,05.00,True,0,16.3,1.000;0.216,0.0,0.0,0.0,0.0,0.0,0.7326,0.266,0.0014,0.0,0.0,0.0,0.0,0.0,1.0,True,,8.94,2020,576.0,3172.0,0.5926674604415894
2020-03-22_sentinel-2a,2020-03-22,sentinel-2a,4,S2A_32UPD_20200322_1_L2A,MGRS-32UPD,05.00,True,0,22.3,1.000;0.216,0.0,0.0,0.0,0.0,0.0358,0.6498,0.2381,0.0011,0.0025,0.0114,0.0019,0.0594,0.0,0.8549,True,,5.37,2020,574.0,3444.0,0.60675048828125
2020-03-25_sentinel-2a,2020-03-25,sentinel-2a,4,S2A_32UPD_20200325_1_L2A,MGRS-32UPD,05.00,True,0,41.8,1.000;0.223,0.0,0.0,0.0,0.0,0.0,0.6949,0.3038,0.0013,0.0,0.0,0.0,0.0,0.0,1.0,True,,4.95,2020,586.0,3328.0,0.5749012231826782
2020-03-27_sentinel-2b,2020-03-27,sentinel-2b,4,S2B_32UPD_20200327_1_L2A,MGRS-32UPD,05.00,True,0,15.7,1.000;0.216,0.0,0.0,0.0,0.0,0.0,0.6381,0.361,0.0008,0.0,0.0,0.0,0.0,0.0,1.0,True,,3.0,2020,696.0,3496.0,0.5379278063774109
2020-04-01_sentinel-2a,2020-04-01,sentinel-2a,4,S2A_32UPD_20200401_1_L2A,MGRS-32UPD,05.00,True,0,45.7,1.000;0.216,0.0,0.0,0.0,0.0,0.0,0.6736,0.3236,0.0014,0.0008,0.0,0.0,0.0007,0.0,0.998,True,,3.13,2020,637.0,3320.0,0.5513898134231567
2020-04-04_sentinel-2a,2020-04-04,sentinel-2a,4,S2A_32UPD_20200404_1_L2A,MGRS-32UPD,05.00,True,0,16.7,1.000;0.222,0.0,0.0,0.0,0.0,0.0317,0.6171,0.3256,0.0014,0.0008,0.0125,0.005,0.0059,0.0,0.9279,True,,3.85,2020,616.0,3408.0,0.5510887503623962
2020-04-06_sentinel-2b,2020-04-06,sentinel-2b,4,S2B_32UPD_20200406_1_L2A,MGRS-32UPD,05.00,True,0,0.1,1.000;0.216,0.0,0.0,0.0,0.0,0.0,0.647,0.3516,0.0014,0.0,0.0,0.0,0.0,0.0,1.0,True,,4.3,2020,636.0,3564.0,0.5529838800430298
2020-04-09_sentinel-2b,2020-04-09,sentinel-2b,4,S2B_32UPD_20200409_1_L2A,MGRS-32UPD,05.00,True,0,7.1,1.000;0.223,0.0,0.0,0.0,0.0,0.0,0.666,0.3327,0.0013,0.0,0.0,0.0,0.0,0.0,1.0,True,,6.45,2020,565.0,3368.0,0.5728813409805298
2020-04-11_sentinel-2a,2020-04-11,sentinel-2a,4,S2A_32UPD_20200411_1_L2A,MGRS-32UPD,05.00,True,0,45.9,1.000;0.216,0.0,0.0,0.0,0.0,0.0,0.6592,0.34,0.0008,0.0,0.0,0.0,0.0,0.0,1.0,True,,2.87,2020,631.0,3560.0,0.5663067698478699
2020-04-14_sentinel-2a,2020-04-14,sentinel-2a,4,S2A_32UPD_20200414_1_L2A,MGRS-32UPD,05.00,True,0,12.7,1.000;0.223,0.0,0.0,0.0,0.0033,0.0989,0.4105,0.1785,0.0,0.0425,0.0606,0.022,0.1837,0.0,0.5384,True,,2.91,2020,544.0,3500.0,0.6171106100082397
2020-04-19_sentinel-2b,2020-04-19,sentinel-2b,4,S2B_32UPD_20200419_1_L2A,MGRS-32UPD,05.00,True,0,1.1,1.000;0.223,0.0,0.0,0.0,0.0,0.0,0.6765,0.3212,0.0012,0.0011,0.0,0.0,0.0,0.0,0.9989,True,,6.06,2020,516.0,3500.0,0.6261566877365112
2020-04-21_sentinel-2a,2020-04-21,sentinel-2a,4,S2A_32UPD_20200421_1_L2A,MGRS-32UPD,05.00,True,0,0.0,1.000;0.216,0.0,0.0,0.0,0.0,0.0,0.6721,0.3259,0.0012,0.0007,0.0,0.0,0.0,0.0,0.9992,True,,3.52,2020,553.0,3616.0,0.6176720261573792
2020-04-24_sentinel-2a,2020-04-24,sentinel-2a,4,S2A_32UPD_20200424_1_L2A,MGRS-32UPD,05.00,True,0,1.2,1.000;0.223,0.0,0.0,0.0,0.0001,0.0,0.6683,0.3295,0.0008,0.0013,0.0,0.0,0.0,0.0,0.9986,True,,4.2,2020,574.0,3464.0,0.6042780876159668
2020-04-26_sentinel-2b,2020-04-26,sentinel-2b,4,S2B_32UPD_20200426_1_L2A,MGRS-32UPD,05.00,True,0,37.4,1.000;0.216,0.0,0.0,0.0,0.0,0.1056,0.2357,0.0819,0.0,0.0395,0.2313,0.2771,0.0288,0.0,0.264,True,,3.13,2020,622.0,3832.0,0.6427516937255859
2020-05-01_sentinel-2a,2020-05-01,sentinel-2a,2,S2A_32UPD_20200501_0_L2A,MGRS-32UPD,02.14,False,0,57.7,1.000;0.216,0.0,0.0,0.0,0.0195,0.0577,0.2076,0.0734,0.0002,0.0693,0.0668,0.4941,0.0002,0.0113,0.226,True,,2.98,2020,542.5,4116.0,0.7045325040817261
2020-05-06_sentinel-2b,2020-05-06,sentinel-2b,4,S2B_32UPD_20200506_1_L2A,MGRS-32UPD,05.00,True,0,13.8,1.000;0.216,0.0,0.0,0.0,0.0,0.0298,0.6443,0.2862,0.0004,0.0042,0.0211,0.0129,0.001,0.0,0.9156,True,,3.2,2020,416.0,3696.0,0.6940222978591919
2020-05-09_sentinel-2b,2020-05-09,sentinel-2b,2,S2B_32UPD_20200509_1_L2A,MGRS-32UPD,05.00,True,0,16.2,1.000,0.0,0.0,0.0,0.0,0.0,0.0,0.0,0.0,0.0,0.0007,0.0,0.9992,0.0,0.0,False,valid_frac<0.2,0.83,2020,,,
2020-05-19_sentinel-2b,2020-05-19,sentinel-2b,1,S2B_32UPC_20200519_0_L2A,MGRS-32UPC,02.14,False,0,50.2,0.222,0.7516778523489933,0.7517,0.0,0.0007,0.0,0.0549,0.1244,0.0,0.0498,0.0021,0.0164,0.0,0.0,0.1677,False,valid_frac<0.2,0.81,2020,,,
2020-05-21_sentinel-2a,2020-05-21,sentinel-2a,4,S2A_32UPD_20200521_1_L2A,MGRS-32UPD,05.00,True,0,22.8,1.000;0.216,0.0,0.0,0.0,0.0,0.0569,0.6002,0.2731,0.0004,0.0088,0.0437,0.0135,0.0034,0.0,0.8419,True,,2.91,2020,528.0,3940.0,0.6642124056816101
2020-05-26_sentinel-2b,2020-05-26,sentinel-2b,2,S2B_32UPD_20200526_1_L2A,MGRS-32UPD,05.00,True,0,51.6,1.000,0.0,0.0,0.0,0.0,0.0281,0.1694,0.049,0.0001,0.0744,0.2585,0.4202,0.0003,0.0,0.19,False,valid_frac<0.2,0.82,2020,,,
2020-05-29_sentinel-2b,2020-05-29,sentinel-2b,4,S2B_32UPD_20200529_1_L2A,MGRS-32UPD,05.00,True,0,18.1,1.000;0.223,0.0,0.0,0.0,0.0001,0.1001,0.2555,0.1101,0.0002,0.0352,0.1598,0.3381,0.0011,0.0,0.32,True,,6.01,2020,398.0,3696.0,0.6949629783630371
2020-05-31_sentinel-2a,2020-05-31,sentinel-2a,2,S2A_32UPD_20200531_1_L2A,MGRS-32UPD,05.00,True,0,48.9,1.000,0.0,0.0,0.0,0.0,0.0,0.0017,0.0122,0.0,0.0875,0.4315,0.4493,0.0178,0.0,0.011,False,valid_frac<0.2,0.85,2020,,,
2020-06-03_sentinel-2a,2020-06-03,sentinel-2a,3,S2A_32UPD_20200603_1_L2A,MGRS-32UPD,05.00,True,0,49.6,1.000;0.223,0.0,0.0,0.0,0.0,0.0012,0.0046,0.0036,0.0003,0.0,0.5669,0.0011,0.4223,0.0,0.0049,False,valid_frac<0.2,0.78,2020,,,
2020-06-05_sentinel-2b,2020-06-05,sentinel-2b,3,S2B_32UPD_20200605_0_L2A,MGRS-32UPD,02.14,False,0,48.1,1.000;0.216,0.0,0.0,0.0,0.0088,0.0504,0.4451,0.1879,0.0011,0.0541,0.0507,0.2017,0.0001,0.0,0.5706,True,,4.04,2020,537.0,3814.0,0.6590369343757629
2020-06-13_sentinel-2a,2020-06-13,sentinel-2a,2,S2A_32UPC_20200613_1_L2A,MGRS-32UPC,05.00,True,0,58.3,0.223,0.7516778523489933,0.7517,0.0,0.0,0.0,0.0,0.0,0.0,0.0,0.0606,0.1865,0.0013,0.0,0.0,False,valid_frac<0.2,0.77,2020,,,
2020-06-15_sentinel-2b,2020-06-15,sentinel-2b,4,S2B_32UPD_20200615_1_L2A,MGRS-32UPD,05.00,True,0,20.5,1.000;0.216,0.0,0.0,0.0,0.0,0.0199,0.7227,0.154,0.0011,0.0145,0.0337,0.0185,0.0357,0.0,0.8636,True,,6.33,2020,484.0,3416.0,0.7083895206451416
2020-06-20_sentinel-2a,2020-06-20,sentinel-2a,2,S2A_32UPC_20200620_1_L2A,MGRS-32UPC,05.00,True,0,51.6,0.216,0.7516778523489933,0.7517,0.0,0.0,0.0,0.0405,0.0086,0.0,0.0001,0.0161,0.0079,0.1752,0.0,0.0446,False,valid_frac<0.2,0.88,2020,,,
2020-06-23_sentinel-2a,2020-06-23,sentinel-2a,4,S2A_32UPD_20200623_1_L2A,MGRS-32UPD,05.00,True,0,0.1,1.000;0.223,0.0,0.0,0.0,0.0,0.0,0.8862,0.1121,0.0008,0.0009,0.0,0.0,0.0,0.0,0.9991,True,,3.21,2020,528.0,3288.0,0.6943793892860413
2020-06-30_sentinel-2a,2020-06-30,sentinel-2a,1,S2A_32UPC_20200630_0_L2A,MGRS-32UPC,02.14,False,0,54.5,0.216,0.7516778523489933,0.7517,0.0,0.0,0.0,0.0019,0.0043,0.0,0.007,0.0383,0.1761,0.0206,0.0,0.0036,False,valid_frac<0.2,0.8,2020,,,
2020-07-13_sentinel-2a,2020-07-13,sentinel-2a,4,S2A_32UPD_20200713_1_L2A,MGRS-32UPD,05.00,True,0,40.4,1.000;0.223,0.0,0.0,0.0,0.0,0.0231,0.7003,0.2553,0.0004,0.0032,0.0141,0.0033,0.0003,0.0,0.944,True,,3.05,2020,394.0,3564.0,0.7187962532043457
2020-07-18_sentinel-2b,2020-07-18,sentinel-2b,3,S2B_32UPD_20200718_3_L2A,MGRS-32UPD,05.00,True,0,42.9,1.000;0.222,0.0,0.0,0.0,0.0,0.1564,0.291,0.1372,0.0006,0.0072,0.1305,0.1633,0.1139,0.0,0.3777,True,,3.45,2020,504.0,3916.0,0.6752046942710876
2020-07-23_sentinel-2a,2020-07-23,sentinel-2a,4,S2A_32UPD_20200723_1_L2A,MGRS-32UPD,05.00,True,0,4.9,1.000;0.223,0.0,0.0,0.0,0.0,0.0015,0.6863,0.3088,0.001,0.0007,0.0016,0.0002,0.0,0.0,0.9947,True,,4.37,2020,301.0,3640.0,0.7605940103530884
2020-07-28_sentinel-2b,2020-07-28,sentinel-2b,3,S2B_32UPD_20200728_1_L2A,MGRS-32UPD,05.00,True,0,53.1,1.000;0.222,0.0,0.0,0.0,0.0001,0.027,0.5249,0.2191,0.0004,0.0159,0.0939,0.0872,0.0316,0.0,0.7091,True,,3.07,2020,392.0,3864.0,0.7209820747375488
2020-07-30_sentinel-2a,2020-07-30,sentinel-2a,4,S2A_32UPD_20200730_1_L2A,MGRS-32UPD,05.00,True,0,30.7,1.000;0.216,0.0,0.0,0.0,0.0,0.0,0.6861,0.305,0.0008,0.0007,0.0,0.0,0.0075,0.0,0.988,True,,3.13,2020,373.0,3848.0,0.7364513874053955
2020-08-04_sentinel-2b,2020-08-04,sentinel-2b,4,S2B_32UPD_20200804_1_L2A,MGRS-32UPD,05.00,True,0,59.6,1.000;0.216,0.0,0.0,0.0,0.0001,0.0188,0.4524,0.2334,0.0008,0.0008,0.0371,0.022,0.2347,0.0,0.6517,True,,5.78,2020,406.0,4135.0,0.6850053668022156
2020-08-07_sentinel-2b,2020-08-07,sentinel-2b,6,S2B_32UPD_20200807_3_L2A;S2B_32UPC_20200807_2_L2A,MGRS-32UPD;MGRS-32UPC,05.00;05.00,True;True,0;0,1.8;1.2,0.560;0.223,0.18378321901811834,0.1838,0.0,0.0,0.0336,0.4499,0.1927,0.0006,0.0126,0.0899,0.037,0.0,0.0,0.6106,True,,6.03,2020,490.0,3476.0,0.6521739363670349
2020-08-09_sentinel-2a,2020-08-09,sentinel-2a,4,S2A_32UPD_20200809_1_L2A,MGRS-32UPD,05.00,True,0,47.7,1.000;0.216,0.0,0.0,0.0,0.0,0.0016,0.2878,0.128,0.0002,0.0,0.0373,0.0,0.5451,0.0,0.396,True,,5.09,2020,558.0,3292.0,0.623415470123291
2020-08-12_sentinel-2a,2020-08-12,sentinel-2a,4,S2A_32UPD_20200812_1_L2A,MGRS-32UPD,05.00,True,0,17.5,1.000;0.223,0.0,0.0,0.0,0.0,0.0,0.6521,0.3464,0.0008,0.0007,0.0,0.0,0.0,0.0,0.9993,True,,2.81,2020,468.0,3308.0,0.6042314767837524
2020-08-17_sentinel-2b,2020-08-17,sentinel-2b,2,S2B_32UPD_20200817_1_L2A,MGRS-32UPD,05.00,True,0,56.2,1.000,0.0,0.0,0.0,0.0003,0.031,0.1576,0.1094,0.0003,0.1556,0.2159,0.3148,0.0152,0.0,0.2541,True,,3.14,2020,654.0,2872.0,0.527587890625
2020-08-19_sentinel-2a,2020-08-19,sentinel-2a,4,S2A_32UPD_20200819_3_L2A,MGRS-32UPD,05.00,True,0,24.5,1.000;0.216,0.0,0.0,0.0,0.0,0.1315,0.4397,0.2698,0.0005,0.003,0.0833,0.0722,0.0,0.0,0.6664,True,,4.26,2020,527.0,3544.0,0.5566778779029846
2020-08-29_sentinel-2a,2020-08-29,sentinel-2a,1,S2A_32UPD_20200829_0_L2A,MGRS-32UPD,02.14,False,0,59.7,1.000,0.0,0.0,0.0,0.0,0.0,0.0,0.0,0.0,0.0,0.0094,0.9906,0.0,0.0,0.0,False,valid_frac<0.2,0.76,2020,,,
2020-09-01_sentinel-2a,2020-09-01,sentinel-2a,2,S2A_32UPD_20200901_1_L2A,MGRS-32UPD,05.00,True,0,41.9,1.000,0.0,0.0,0.0,0.0,0.141,0.2836,0.1825,0.0002,0.0117,0.1694,0.1782,0.0334,0.0,0.3987,True,,3.19,2020,525.0,3236.0,0.5626072883605957
2020-09-06_sentinel-2b,2020-09-06,sentinel-2b,4,S2B_32UPD_20200906_1_L2A,MGRS-32UPD,05.00,True,0,48.9,1.000;0.223,0.0,0.0,0.0,0.0,0.2048,0.2527,0.1112,0.0005,0.011,0.1351,0.2846,0.0,0.0,0.3218,True,,5.63,2020,502.0,3452.0,0.6491862535476685
2020-09-08_sentinel-2a,2020-09-08,sentinel-2a,2,S2A_32UPC_20200908_1_L2A,MGRS-32UPC,05.00,True,0,53.2,0.216,0.7516778523489933,0.7517,0.0,0.0,0.0,0.0113,0.0141,0.0,0.0195,0.0581,0.1454,0.0,0.0,0.0195,False,valid_frac<0.2,0.83,2020,,,
2020-09-11_sentinel-2a,2020-09-11,sentinel-2a,4,S2A_32UPD_20200911_1_L2A,MGRS-32UPD,05.00,True,0,38.5,1.000;0.223,0.0,0.0,0.0,0.0,0.0026,0.5941,0.3971,0.001,0.0052,0.0,0.0,0.0,0.0,0.9913,True,,3.35,2020,482.0,3208.0,0.6120460629463196
2020-09-16_sentinel-2b,2020-09-16,sentinel-2b,2,S2B_32UPD_20200916_1_L2A,MGRS-32UPD,05.00,True,0,50.7,1.000,0.0,0.0,0.0,0.0,0.0,0.0,0.0,0.0,0.0,0.107,0.8929,0.0001,0.0,0.0,False,valid_frac<0.2,0.82,2020,,,
2020-09-18_sentinel-2a,2020-09-18,sentinel-2a,4,S2A_32UPD_20200918_1_L2A,MGRS-32UPD,05.00,True,0,14.0,1.000;0.216,0.0,0.0,0.0,0.0,0.0,0.6039,0.3943,0.0013,0.0,0.0,0.0,0.0005,0.0,0.9986,True,,5.56,2020,505.0,3175.0,0.5731934309005737
2020-09-21_sentinel-2a,2020-09-21,sentinel-2a,4,S2A_32UPD_20200921_1_L2A,MGRS-32UPD,05.00,True,0,0.0,1.000;0.223,0.0,0.0,0.0,0.0,0.0,0.5815,0.4173,0.0013,0.0,0.0,0.0,0.0,0.0,1.0,True,,9.22,2020,538.0,2922.0,0.5325061082839966
2020-09-23_sentinel-2b,2020-09-23,sentinel-2b,4,S2B_32UPD_20200923_1_L2A,MGRS-32UPD,05.00,True,0,45.1,1.000;0.216,0.0,0.0,0.0,0.0,0.0,0.1048,0.2916,0.0001,0.0118,0.2087,0.1547,0.2283,0.0,0.3608,True,,3.85,2020,853.0,4132.0,0.4742385149002075
2020-09-28_sentinel-2a,2020-09-28,sentinel-2a,4,S2A_32UPD_20200928_1_L2A,MGRS-32UPD,05.00,True,0,43.5,1.000;0.216,0.0,0.0,0.0,0.0,0.1355,0.1773,0.1626,0.0001,0.054,0.1707,0.2998,0.0,0.0,0.308,True,,3.37,2020,618.0,3712.0,0.5053937435150146
2020-10-01_sentinel-2a,2020-10-01,sentinel-2a,4,S2A_32UPD_20201001_1_L2A,MGRS-32UPD,05.00,True,0,24.9,1.000;0.223,0.0,0.0,0.0,0.0,0.0,0.5639,0.4345,0.0013,0.0003,0.0001,0.0,0.0,0.0,0.9992,True,,2.94,2020,451.0,3072.0,0.5603014826774597
2020-10-03_sentinel-2b,2020-10-03,sentinel-2b,4,S2B_32UPD_20201003_1_L2A,MGRS-32UPD,05.00,True,0,23.4,1.000;0.216,0.0,0.0,0.0,0.0,0.0998,0.3936,0.3525,0.0008,0.0541,0.0708,0.0119,0.0163,0.0,0.676,True,,3.19,2020,508.0,3213.0,0.5204529762268066
2020-10-11_sentinel-2a,2020-10-11,sentinel-2a,4,S2A_32UPD_20201011_1_L2A,MGRS-32UPD,05.00,True,0,48.1,1.000;0.223,0.0,0.0,0.0,0.0,0.1521,0.4303,0.3067,0.0008,0.0169,0.0643,0.0289,0.0,0.0,0.6858,True,,4.7,2020,425.0,3372.0,0.6290968656539917
2020-10-13_sentinel-2b,2020-10-13,sentinel-2b,3,S2B_32UPD_20201013_1_L2A,MGRS-32UPD,05.00,True,0,35.5,1.000;0.216,0.0,0.0,0.0,0.0,0.0206,0.1269,0.1743,0.0001,0.0553,0.2467,0.3684,0.0077,0.0,0.2659,True,,4.42,2020,414.0,3006.0,0.5894110202789307
2020-10-28_sentinel-2a,2020-10-28,sentinel-2a,4,S2A_32UPD_20201028_1_L2A,MGRS-32UPD,05.00,True,0,28.3,1.000;0.216,0.0,0.0,0.0,0.0,0.0175,0.0189,0.0129,0.0004,0.0636,0.1641,0.7227,0.0,0.0,0.0253,False,valid_frac<0.2,0.77,2020,,,
2023-03-02_sentinel-2b,2023-03-02,sentinel-2b,1,S2B_32UPC_20230302_0_L2A,MGRS-32UPC,5.09,True,0,13.0,0.216,0.7516778523489933,0.7517,0.0,0.0,0.0,0.0,0.0544,0.0,0.0,0.1074,0.0865,0.0,0.0,0.0363,False,valid_frac<0.2,1.55,2023,,,
2023-03-15_sentinel-2b,2023-03-15,sentinel-2b,1,S2B_32UPD_20230315_0_L2A,MGRS-32UPD,5.09,True,0,55.1,1.000,0.0,0.0,0.0,0.0,0.1448,0.2717,0.13,0.0004,0.0174,0.1643,0.1946,0.0768,0.0,0.3647,True,,4.59,2023,714.0,3208.0,0.5753273963928223
2023-03-27_sentinel-2a,2023-03-27,sentinel-2a,1,S2A_32UPC_20230327_0_L2A,MGRS-32UPC,5.09,True,0,53.2,0.216,0.7516778523489933,0.7517,0.0,0.0,0.0249,0.0139,0.0039,0.0,0.0095,0.0687,0.1053,0.0221,0.0,0.0101,False,valid_frac<0.2,1.59,2023,,,
2023-04-04_sentinel-2b,2023-04-04,sentinel-2b,2,S2B_32UPD_20230404_0_L2A,MGRS-32UPD,5.09,True,0,39.4,1.000;0.223,0.0,0.0,0.0,0.0,0.1075,0.5891,0.1666,0.0012,0.0056,0.0673,0.0316,0.031,0.0,0.7094,True,,11.8,2023,510.0,3232.0,0.655773401260376
2023-04-06_sentinel-2a,2023-04-06,sentinel-2a,2,S2A_32UPD_20230406_0_L2A,MGRS-32UPD,5.09,True,0,0.2,1.000;0.216,0.0,0.0,0.0,0.0,0.0,0.7795,0.2191,0.0013,0.0,0.0,0.0,0.0,0.0,1.0,True,,5.04,2023,516.0,3344.0,0.6545926928520203
2023-04-09_sentinel-2a,2023-04-09,sentinel-2a,1,S2A_32UPC_20230409_0_L2A,MGRS-32UPC,5.09,True,0,17.4,0.223,0.7516778523489933,0.7517,0.0,0.0,0.0473,0.1285,0.0399,0.0,0.0073,0.0215,0.0033,0.0006,0.0,0.1534,False,valid_frac<0.2,1.55,2023,,,
2023-04-19_sentinel-2a,2023-04-19,sentinel-2a,2,S2A_32UPD_20230419_1_L2A,MGRS-32UPD,5.09,True,0,9.2,1.000;0.223,0.0,0.0,0.0,0.0,0.0,0.7932,0.2042,0.0013,0.0013,0.0,0.0,0.0,0.0,0.9987,True,,7.93,2023,377.0,3228.0,0.7224768996238708
2023-04-21_sentinel-2b,2023-04-21,sentinel-2b,2,S2B_32UPD_20230421_0_L2A,MGRS-32UPD,5.09,True,0,0.0,1.000;0.216,0.0,0.0,0.0,0.0,0.0,0.7706,0.2269,0.0011,0.0015,0.0,0.0,0.0,0.0,0.9985,True,,4.11,2023,430.0,3396.0,0.704155445098877
2023-05-09_sentinel-2a,2023-05-09,sentinel-2a,2,S2A_32UPD_20230509_0_L2A,MGRS-32UPD,5.09,True,0,5.9,1.000;0.223,0.0,0.0,0.0,0.0,0.0,0.7652,0.2329,0.001,0.0008,0.0,0.0,0.0,0.0,0.9992,True,,4.36,2023,305.0,3700.0,0.7883211970329285
2023-05-14_sentinel-2b,2023-05-14,sentinel-2b,2,S2B_32UPD_20230514_0_L2A,MGRS-32UPD,5.09,True,0,52.3,1.000;0.223,0.0,0.0,0.0,0.0,0.1202,0.062,0.008,0.0,0.0179,0.1324,0.6012,0.0581,0.0,0.0498,False,valid_frac<0.2,0.78,2023,,,
2023-05-16_sentinel-2a,2023-05-16,sentinel-2a,1,S2A_32UPD_20230516_0_L2A,MGRS-32UPD,5.09,True,0,48.5,1.000,0.0,0.0,0.0,0.0,0.0135,0.1714,0.0473,0.0001,0.0396,0.2681,0.2715,0.1884,0.0,0.1715,False,valid_frac<0.2,0.86,2023,,,
2023-05-26_sentinel-2a,2023-05-26,sentinel-2a,2,S2A_32UPD_20230526_0_L2A,MGRS-32UPD,5.09,True,0,1.2,1.000;0.216,0.0,0.0,0.0,0.0,0.0358,0.7085,0.2252,0.0008,0.0034,0.0183,0.0036,0.0045,0.0,0.915,True,,3.23,2023,390.0,4053.0,0.7834395170211792
2023-05-31_sentinel-2b,2023-05-31,sentinel-2b,1,S2B_32UPC_20230531_0_L2A,MGRS-32UPC,5.09,True,0,29.0,0.216,0.7516778523489933,0.7517,0.0,0.0,0.0,0.1662,0.0548,0.0,0.0,0.0,0.0,0.0273,0.0,0.2137,True,,3.47,2023,484.0,4216.0,0.7611875534057617
2023-06-03_sentinel-2b,2023-06-03,sentinel-2b,2,S2B_32UPD_20230603_0_L2A,MGRS-32UPD,5.09,True,0,7.0,1.000;0.223,0.0,0.0,0.0,0.0,0.0,0.7359,0.2626,0.001,0.0005,0.0,0.0,0.0,0.0,0.9995,True,,3.66,2023,399.0,3776.0,0.7403358817100525
2023-06-05_sentinel-2a,2023-06-05,sentinel-2a,2,S2A_32UPD_20230605_0_L2A,MGRS-32UPD,5.09,True,0,0.9,1.000;0.216,0.0,0.0,0.0,0.0,0.0,0.7273,0.2709,0.0008,0.001,0.0,0.0,0.0,0.0,0.9989,True,,4.0,2023,540.0,3895.0,0.6839441061019897
2023-06-08_sentinel-2a,2023-06-08,sentinel-2a,1,S2A_32UPD_20230608_0_L2A,MGRS-32UPD,5.09,True,0,44.0,1.000,0.0,0.0,0.0,0.0,0.0,0.0151,0.0044,0.0,0.0065,0.2191,0.4871,0.2678,0.0,0.0144,False,valid_frac<0.2,0.83,2023,,,
2023-06-10_sentinel-2b,2023-06-10,sentinel-2b,2,S2B_32UPD_20230610_0_L2A,MGRS-32UPD,5.09,True,0,0.2,1.000;0.216,0.0,0.0,0.0,0.0,0.0,0.7501,0.2481,0.0008,0.001,0.0,0.0,0.0,0.0,0.999,True,,3.38,2023,548.0,3683.0,0.6628011465072632
2023-06-13_sentinel-2b,2023-06-13,sentinel-2b,2,S2B_32UPD_20230613_0_L2A,MGRS-32UPD,5.09,True,0,23.3,1.000;0.223,0.0,0.0,0.0,0.0,0.1651,0.2209,0.0749,0.0,0.0061,0.1944,0.333,0.0056,0.0,0.2551,True,,3.29,2023,748.0,3968.0,0.5901975631713867
2023-06-15_sentinel-2a,2023-06-15,sentinel-2a,1,S2A_32UPC_20230615_0_L2A,MGRS-32UPC,5.09,True,0,47.5,0.216,0.7516778523489933,0.7517,0.0,0.0,0.076,0.0493,0.0123,0.0,0.0034,0.0478,0.0585,0.001,0.0,0.0524,False,valid_frac<0.2,0.82,2023,,,
2023-06-18_sentinel-2a,2023-06-18,sentinel-2a,2,S2A_32UPD_20230618_0_L2A,MGRS-32UPD,5.09,True,0,1.4,1.000;0.223,0.0,0.0,0.0,0.0,0.0,0.8122,0.186,0.0008,0.001,0.0,0.0,0.0,0.0,0.999,True,,3.54,2023,595.0,3164.0,0.6225483417510986
2023-06-25_sentinel-2a,2023-06-25,sentinel-2a,2,S2A_32UPD_20230625_0_L2A,MGRS-32UPD,5.09,True,0,32.4,1.000;0.216,0.0,0.0,0.0,0.0,0.1515,0.4701,0.1072,0.0003,0.0058,0.118,0.1471,0.0,0.0,0.5356,True,,4.75,2023,625.0,3543.0,0.6538107991218567
2023-06-28_sentinel-2a,2023-06-28,sentinel-2a,2,S2A_32UPD_20230628_0_L2A,MGRS-32UPD,5.09,True,0,37.9,1.000;0.223,0.0,0.0,0.0,0.0,0.1472,0.4571,0.1151,0.0008,0.0092,0.1115,0.1591,0.0,0.0,0.5313,True,,5.58,2023,575.0,3544.0,0.6545960903167725
2023-07-05_sentinel-2a,2023-07-05,sentinel-2a,1,S2A_32UPD_20230705_0_L2A,MGRS-32UPD,5.09,True,0,59.9,1.000,0.0,0.0,0.0,0.0,0.0044,0.7439,0.2487,0.0009,0.0009,0.0003,0.0,0.0008,0.0,0.991,True,,9.23,2023,466.0,3716.0,0.6787388324737549
2023-07-08_sentinel-2a,2023-07-08,sentinel-2a,2,S2A_32UPD_20230708_0_L2A,MGRS-32UPD,5.09,True,0,0.5,1.000;0.223,0.0,0.0,0.0,0.0,0.0,0.7074,0.2882,0.0008,0.0008,0.0,0.0,0.0029,0.0,0.9952,True,,3.44,2023,443.0,3432.0,0.6562322378158569
2023-07-15_sentinel-2a,2023-07-15,sentinel-2a,2,S2A_32UPD_20230715_0_L2A,MGRS-32UPD,5.09,True,0,57.6,1.000;0.216,0.0,0.0,0.0,0.0,0.0366,0.2049,0.1427,0.0001,0.0139,0.0532,0.0041,0.5445,0.0,0.3093,True,,3.56,2023,618.0,3872.0,0.5430030226707458
2023-07-18_sentinel-2a,2023-07-18,sentinel-2a,2,S2A_32UPD_20230718_0_L2A,MGRS-32UPD,5.09,True,0,34.9,1.000;0.223,0.0,0.0,0.0,0.0,0.0762,0.5379,0.3058,0.0007,0.0027,0.0432,0.0334,0.0,0.0,0.8145,True,,3.56,2023,369.0,3616.0,0.659363865852356
2023-07-20_sentinel-2b,2023-07-20,sentinel-2b,1,S2B_32UPD_20230720_0_L2A,MGRS-32UPD,5.09,True,0,50.7,1.000,0.0,0.0,0.0,0.0,0.1923,0.3338,0.2214,0.0002,0.0046,0.1326,0.1149,0.0001,0.0,0.5027,True,,3.69,2023,486.0,4272.0,0.5815997123718262
2023-08-09_sentinel-2b,2023-08-09,sentinel-2b,1,S2B_32UPC_20230809_0_L2A,MGRS-32UPC,5.09,True,0,45.4,0.216,0.7516778523489933,0.7517,0.0,0.0,0.0276,0.0529,0.0217,0.0,0.0007,0.0414,0.1035,0.0005,0.0,0.0649,False,valid_frac<0.2,0.83,2023,,,
2023-08-19_sentinel-2b,2023-08-19,sentinel-2b,2,S2B_32UPD_20230819_0_L2A,MGRS-32UPD,5.09,True,0,19.5,1.000;0.216,0.0,0.0,0.0,0.0004,0.0,0.691,0.2882,0.0008,0.0077,0.0,0.0,0.0119,0.0,0.9775,True,,3.46,2023,324.0,3369.0,0.7795044183731079
2023-08-22_sentinel-2b,2023-08-22,sentinel-2b,1,S2B_32UPC_20230822_0_L2A,MGRS-32UPC,5.09,True,0,39.8,0.223,0.7516778523489933,0.7517,0.0,0.0,0.0,0.1841,0.0603,0.0,0.0039,0.0,0.0,0.0,0.0,0.2441,True,,3.09,2023,494.0,3348.0,0.6807567477226257
2023-08-24_sentinel-2a,2023-08-24,sentinel-2a,1,S2A_32UPD_20230824_0_L2A,MGRS-32UPD,5.09,True,0,37.2,1.000,0.0,0.0,0.0,0.0,0.0023,0.5993,0.239,0.0,0.0301,0.0001,0.0,0.1292,0.0,0.8272,True,,3.34,2023,456.0,3316.0,0.6986205577850342
2023-09-06_sentinel-2a,2023-09-06,sentinel-2a,4,S2A_32UPD_20230906_1_L2A,MGRS-32UPD,5.11,True,0,0.0,1.000;0.223,0.0,0.0,0.0,0.0021,0.0,0.7443,0.253,0.0007,0.0,0.0,0.0,0.0,0.0,0.9979,True,,4.98,2023,326.0,3332.0,0.7708835601806641
2023-09-08_sentinel-2b,2023-09-08,sentinel-2b,2,S2B_32UPD_20230908_0_L2A,MGRS-32UPD,5.09,True,0,0.0,1.000;0.216,0.0,0.0,0.0,0.0,0.0,0.7334,0.2654,0.0011,0.0,0.0,0.0,0.0,0.0,1.0,True,,3.28,2023,397.0,3528.0,0.7370830178260803
2023-09-11_sentinel-2b,2023-09-11,sentinel-2b,2,S2B_32UPD_20230911_0_L2A,MGRS-32UPD,5.09,True,0,5.3,1.000;0.223,0.0,0.0,0.0,0.0,0.0015,0.735,0.2625,0.0008,0.0002,0.0,0.0,0.0,0.0,0.9969,True,,2.96,2023,454.0,3220.0,0.6895522475242615
2023-09-16_sentinel-2a,2023-09-16,sentinel-2a,2,S2A_32UPD_20230916_0_L2A,MGRS-32UPD,5.09,True,0,0.0,1.000;0.223,0.0,0.0,0.0,0.0,0.0,0.7373,0.2614,0.0013,0.0,0.0,0.0,0.0,0.0,1.0,True,,3.43,2023,391.0,3074.0,0.7079825401306152
2023-09-21_sentinel-2b,2023-09-21,sentinel-2b,1,S2B_32UPD_20230921_0_L2A,MGRS-32UPD,5.09,True,0,46.3,1.000,0.0,0.0,0.0,0.0,0.0,0.0115,0.0026,0.0,0.039,0.1398,0.7719,0.0352,0.0,0.0115,False,valid_frac<0.2,0.86,2023,,,
2023-09-23_sentinel-2a,2023-09-23,sentinel-2a,1,S2A_32UPC_20230923_0_L2A,MGRS-32UPC,5.09,True,0,39.2,0.216,0.7516778523489933,0.7517,0.0,0.0,0.044,0.0466,0.0306,0.0,0.0137,0.0414,0.072,0.0,0.0,0.0669,False,valid_frac<0.2,0.82,2023,,,
2023-09-26_sentinel-2a,2023-09-26,sentinel-2a,2,S2A_32UPD_20230926_0_L2A,MGRS-32UPD,5.09,True,0,44.9,1.000;0.223,0.0,0.0,0.0,0.0,0.0,0.0241,0.0081,0.0,0.0,0.4628,0.0003,0.5048,0.0,0.0291,False,valid_frac<0.2,0.76,2023,,,
2023-09-28_sentinel-2b,2023-09-28,sentinel-2b,2,S2B_32UPD_20230928_0_L2A,MGRS-32UPD,5.09,True,0,29.9,1.000;0.216,0.0,0.0,0.0,0.0,0.0,0.6721,0.327,0.001,0.0,0.0,0.0,0.0,0.0,1.0,True,,3.38,2023,502.0,3248.0,0.6461336612701416
2023-10-08_sentinel-2b,2023-10-08,sentinel-2b,2,S2B_32UPD_20231008_0_L2A,MGRS-32UPD,5.09,True,0,31.8,1.000;0.216,0.0,0.0,0.0,0.0,0.2383,0.349,0.1805,0.001,0.0108,0.1013,0.1192,0.0,0.0,0.479,True,,4.97,2023,544.0,3628.0,0.6615958213806152
2023-10-21_sentinel-2b,2023-10-21,sentinel-2b,1,S2B_32UPC_20231021_1_L2A,MGRS-32UPC,5.09,True,0,44.9,0.223,0.7516778523489933,0.7517,0.0,0.0,0.0417,0.1218,0.0477,0.0,0.0175,0.0148,0.0046,0.0,0.0,0.158,False,valid_frac<0.2,0.76,2023,,,
2023-10-23_sentinel-2a,2023-10-23,sentinel-2a,3,S2A_32UPD_20231023_1_L2A,MGRS-32UPD,5.11,True,0,11.7,1.000;0.216,0.0,0.0,0.0,0.0,0.0777,0.3864,0.3361,0.001,0.0902,0.0444,0.0642,0.0,0.0,0.6459,True,,6.39,2023,468.0,3062.0,0.6069808006286621
