plotId,fieldName,isArchived,area_declared_ha,subsidyArea,area_geom_orig_ha,valid_orig,invalid_reason,n_parts_orig,n_holes_orig,geom_type_orig,declared_eq_subsidy,action,reason,matched_active_plotId,matched_active_name,match_iou,flags,use_for_stats,area_geom_clean_ha,archived_twins
TkoVKpTSKqZkgFLhnPZi,87 Wiese Schenk 1,False,0.8662548255510628,0.8662548255510628,0.8663,True,,1,0,MultiPolygon,True,kept (modified),active field; no geometry change,,,,multipolygon_to_polygon,True,0.8663,
is0B8JToW47kfVAveolx,Abraham,False,1.2063362683144079,1.2063362683144079,1.2349,True,,1,0,Polygon,True,kept,active field; no geometry change,,,,,True,1.2349,61 Abraham
qfwctMauD5WIJyoszRR9,Ackern Viehtrift,False,48.2213,48.2213,48.2073,True,,1,0,Polygon,True,kept (modified),active field; 0.1 m2 shared with 'Ackern Viehtrift (ÖVF)' removed from this field,,,,overlap_cut:Ackern Viehtrift (ÖVF),True,48.2073,74 Ackern Viehtrift
I7qeeMAEhSlZI8U0T3Bn,Ackern Viehtrift (ÖVF),False,0.5742,0.5742,0.5762,True,,1,0,Polygon,True,kept,active field; 0.1 m2 shared with larger 'Ackern Viehtrift' kept in this field,,,,overlaps:Ackern Viehtrift,True,0.5762,24 Ackern Viehtrift (ÖVF)
pSFJ4nrCmrvraJDKb00b,Allerwiese,False,2.008,2.008,2.033,True,,1,0,Polygon,True,kept,active field; no geometry change,,,,,True,2.033,69 Allerwiese
1OQ4PxgDMhzuGvGxEKgU,Altenaer Weg,False,4.3675,4.3675,4.3668,True,,1,0,Polygon,True,kept,active field; no geometry change,,,,,True,4.3668,3 Altenaer Weg
eRUpDdp3t0hDOvbfBOTT,Am Wehr,False,1.775,1.775,1.7685,True,,1,0,Polygon,True,kept,active field; no geometry change,,,,,True,1.7685,54 Am Wehr
2viqhL8AO4rRHAMh5Fqq,Berg,False,16.894,16.894,16.8938,True,,1,0,Polygon,True,kept (modified),active field; 2 duplicate consecutive vertices removed,,,,dup_vertices_removed,True,16.8938,6 Berg
FzvWonz6fmJVLZRzMyZX,Bocksenden,False,3.475,3.475,3.4738,True,,1,0,Polygon,True,kept,active field; no geometry change,,,,,True,3.4738,20 Bocksenden
JkAxAL5GaTSXU2ODAuOf,Buchhorn,False,4.4231,4.4231,4.423,True,,1,0,Polygon,True,kept,active field; no geometry change,,,,,True,4.423,28 Buchhorn
nj4lokNHppOIxLC2RKrG,Cawi-Wiese,False,5.1763,5.1763,5.1745,True,,1,0,Polygon,True,kept,active field; no geometry change,,,,,True,5.1745,66 Cawi-Wiese
taUMfE6fZvJxC3Zet5uK,Diecke 1,False,3.8341,3.8341,3.8329,True,,1,0,Polygon,True,kept,active field; no geometry change,,,,,True,3.8329,78 Diecke 1
ZT7D0N8Dl4TnHlHMDQPI,Diecke 2,False,6.0397,6.0397,6.0385,True,,1,0,Polygon,True,kept,active field; no geometry change,,,,,True,6.0385,47 Diecke 2
YJqbIYddF2V248sa23Cy,Eichenkoppel,False,0.45,0.45,0.4541,True,,1,0,Polygon,True,kept,active field; no geometry change,,,,no_inner20m,False,0.4541,45 Eichenkoppel
bHW29On9ilbohdl51gQ6,Großer Fleck,False,11.2605,11.2605,11.2567,True,,1,0,Polygon,True,kept,active field; no geometry change,,,,,True,11.2567,50 Großer Fleck
y7yHeXkyCRybIj7aUk0L,Helmecken Kamp,False,5.0236,5.0236,5.0265,True,,1,0,Polygon,True,kept,active field; no geometry change,,,,,True,5.0265,84 Helmecken Kamp
MoYIfvnid4wXBDha0wJ3,Heuweg,False,1.4819,1.4819,1.4739,True,,1,0,Polygon,True,kept,active field; no geometry change,,,,,True,1.4739,32 Heuweg
gQLroZHYi7Prh9NBS6An,Hofbreite,False,20.6974,20.6974,20.6897,True,,1,0,Polygon,True,kept,active field; no geometry change,,,,,True,20.6897,57 Hofbreite
qWDBs4wPcZ49VORemTmL,Hofbreite Seggerde,False,13.8158,13.8158,13.8202,True,,1,0,Polygon,True,kept,active field; no geometry change,,,,,True,13.8202,73 Hofbreite Seggerde
h2NQluewXRLwf0izPlUq,Kampwiese,False,9.6554,9.6554,10.8606,True,,1,0,Polygon,True,kept (modified),active field; 1 duplicate consecutive vertices removed; drawn 10.861 ha vs declared 9.655 ha (+1.205 ha) before any cut,,,,dup_vertices_removed;area_mismatch,True,10.8606,59 Kampwiese
0abhR8nOp0L5JtP5RDft,Kantorplan,False,13.8168,13.8168,13.8162,True,,1,0,Polygon,True,kept (modified),active field; 1 duplicate consecutive vertices removed,,,,dup_vertices_removed,True,13.8162,2 Kantorplan
ekKNAhSNPwYXsWdp39pw,Kaserne,False,0.7,0.7,0.7005,True,,1,0,Polygon,True,kept,active field; no geometry change,,,,,True,0.7005,55 Kaserne
jEXQY4jCuRRx6nDm5mXD,Klapperberg,False,5.064,5.064,5.0623,True,,1,0,Polygon,True,kept,active field; no geometry change,,,,,True,5.0623,62 Klapperberg
a9qeH7mBu4I8g6ME1LJj,Klinzer Brache,False,1.6014,1.6014,1.6033,True,,1,0,Polygon,True,kept (modified),active field; 7 duplicate consecutive vertices removed,,,,dup_vertices_removed,True,1.6033,48 Klinzer Brache
IGAaxDTF2gNapWupigxU,Klinzerbreite,False,27.8911,27.8911,27.8925,True,,1,0,Polygon,True,kept,active field; no geometry change,,,,,True,27.8925,26 Klinzerbreite
WE5wmmGDOWQEBDwHOa11,Kotenphöre,False,3.7233,3.7233,3.7223,True,,1,0,Polygon,True,kept,active field; no geometry change,,,,,True,3.7223,42 Kotenphöre
9cRMOK3r8fyh9P39IPRN,Krautstemme,False,8.6677,8.6677,8.6668,True,,1,0,Polygon,True,kept (modified),active field; 85 duplicate consecutive vertices removed,,,,dup_vertices_removed,True,8.6668,13 Krautstemme
5bsD33dPxIEykTIzWmSC,Krügerbreite,False,13.5195,13.5195,13.518,True,,1,0,Polygon,True,kept,active field; no geometry change,,,,,True,13.518,8 Krügerbreite
rxei8iAceEdX5gBHki5T,Kurze Enden hinter Biogas,False,2.6731,2.6731,2.6729,True,,1,0,Polygon,True,kept,active field; no geometry change,,,,,True,2.6729,76 Kurze Enden hinter Biogas
79BkepicjzH7z2nhsdkd,Kurze Enden vor Biogas,False,3.0962,3.0962,3.0954,True,,1,0,Polygon,True,kept,active field; no geometry change,,,,,True,3.0954,9 Kurze Enden vor Biogas
Y2WW5OvI6C3WYloisd9c,Kälbergehege,False,29.88,29.88,29.876,True,,1,0,Polygon,True,kept,active field; no geometry change,,,,,True,29.876,44 Kälbergehege
9VPFUO3k8opLMOQhg60g,Kälbergehege Brache,False,13.36,13.36,13.3658,True,,1,0,Polygon,True,kept,active field; no geometry change,,,,,True,13.3658,12 Kälbergehege Brache
OrZyEaocNnb6dzCesjwJ,Lange Wiese,False,21.4256,21.4256,21.4158,True,,1,0,Polygon,True,kept (modified),active field; 14096.8 m2 shared with 'Lange Wiese Schonfläche' removed from this field,,,,overlap_cut:Lange Wiese Schonfläche;has_hole_from_cut,True,20.0061,33 Lange Wiese
FEoX6rOUBNzOxytqKgyG,Lange Wiese Schonfläche,False,1.211,1.211,1.4097,True,,1,0,Polygon,True,kept,active field; 14096.8 m2 shared with larger 'Lange Wiese' kept in this field; drawn 1.410 ha vs declared 1.211 ha (+0.199 ha) before any cut,,,,overlaps:Lange Wiese;area_mismatch;no_inner20m,False,1.4097,19 Lange Wiese Schonfläche
CWqLytrVDthrGwd7bXTY,Langes Feld,False,25.7159,25.7159,25.7183,True,,1,0,Polygon,True,kept,active field; no geometry change,,,,,True,25.7183,17 Langes Feld
Hg95tRlOaZmzxET3q3UO,Langes Feld Brache,False,7.0938,7.0938,7.0933,True,,1,0,Polygon,True,kept,active field; no geometry change,,,,,True,7.0933,22 Langes Feld Brache
f4W9xRTLDbTeL2lDlKTU,Lehmkuhle,False,1.1138,1.1138,1.1139,True,,1,0,Polygon,True,kept,active field; no geometry change,,,,no_inner20m,False,1.1139,56 Lehmkuhle
tYx3FXAoCMdYPtKeQjFN,Mackendorfer Wege,False,8.1642,8.1642,8.1624,True,,1,0,Polygon,True,kept,active field; no geometry change,,,,,True,8.1624,77 Mackendorfer Wege
ljsxaVBzA5HBl1D5Edhm,Masch,False,23.9798,23.9798,24.0057,True,,1,0,Polygon,True,kept,active field; no geometry change,,,,,True,24.0057,64 Masch
nIRNtdWeCZR3y5LQgvh1,Milchkoppel,False,26.1764,26.1764,26.6281,True,,1,0,Polygon,True,kept (modified),active field; 4 duplicate consecutive vertices removed; 190.5 m2 shared with 'Parkwiese' removed from this field; drawn 26.628 ha vs declared 26.176 ha (+0.452 ha) before any cut,,,,dup_vertices_removed;overlap_cut:Parkwiese;area_mismatch;has_hole_from_cut,True,26.609,65 Milchkoppel
SEo2xyfcqiAjoec8ZXXa,Mittelbreite,False,54.3614,54.3614,54.3675,True,,1,0,Polygon,True,kept,active field; no geometry change,,,,,True,54.3675,37 Mittelbreite
88abKCvrysJUdBXSIMe0,Mühlenbreite (+),False,26.202,26.202,26.1958,True,,1,0,Polygon,True,kept,active field; no geometry change,,,,,True,26.1958,11 Mühlenbreite (+)
Dv81H1bYj7y0UjXICYs6,Nachthude 1,False,0.4721,0.4721,0.4713,True,,1,0,Polygon,True,kept,active field; no geometry change,,,,no_inner20m,False,0.4713,18 Nachthude 1
05Zp3McBgcXoEISDl6Cy,Nachthude 2,False,1.5706,1.5706,1.5683,True,,1,0,Polygon,True,kept,active field; no geometry change,,,,,True,1.5683,1 Nachthude 2
Z4APzDVDayA0EuGFl34V,Nachthude 3,False,0.7111,0.7111,0.7111,True,,1,0,Polygon,True,kept,active field; no geometry change,,,,,True,0.7111,46 Nachthude 3
xt5iT7ph4MKOPlXTg3wu,Niendorferberg,False,16.7075,16.7075,16.7034,True,,1,0,Polygon,True,kept,active field; no geometry change,,,,,True,16.7034,80 Niendorferberg
p7RF8DS5rABbq6R41FBP,Papenberg,False,21.0708,21.0708,21.0632,True,,1,0,Polygon,True,kept,active field; no geometry change,,,,,True,21.0632,68 Papenberg
SEHa2ajk36SOAbNqgUET,Papenberg Brache,False,0.8236,0.8236,0.8232,True,,1,0,Polygon,True,kept,active field; no geometry change,,,,no_inner20m,False,0.8232,36 Papenberg Brache
B8GsQyOZRxcbQ0Oz1gwU,Parkwiese,False,0.019,0.019,0.019,True,,1,0,Polygon,True,kept (modified),active field; 5 duplicate consecutive vertices removed; 190.5 m2 shared with larger 'Milchkoppel' kept in this field,,,,dup_vertices_removed;overlaps:Milchkoppel;tiny;no_inner20m,False,0.019,14 Parkwiese
zYBVGO615SLhL4PBBppY,Pferdekoppel,False,1.79,1.79,1.7962,True,,1,0,Polygon,True,kept,active field; no geometry change,,,,,True,1.7962,86 Pferdekoppel
Ki5DYxbNODWB78mucar7,Plantage,False,6.9557,6.9557,6.9575,True,,1,0,Polygon,True,kept (modified),active field; 1 duplicate consecutive vertices removed,,,,dup_vertices_removed,True,6.9575,29 Plantage
y2PFgZVFpXfqZ21XEBiz,Porzelle,False,1.0532,1.0532,1.0531,True,,1,0,Polygon,True,kept (modified),active field; 1 duplicate consecutive vertices removed,,,,dup_vertices_removed,True,1.0531,83 Porzelle
C63w3X4vgN15ySLntdWh,Pumpmühlensee,False,6.8524,6.8524,6.8513,True,,1,0,Polygon,True,kept,active field; no geometry change,,,,,True,6.8513,15 Pumpmühlensee
4jwoETVJIql7CxMQk6s5,Ribbensdorf,False,15.1154,15.1154,15.115,True,,1,0,Polygon,True,kept,active field; no geometry change,,,,,True,15.115,7 Ribbensdorf
1fzBfhjgxXFdDk18THCZ,Ribbensdorf Grünland,False,2.3872,2.3872,2.3871,True,,1,0,Polygon,True,kept,active field; no geometry change,,,,,True,2.3871,4 Ribbensdorf Grünland
UtEOTzJjrCM7hZfXgKRE,Rohwiese,False,8.0074,8.0074,8.0052,True,,1,0,Polygon,True,kept,active field; no geometry change,,,,,True,8.0052,40 Rohwiese
IB9k26TJNtbVLs5x0i20,Rotten,False,6.1,6.1,6.0169,True,,1,0,Polygon,True,kept,active field; no geometry change,,,,,True,6.0169,25 Rotten
W2diHmIiKhR3jK8Xk1vr,Röken,False,15.6144,15.6144,15.6142,True,,1,0,Polygon,True,kept,active field; no geometry change,,,,,True,15.6142,41 Röken
iNbassVXlMMBA6fy29DV,Saalsdorfer Breite,False,7.5066,7.5066,7.5064,True,,1,0,Polygon,True,kept,active field; no geometry change,,,,,True,7.5064,60 Saalsdorfer Breite
aL5yzwK7wsT3zHHb3iaH,Sandberg,False,11.29,11.29,11.2905,True,,1,0,Polygon,True,kept (modified),active field; 1 duplicate consecutive vertices removed; 55.9 m2 shared with 'Sandberg - 2' removed from this field,,,,dup_vertices_removed;overlap_cut:Sandberg - 2,True,11.2849,49 Sandberg
xtMqrquNCdC21lZ0NMYI,Sandberg - 2,False,0.001,0.001,0.0056,True,,1,0,Polygon,True,kept,active field; 55.9 m2 shared with larger 'Sandberg' kept in this field,,,,overlaps:Sandberg;tiny;no_inner20m,False,0.0056,81 Sandberg - 2
ynpNB8go3pns6dWXnHaa,Schleuse,False,0.9485,0.9485,0.9442,True,,1,0,Polygon,True,kept,active field; no geometry change,,,,,True,0.9442,85 Schleuse
d6LEyhknfD8JlZY1fj78,Schäferberg,False,3.3276,3.3276,3.3263,True,,1,0,Polygon,True,kept,active field; no geometry change,,,,,True,3.3263,53 Schäferberg
gbCEG1dAjGZBwZzXk4p9,See,False,33.1021,33.1021,33.1051,True,,1,0,Polygon,True,kept,active field; no geometry change,,,,,True,33.1051,58 See
J4h275iDTzfaDB5mKXij,Seewiese,False,5.5047,5.5047,5.5046,True,,1,0,Polygon,True,kept,active field; no geometry change,,,,,True,5.5046,27 Seewiese
Pv7O96OKDuH6pTqbu6TT,Silbersee,False,12.6677,12.6677,13.7014,True,,1,0,Polygon,True,kept (modified),active field; 2 duplicate consecutive vertices removed; drawn 13.701 ha vs declared 12.668 ha (+1.034 ha) before any cut,,,,dup_vertices_removed;area_mismatch,True,13.7014,34 Silbersee
odWWEokiq8bKwUX97NpW,Specksbreite Brache,False,10.5082,10.5082,10.5079,True,,1,0,Polygon,True,kept (modified),"active field; 3 duplicate consecutive vertices removed; 1 needle vertex(es) with angle < 2.0 deg removed, area change +4.67 m2",,,,dup_vertices_removed;spike_removed,True,10.5083,67 Specksbreite Brache
1zsdpuFJMBpXF5GTPz4x,Specksbreite Groß,False,8.1979,8.1979,8.198,True,,1,0,Polygon,True,kept,active field; no geometry change,,,,,True,8.198,5 Specksbreite Groß
MEuXyMsCMrRWoFUz9QK2,Specksbreite Klein,False,2.1216,2.1216,2.1209,True,,1,0,Polygon,True,kept,active field; no geometry change,,,,,True,2.1209,30 Specksbreite Klein
pnZlGAIrQQMGSl0a3HbO,Spraken,False,38.8259,38.8259,38.8372,True,,1,0,Polygon,True,kept (modified),active field; 1 duplicate consecutive vertices removed,,,,dup_vertices_removed,True,38.8372,71 Spraken
cl6skvEI4VCar0GDzch6,Springphör,False,6.977,6.977,6.9742,True,,1,0,Polygon,True,kept,active field; no geometry change,,,,,True,6.9742,52 Springphör
Uo81jMnyjQFDp7IT4Acu,Steinberg,False,3.7702,3.7702,3.7701,True,,1,0,Polygon,True,kept,active field; no geometry change,,,,,True,3.7701,39 Steinberg
qupKPtjxcbSWIbXc2bCm,Stemmen,False,6.1805,6.1805,6.7105,True,,1,0,Polygon,True,kept,active field; drawn 6.710 ha vs declared 6.181 ha (+0.530 ha) before any cut,,,,area_mismatch,True,6.7105,75 Stemmen
pumW6LNsI3T5RD9zW3SI,Tomatenacker,False,1.3200998859976047,1.3200998859976047,1.9819,True,,1,0,Polygon,True,kept,active field; 115.9 m2 shared with larger 'Warberg' kept in this field; drawn 1.982 ha vs declared 1.320 ha (+0.662 ha) before any cut,,,,overlaps:Warberg;area_mismatch,True,1.9819,72 Tomatenacker
brbM5GLEISmoIqRkdO2s,Umfeld Bredau,False,2.6038,2.6038,2.6031,True,,1,0,Polygon,True,kept,active field; no geometry change,,,,,True,2.6031,51 Umfeld Bredau
HXEGnhPKFWCC6Hny8lkP,Umfeld Groß,False,31.8764,31.8764,31.8647,True,,1,0,Polygon,True,kept (modified),active field; 8.5 m2 shared with 'Umfeld Klein' removed from this field,,,,overlap_cut:Umfeld Klein,True,31.8639,21 Umfeld Groß
kl3eHxzisV4Y0eRcmcsP,Umfeld Klein,False,4.0073,4.0073,4.0064,True,,1,0,Polygon,True,kept,active field; 8.5 m2 shared with larger 'Umfeld Groß' kept in this field,,,,overlaps:Umfeld Groß,True,4.0064,63 Umfeld Klein
84wWsLweJNKIeKtogS3a,Umfeldwiese,False,9.1839,9.1839,9.1804,True,,1,0,Polygon,True,kept,active field; no geometry change,,,,,True,9.1804,10 Umfeldwiese
xwqo8oZ0Ei3I7dqYD3A9,Warberg,False,4.3273,4.3273,4.3272,True,,1,0,Polygon,True,kept (modified),active field; 115.9 m2 shared with 'Tomatenacker' removed from this field,,,,overlap_cut:Tomatenacker,True,4.3156,82 Warberg
UF9K8gJ5QIQkYgEH1JXd,Wasserfurche,False,3.1124,3.1124,3.1114,True,,1,0,Polygon,True,kept,active field; no geometry change,,,,,True,3.1114,38 Wasserfurche
XtCCVl30ddn9L4HkCY3n,Wiesenbalken,False,6.3402,6.3402,6.3405,True,,1,0,Polygon,True,kept (modified),active field; 2 duplicate consecutive vertices removed,,,,dup_vertices_removed,True,6.3405,43 Wiesenbalken
MmEAcGOQCCEq8qosxh56,Windmühlenberg (+),False,29.3988,29.3988,29.3921,True,,1,0,Polygon,True,kept,active field; no geometry change,,,,,True,29.3921,31 Windmühlenberg (+)
Hk3aYz9j56wbQD4u3rAC,Wolfskuhle,False,20.395,20.395,24.7885,True,,1,0,Polygon,True,kept (modified),active field; 4470.3 m2 shared with 'Wolfskuhle (ÖVF)' removed from this field; 1 part(s) < 100 m2 removed (0.0 m2 total); drawn 24.789 ha vs declared 20.395 ha (+4.394 ha) before any cut,,,,overlap_cut:Wolfskuhle (ÖVF);sliver_parts_removed;area_mismatch,True,24.3415,23 Wolfskuhle
QHOlQ6hep3oeVCNc1g02,Wolfskuhle (ÖVF),False,2.6981,2.6981,2.6969,False,Ring Self-intersection[639402.885106966 5801802.77636554],1,0,Polygon,True,kept (modified),"active field; make_valid (Ring Self-intersection[639402.885106966 5801802.77636554]), polygonal parts kept, area change -0.00 m2; 4470.3 m2 shared with larger 'Wolfskuhle' kept in this field",,,,repaired_invalid;overlaps:Wolfskuhle,True,2.6969,35 Wolfskuhle (ÖVF)
w5bt3UWzJUlmXGtXdl3I,Zagrai-Wiese,False,6.1698,6.1698,6.1672,True,,1,0,Polygon,True,kept,active field; no geometry change,,,,,True,6.1672,79 Zagrai-Wiese
COv0wiCGWG4JsD0sYEW4,vor den Luken,False,12.0463,12.0463,12.0423,True,,1,0,Polygon,True,kept,active field; no geometry change,,,,,True,12.0423,16 vor den Luken
pcsJj09c17yzqHrERNFW,vor den Tannen,False,6.583,6.583,6.6569,True,,1,0,Polygon,True,kept,active field; no geometry change,,,,,True,6.6569,70 vor den Tannen
lfEAciIY9vb4PgGb0aTl,1 Nachthude 2,True,1.5706,1.5706,1.5683,True,,1,0,MultiPolygon,True,dropped: archived copy of active field,IoU=1.00000 with active 'Nachthude 2'; name matches after stripping numeric prefix; declared area identical,05Zp3McBgcXoEISDl6Cy,Nachthude 2,1.0,,,,
IBwWV1yInLTGPkUvv7fG,10 Umfeldwiese,True,9.1839,9.1839,9.1804,True,,1,0,MultiPolygon,True,dropped: archived copy of active field,IoU=1.00000 with active 'Umfeldwiese'; name matches after stripping numeric prefix; declared area identical,84wWsLweJNKIeKtogS3a,Umfeldwiese,1.0,,,,
xJUxHscajW3kIn34ai1n,11 Mühlenbreite (+),True,26.202,26.202,26.1958,True,,1,0,MultiPolygon,True,dropped: archived copy of active field,IoU=1.00000 with active 'Mühlenbreite (+)'; name matches after stripping numeric prefix; declared area identical,88abKCvrysJUdBXSIMe0,Mühlenbreite (+),1.0,,,,
YPk0A2DUOzXl11DuosPE,12 Kälbergehege Brache,True,13.36,13.36,13.3658,True,,1,0,MultiPolygon,True,dropped: archived copy of active field,IoU=1.00000 with active 'Kälbergehege Brache'; name matches after stripping numeric prefix; declared area identical,9VPFUO3k8opLMOQhg60g,Kälbergehege Brache,1.0,,,,
In4YD2MjaolwiT7IhXV7,13 Krautstemme,True,8.6677,8.6677,8.6668,True,,1,0,MultiPolygon,True,dropped: archived copy of active field,IoU=1.00000 with active 'Krautstemme'; name matches after stripping numeric prefix; declared area identical,9cRMOK3r8fyh9P39IPRN,Krautstemme,1.0,,,,
FkSr5o6IW7Wn3gmnYZi3,14 Parkwiese,True,0.019,0.019,0.019,True,,1,0,MultiPolygon,True,dropped: archived copy of active field,IoU=1.00000 with active 'Parkwiese'; name matches after stripping numeric prefix; declared area identical,B8GsQyOZRxcbQ0Oz1gwU,Parkwiese,1.0,,,,
VWSOdLrU54xL4AGEbqLN,15 Pumpmühlensee,True,6.8524,6.8524,6.8513,True,,1,0,MultiPolygon,True,dropped: archived copy of active field,IoU=1.00000 with active 'Pumpmühlensee'; name matches after stripping numeric prefix; declared area identical,C63w3X4vgN15ySLntdWh,Pumpmühlensee,1.0,,,,
kGhNJvVBCGs8GQZUQdtQ,16 vor den Luken,True,12.0463,12.0463,12.0423,True,,1,0,MultiPolygon,True,dropped: archived copy of active field,IoU=1.00000 with active 'vor den Luken'; name matches after stripping numeric prefix; declared area identical,COv0wiCGWG4JsD0sYEW4,vor den Luken,1.0,,,,
vrTclRbbgNbXclTqhvG4,17 Langes Feld,True,25.7159,25.7159,25.7183,True,,1,0,MultiPolygon,True,dropped: archived copy of active field,IoU=1.00000 with active 'Langes Feld'; name matches after stripping numeric prefix; declared area identical,CWqLytrVDthrGwd7bXTY,Langes Feld,1.0,,,,
Udaws8NbCN3PBITbiKUt,18 Nachthude 1,True,0.4721,0.4721,0.4713,True,,1,0,MultiPolygon,True,dropped: archived copy of active field,IoU=1.00000 with active 'Nachthude 1'; name matches after stripping numeric prefix; declared area identical,Dv81H1bYj7y0UjXICYs6,Nachthude 1,1.0,,,,
ZKeeYSRNQX9zJfqBYFdJ,19 Lange Wiese Schonfläche,True,1.211,1.211,1.4097,True,,1,0,MultiPolygon,True,dropped: archived copy of active field,IoU=1.00000 with active 'Lange Wiese Schonfläche'; name matches after stripping numeric prefix; declared area identical,FEoX6rOUBNzOxytqKgyG,Lange Wiese Schonfläche,1.0,,,,
5Dl1lnrzvSCSHaYMwcHM,2 Kantorplan,True,13.8168,13.8168,13.8162,True,,1,0,MultiPolygon,True,dropped: archived copy of active field,IoU=1.00000 with active 'Kantorplan'; name matches after stripping numeric prefix; declared area identical,0abhR8nOp0L5JtP5RDft,Kantorplan,1.0,,,,
iDLQmQrBny7E4lhGdIBz,20 Bocksenden,True,3.475,3.475,3.4738,True,,1,0,MultiPolygon,True,dropped: archived copy of active field,IoU=1.00000 with active 'Bocksenden'; name matches after stripping numeric prefix; declared area identical,FzvWonz6fmJVLZRzMyZX,Bocksenden,1.0,,,,
pG7WN1D6lCy1gZAQ9SEd,21 Umfeld Groß,True,31.8764,31.8764,31.8647,True,,1,0,MultiPolygon,True,dropped: archived copy of active field,IoU=1.00000 with active 'Umfeld Groß'; name matches after stripping numeric prefix; declared area identical,HXEGnhPKFWCC6Hny8lkP,Umfeld Groß,1.0,,,,
oShpxQW1dgiKnH1VTbGQ,22 Langes Feld Brache,True,7.0938,7.0938,7.0933,True,,1,0,MultiPolygon,True,dropped: archived copy of active field,IoU=1.00000 with active 'Langes Feld Brache'; name matches after stripping numeric prefix; declared area identical,Hg95tRlOaZmzxET3q3UO,Langes Feld Brache,1.0,,,,
240YkBA3IZe9xrJFVwZ0,23 Wolfskuhle,True,20.395,20.395,24.7885,True,,1,0,MultiPolygon,True,dropped: archived copy of active field,IoU=1.00000 with active 'Wolfskuhle'; name matches after stripping numeric prefix; declared area identical,Hk3aYz9j56wbQD4u3rAC,Wolfskuhle,1.0,,,,
6wQOKVpHWKMH1cdcEzYS,24 Ackern Viehtrift (ÖVF),True,0.5742,0.5742,0.5762,True,,1,0,MultiPolygon,True,dropped: archived copy of active field,IoU=1.00000 with active 'Ackern Viehtrift (ÖVF)'; name matches after stripping numeric prefix; declared area identical,I7qeeMAEhSlZI8U0T3Bn,Ackern Viehtrift (ÖVF),1.0,,,,
ehF4yJfdMu09jxISrjRM,25 Rotten,True,6.1,6.1,6.0169,True,,1,0,MultiPolygon,True,dropped: archived copy of active field,IoU=1.00000 with active 'Rotten'; name matches after stripping numeric prefix; declared area identical,IB9k26TJNtbVLs5x0i20,Rotten,1.0,,,,
DDaitLe4cYlyUGJfbAr7,26 Klinzerbreite,True,27.8911,27.8911,27.8925,True,,1,0,MultiPolygon,True,dropped: archived copy of active field,IoU=1.00000 with active 'Klinzerbreite'; name matches after stripping numeric prefix; declared area identical,IGAaxDTF2gNapWupigxU,Klinzerbreite,1.0,,,,
j4wzwR0YpXnTDYDqAdah,27 Seewiese,True,5.5047,5.5047,5.5046,True,,1,0,MultiPolygon,True,dropped: archived copy of active field,IoU=1.00000 with active 'Seewiese'; name matches after stripping numeric prefix; declared area identical,J4h275iDTzfaDB5mKXij,Seewiese,1.0,,,,
9tuVtXqt25ujN6RoXSFI,28 Buchhorn,True,4.4231,4.4231,4.423,True,,1,0,MultiPolygon,True,dropped: archived copy of active field,IoU=1.00000 with active 'Buchhorn'; name matches after stripping numeric prefix; declared area identical,JkAxAL5GaTSXU2ODAuOf,Buchhorn,1.0,,,,
XtMYWJ6Kqe2YdGx8wXFW,29 Plantage,True,6.9557,6.9557,6.9575,True,,1,0,MultiPolygon,True,dropped: archived copy of active field,IoU=1.00000 with active 'Plantage'; name matches after stripping numeric prefix; declared area identical,Ki5DYxbNODWB78mucar7,Plantage,1.0,,,,
GUYAXWj4nTRw9ldAEnCn,3 Altenaer Weg,True,4.3675,4.3675,4.3668,True,,1,0,MultiPolygon,True,dropped: archived copy of active field,IoU=1.00000 with active 'Altenaer Weg'; name matches after stripping numeric prefix; declared area identical,1OQ4PxgDMhzuGvGxEKgU,Altenaer Weg,1.0,,,,
MWMQCmtkI0tifzvHiomY,30 Specksbreite Klein,True,2.1216,2.1216,2.1209,True,,1,0,MultiPolygon,True,dropped: archived copy of active field,IoU=1.00000 with active 'Specksbreite Klein'; name matches after stripping numeric prefix; declared area identical,MEuXyMsCMrRWoFUz9QK2,Specksbreite Klein,1.0,,,,
LJD0MdyOrlK02tjDaprM,31 Windmühlenberg (+),True,29.3988,29.3988,29.3921,True,,1,0,MultiPolygon,True,dropped: archived copy of active field,IoU=1.00000 with active 'Windmühlenberg (+)'; name matches after stripping numeric prefix; declared area identical,MmEAcGOQCCEq8qosxh56,Windmühlenberg (+),1.0,,,,
Ghtz5UaEV60C00xsEFrr,32 Heuweg,True,1.4819,1.4819,1.4739,True,,1,0,MultiPolygon,True,dropped: archived copy of active field,IoU=1.00000 with active 'Heuweg'; name matches after stripping numeric prefix; declared area identical,MoYIfvnid4wXBDha0wJ3,Heuweg,1.0,,,,
tVWJJ38ZZhoQegmt5eWA,33 Lange Wiese,True,21.4256,21.4256,21.4158,True,,1,0,MultiPolygon,True,dropped: archived copy of active field,IoU=1.00000 with active 'Lange Wiese'; name matches after stripping numeric prefix; declared area identical,OrZyEaocNnb6dzCesjwJ,Lange Wiese,1.0,,,,
tQ6HjtjUb9E6a57vK6dJ,34 Silbersee,True,12.6677,12.6677,13.7014,True,,1,0,MultiPolygon,True,dropped: archived copy of active field,IoU=1.00000 with active 'Silbersee'; name matches after stripping numeric prefix; declared area identical,Pv7O96OKDuH6pTqbu6TT,Silbersee,1.0,,,,
UH2VolSAGexnBuLgGzao,35 Wolfskuhle (ÖVF),True,2.6981,2.6981,2.6969,True,,1,0,MultiPolygon,True,dropped: archived copy of active field,IoU=1.00000 with active 'Wolfskuhle (ÖVF)'; name matches after stripping numeric prefix; declared area identical,QHOlQ6hep3oeVCNc1g02,Wolfskuhle (ÖVF),1.0,,,,
8q8dZbEop5WY4COAz1NI,36 Papenberg Brache,True,0.8236,0.8236,0.8232,True,,1,0,MultiPolygon,True,dropped: archived copy of active field,IoU=1.00000 with active 'Papenberg Brache'; name matches after stripping numeric prefix; declared area identical,SEHa2ajk36SOAbNqgUET,Papenberg Brache,1.0,,,,
0Il5VzaU0l02WGpWxDoC,37 Mittelbreite,True,54.3614,54.3614,54.3675,True,,1,0,MultiPolygon,True,dropped: archived copy of active field,IoU=1.00000 with active 'Mittelbreite'; name matches after stripping numeric prefix; declared area identical,SEo2xyfcqiAjoec8ZXXa,Mittelbreite,1.0,,,,
pum6dJMg5xKaOYW0yEj1,38 Wasserfurche,True,3.1124,3.1124,3.1114,True,,1,0,MultiPolygon,True,dropped: archived copy of active field,IoU=1.00000 with active 'Wasserfurche'; name matches after stripping numeric prefix; declared area identical,UF9K8gJ5QIQkYgEH1JXd,Wasserfurche,1.0,,,,
UxOTL7ln9MMAnMGneEvK,39 Steinberg,True,3.7702,3.7702,3.7701,True,,1,0,MultiPolygon,True,dropped: archived copy of active field,IoU=1.00000 with active 'Steinberg'; name matches after stripping numeric prefix; declared area identical,Uo81jMnyjQFDp7IT4Acu,Steinberg,1.0,,,,
H6t9HlVuJJU0g7Z14HwY,4 Ribbensdorf Grünland,True,2.3872,2.3872,2.3871,True,,1,0,MultiPolygon,True,dropped: archived copy of active field,IoU=1.00000 with active 'Ribbensdorf Grünland'; name matches after stripping numeric prefix; declared area identical,1fzBfhjgxXFdDk18THCZ,Ribbensdorf Grünland,1.0,,,,
S64M9J6HX4sdJ54bAZ5I,40 Rohwiese,True,8.0074,8.0074,8.0052,True,,1,0,MultiPolygon,True,dropped: archived copy of active field,IoU=1.00000 with active 'Rohwiese'; name matches after stripping numeric prefix; declared area identical,UtEOTzJjrCM7hZfXgKRE,Rohwiese,1.0,,,,
MHoFELVWAC6a4hyVlEkw,41 Röken,True,15.6144,15.6144,15.6142,True,,1,0,MultiPolygon,True,dropped: archived copy of active field,IoU=1.00000 with active 'Röken'; name matches after stripping numeric prefix; declared area identical,W2diHmIiKhR3jK8Xk1vr,Röken,1.0,,,,
9DENuI07MYC51ugWBMb4,42 Kotenphöre,True,3.7233,3.7233,3.7223,True,,1,0,MultiPolygon,True,dropped: archived copy of active field,IoU=1.00000 with active 'Kotenphöre'; name matches after stripping numeric prefix; declared area identical,WE5wmmGDOWQEBDwHOa11,Kotenphöre,1.0,,,,
Cl9FC6lKFIjiuLFv37Zf,43 Wiesenbalken,True,6.3402,6.3402,6.3405,True,,1,0,MultiPolygon,True,dropped: archived copy of active field,IoU=1.00000 with active 'Wiesenbalken'; name matches after stripping numeric prefix; declared area identical,XtCCVl30ddn9L4HkCY3n,Wiesenbalken,1.0,,,,
RScXKwgMABGtM3sq7ONF,44 Kälbergehege,True,29.88,29.88,29.876,True,,1,0,MultiPolygon,True,dropped: archived copy of active field,IoU=1.00000 with active 'Kälbergehege'; name matches after stripping numeric prefix; declared area identical,Y2WW5OvI6C3WYloisd9c,Kälbergehege,1.0,,,,
spnZTP6Cw55aGbSVlZHc,45 Eichenkoppel,True,0.45,0.45,0.4541,True,,1,0,MultiPolygon,True,dropped: archived copy of active field,IoU=1.00000 with active 'Eichenkoppel'; name matches after stripping numeric prefix; declared area identical,YJqbIYddF2V248sa23Cy,Eichenkoppel,1.0,,,,
Ph37uSirFTVBgdF9Vd5O,46 Nachthude 3,True,0.7111,0.7111,0.7111,True,,1,0,MultiPolygon,True,dropped: archived copy of active field,IoU=1.00000 with active 'Nachthude 3'; name matches after stripping numeric prefix; declared area identical,Z4APzDVDayA0EuGFl34V,Nachthude 3,1.0,,,,
cpmR3BFyBccadaQ3wXmX,47 Diecke 2,True,6.0397,6.0397,6.0385,True,,1,0,MultiPolygon,True,dropped: archived copy of active field,IoU=1.00000 with active 'Diecke 2'; name matches after stripping numeric prefix; declared area identical,ZT7D0N8Dl4TnHlHMDQPI,Diecke 2,1.0,,,,
H7ozTkkDIa70M1oYsyaR,48 Klinzer Brache,True,1.6014,1.6014,1.6033,True,,1,0,MultiPolygon,True,dropped: archived copy of active field,IoU=1.00000 with active 'Klinzer Brache'; name matches after stripping numeric prefix; declared area identical,a9qeH7mBu4I8g6ME1LJj,Klinzer Brache,1.0,,,,
71l22wUze3loAkAu2nij,49 Sandberg,True,11.29,11.29,11.2905,True,,1,0,MultiPolygon,True,dropped: archived copy of active field,IoU=1.00000 with active 'Sandberg'; name matches after stripping numeric prefix; declared area identical,aL5yzwK7wsT3zHHb3iaH,Sandberg,1.0,,,,
0NgeEmwU3dmX8lv7LhZE,5 Specksbreite Groß,True,8.1979,8.1979,8.198,True,,1,0,MultiPolygon,True,dropped: archived copy of active field,IoU=1.00000 with active 'Specksbreite Groß'; name matches after stripping numeric prefix; declared area identical,1zsdpuFJMBpXF5GTPz4x,Specksbreite Groß,1.0,,,,
pQKh8tYk8Xi70lauFbzm,50 Großer Fleck,True,11.2605,11.2605,11.2567,True,,1,0,MultiPolygon,True,dropped: archived copy of active field,IoU=1.00000 with active 'Großer Fleck'; name matches after stripping numeric prefix; declared area identical,bHW29On9ilbohdl51gQ6,Großer Fleck,1.0,,,,
MFiVR8U0vbh0rmDNw7Za,51 Umfeld Bredau,True,2.6038,2.6038,2.6031,True,,1,0,MultiPolygon,True,dropped: archived copy of active field,IoU=1.00000 with active 'Umfeld Bredau'; name matches after stripping numeric prefix; declared area identical,brbM5GLEISmoIqRkdO2s,Umfeld Bredau,1.0,,,,
FewPkRVpCnn3vdBl6IKv,52 Springphör,True,6.977,6.977,6.9742,True,,1,0,MultiPolygon,True,dropped: archived copy of active field,IoU=1.00000 with active 'Springphör'; name matches after stripping numeric prefix; declared area identical,cl6skvEI4VCar0GDzch6,Springphör,1.0,,,,
EhjdzBhOfnJtMgDGmEwU,53 Schäferberg,True,3.3276,3.3276,3.3263,True,,1,0,MultiPolygon,True,dropped: archived copy of active field,IoU=1.00000 with active 'Schäferberg'; name matches after stripping numeric prefix; declared area identical,d6LEyhknfD8JlZY1fj78,Schäferberg,1.0,,,,
LKuHSFW72w19Pdqf6Nex,54 Am Wehr,True,1.775,1.775,1.7685,True,,1,0,MultiPolygon,True,dropped: archived copy of active field,IoU=1.00000 with active 'Am Wehr'; name matches after stripping numeric prefix; declared area identical,eRUpDdp3t0hDOvbfBOTT,Am Wehr,1.0,,,,
DpQLKGUcR3qqcgqFQIdr,55 Kaserne,True,0.7,0.7,0.7005,True,,1,0,MultiPolygon,True,dropped: archived copy of active field,IoU=1.00000 with active 'Kaserne'; name matches after stripping numeric prefix; declared area identical,ekKNAhSNPwYXsWdp39pw,Kaserne,1.0,,,,
P2ZZYbcD6eO9dFXhAvRf,56 Lehmkuhle,True,1.1138,1.1138,1.1139,True,,1,0,MultiPolygon,True,dropped: archived copy of active field,IoU=1.00000 with active 'Lehmkuhle'; name matches after stripping numeric prefix; declared area identical,f4W9xRTLDbTeL2lDlKTU,Lehmkuhle,1.0,,,,
sT6YHU0ckOUnr8EWUjoX,57 Hofbreite,True,20.6974,20.6974,20.6897,True,,1,0,MultiPolygon,True,dropped: archived copy of active field,IoU=1.00000 with active 'Hofbreite'; name matches after stripping numeric prefix; declared area identical,gQLroZHYi7Prh9NBS6An,Hofbreite,1.0,,,,
QCDFSg3GiVlW51Tv07cC,58 See,True,33.1021,33.1021,33.1051,True,,1,0,MultiPolygon,True,dropped: archived copy of active field,IoU=1.00000 with active 'See'; name matches after stripping numeric prefix; declared area identical,gbCEG1dAjGZBwZzXk4p9,See,1.0,,,,
BnGk3hjhCdFBftPYUrqI,59 Kampwiese,True,9.6554,9.6554,10.8606,True,,1,0,MultiPolygon,True,dropped: archived copy of active field,IoU=1.00000 with active 'Kampwiese'; name matches after stripping numeric prefix; declared area identical,h2NQluewXRLwf0izPlUq,Kampwiese,1.0,,,,
904OFwrUEnTdsYJ3YhAQ,6 Berg,True,16.894,16.894,16.8938,True,,1,0,MultiPolygon,True,dropped: archived copy of active field,IoU=1.00000 with active 'Berg'; name matches after stripping numeric prefix; declared area identical,2viqhL8AO4rRHAMh5Fqq,Berg,1.0,,,,
CAQP7y5jLbMloW1OMxCV,60 Saalsdorfer Breite,True,7.5066,7.5066,7.5064,True,,1,0,MultiPolygon,True,dropped: archived copy of active field,IoU=1.00000 with active 'Saalsdorfer Breite'; name matches after stripping numeric prefix; declared area identical,iNbassVXlMMBA6fy29DV,Saalsdorfer Breite,1.0,,,,
qwt5Xc7ZvmY133qXXUCE,61 Abraham,True,1.2063362683144079,1.2063362683144079,1.2349,True,,1,0,MultiPolygon,True,dropped: archived copy of active field,IoU=1.00000 with active 'Abraham'; name matches after stripping numeric prefix; declared area identical,is0B8JToW47kfVAveolx,Abraham,1.0,,,,
Tuzr9x9yJNe0RGPL7jTJ,62 Klapperberg,True,5.064,5.064,5.0623,True,,1,0,MultiPolygon,True,dropped: archived copy of active field,IoU=1.00000 with active 'Klapperberg'; name matches after stripping numeric prefix; declared area identical,jEXQY4jCuRRx6nDm5mXD,Klapperberg,1.0,,,,
OWwOzMIMT78z4d2ligP0,63 Umfeld Klein,True,4.0073,4.0073,4.0064,True,,1,0,MultiPolygon,True,dropped: archived copy of active field,IoU=1.00000 with active 'Umfeld Klein'; name matches after stripping numeric prefix; declared area identical,kl3eHxzisV4Y0eRcmcsP,Umfeld Klein,1.0,,,,
WnhhcWwAXJ9FvxKwKw7j,64 Masch,True,23.9798,23.9798,24.0057,True,,1,0,MultiPolygon,True,dropped: archived copy of active field,IoU=1.00000 with active 'Masch'; name matches after stripping numeric prefix; declared area identical,ljsxaVBzA5HBl1D5Edhm,Masch,1.0,,,,
coISe8amMcXBNHhmgKpb,65 Milchkoppel,True,26.1764,26.1764,26.6281,True,,1,0,MultiPolygon,True,dropped: archived copy of active field,IoU=1.00000 with active 'Milchkoppel'; name matches after stripping numeric prefix; declared area identical,nIRNtdWeCZR3y5LQgvh1,Milchkoppel,1.0,,,,
rnVI77z38HN5297xcPST,66 Cawi-Wiese,True,5.1763,5.1763,5.1745,True,,1,0,MultiPolygon,True,dropped: archived copy of active field,IoU=1.00000 with active 'Cawi-Wiese'; name matches after stripping numeric prefix; declared area identical,nj4lokNHppOIxLC2RKrG,Cawi-Wiese,1.0,,,,
lSjuBGoCsEXoQUP6f07H,67 Specksbreite Brache,True,10.5082,10.5082,10.5079,True,,1,0,MultiPolygon,True,dropped: archived copy of active field,IoU=1.00000 with active 'Specksbreite Brache'; name matches after stripping numeric prefix; declared area identical,odWWEokiq8bKwUX97NpW,Specksbreite Brache,1.0,,,,
4tCUQkJ07sxJFcmQ9hHc,68 Papenberg,True,21.0708,21.0708,21.0632,True,,1,0,MultiPolygon,True,dropped: archived copy of active field,IoU=1.00000 with active 'Papenberg'; name matches after stripping numeric prefix; declared area identical,p7RF8DS5rABbq6R41FBP,Papenberg,1.0,,,,
c50hBxC01puzBgURMvSr,69 Allerwiese,True,2.008,2.008,2.033,True,,1,0,MultiPolygon,True,dropped: archived copy of active field,IoU=1.00000 with active 'Allerwiese'; name matches after stripping numeric prefix; declared area identical,pSFJ4nrCmrvraJDKb00b,Allerwiese,1.0,,,,
XHodyU70dTNH4IAEDhCS,7 Ribbensdorf,True,15.1154,15.1154,15.115,True,,1,0,MultiPolygon,True,dropped: archived copy of active field,IoU=1.00000 with active 'Ribbensdorf'; name matches after stripping numeric prefix; declared area identical,4jwoETVJIql7CxMQk6s5,Ribbensdorf,1.0,,,,
jEBJ9oxBZPfFC5WJ78v6,70 vor den Tannen,True,6.583,6.583,6.6569,True,,1,0,MultiPolygon,True,dropped: archived copy of active field,IoU=1.00000 with active 'vor den Tannen'; name matches after stripping numeric prefix; declared area identical,pcsJj09c17yzqHrERNFW,vor den Tannen,1.0,,,,
yohVdge2IzKQgJ2WT7wX,71 Spraken,True,38.8259,38.8259,38.8372,True,,1,0,MultiPolygon,True,dropped: archived copy of active field,IoU=1.00000 with active 'Spraken'; name matches after stripping numeric prefix; declared area identical,pnZlGAIrQQMGSl0a3HbO,Spraken,1.0,,,,
DWNYRH7qTdhawIKJeofS,72 Tomatenacker,True,1.3200998859976047,1.3200998859976047,1.9819,True,,1,0,MultiPolygon,True,dropped: archived copy of active field,IoU=1.00000 with active 'Tomatenacker'; name matches after stripping numeric prefix; declared area identical,pumW6LNsI3T5RD9zW3SI,Tomatenacker,1.0,,,,
PDgLeFC9Lh0n9eXqMLXM,73 Hofbreite Seggerde,True,13.8158,13.8158,13.8202,True,,1,0,MultiPolygon,True,dropped: archived copy of active field,IoU=1.00000 with active 'Hofbreite Seggerde'; name matches after stripping numeric prefix; declared area identical,qWDBs4wPcZ49VORemTmL,Hofbreite Seggerde,1.0,,,,
4ftUTDTwJPObB1cQJqJe,74 Ackern Viehtrift,True,48.2213,48.2213,48.2073,True,,1,0,MultiPolygon,True,dropped: archived copy of active field,IoU=1.00000 with active 'Ackern Viehtrift'; name matches after stripping numeric prefix; declared area identical,qfwctMauD5WIJyoszRR9,Ackern Viehtrift,1.0,,,,
8FI8EjIOcn58sALht9BS,75 Stemmen,True,6.1805,6.1805,6.7105,True,,1,0,MultiPolygon,True,dropped: archived copy of active field,IoU=1.00000 with active 'Stemmen'; name matches after stripping numeric prefix; declared area identical,qupKPtjxcbSWIbXc2bCm,Stemmen,1.0,,,,
bdsHGuR1W3A7cTeFiOlP,76 Kurze Enden hinter Biogas,True,2.6731,2.6731,2.6729,True,,1,0,MultiPolygon,True,dropped: archived copy of active field,IoU=1.00000 with active 'Kurze Enden hinter Biogas'; name matches after stripping numeric prefix; declared area identical,rxei8iAceEdX5gBHki5T,Kurze Enden hinter Biogas,1.0,,,,
FgWKiZdqjjwB4gPKL0aD,77 Mackendorfer Wege,True,8.1642,8.1642,8.1624,True,,1,0,MultiPolygon,True,dropped: archived copy of active field,IoU=1.00000 with active 'Mackendorfer Wege'; name matches after stripping numeric prefix; declared area identical,tYx3FXAoCMdYPtKeQjFN,Mackendorfer Wege,1.0,,,,
ZNyRLQaGehrTpOL7NVhD,78 Diecke 1,True,3.8341,3.8341,3.8329,True,,1,0,MultiPolygon,True,dropped: archived copy of active field,IoU=1.00000 with active 'Diecke 1'; name matches after stripping numeric prefix; declared area identical,taUMfE6fZvJxC3Zet5uK,Diecke 1,1.0,,,,
9ZgrKbj7gRahGx9kY2Y5,79 Zagrai-Wiese,True,6.1698,6.1698,6.1672,True,,1,0,MultiPolygon,True,dropped: archived copy of active field,IoU=1.00000 with active 'Zagrai-Wiese'; name matches after stripping numeric prefix; declared area identical,w5bt3UWzJUlmXGtXdl3I,Zagrai-Wiese,1.0,,,,
sQpflEIcLnzUrP1trliK,8 Krügerbreite,True,13.5195,13.5195,13.518,True,,1,0,MultiPolygon,True,dropped: archived copy of active field,IoU=1.00000 with active 'Krügerbreite'; name matches after stripping numeric prefix; declared area identical,5bsD33dPxIEykTIzWmSC,Krügerbreite,1.0,,,,
89kr6f9xds8HGDCuGtBF,80 Niendorferberg,True,16.7075,16.7075,16.7034,True,,1,0,MultiPolygon,True,dropped: archived copy of active field,IoU=1.00000 with active 'Niendorferberg'; name matches after stripping numeric prefix; declared area identical,xt5iT7ph4MKOPlXTg3wu,Niendorferberg,1.0,,,,
Yfvbn7YgWjrNQDweO8wd,81 Sandberg - 2,True,0.001,0.001,0.0056,True,,1,0,MultiPolygon,True,dropped: archived copy of active field,IoU=1.00000 with active 'Sandberg - 2'; name matches after stripping numeric prefix; declared area identical,xtMqrquNCdC21lZ0NMYI,Sandberg - 2,1.0,,,,
W4XcA7ZStDmn1SzxDoNu,82 Warberg,True,4.3273,4.3273,4.3272,True,,1,0,MultiPolygon,True,dropped: archived copy of active field,IoU=1.00000 with active 'Warberg'; name matches after stripping numeric prefix; declared area identical,xwqo8oZ0Ei3I7dqYD3A9,Warberg,1.0,,,,
1cNA4MnKUIRCTHZvPFgf,83 Porzelle,True,1.0532,1.0532,1.0531,True,,1,0,MultiPolygon,True,dropped: archived copy of active field,IoU=1.00000 with active 'Porzelle'; name matches after stripping numeric prefix; declared area identical,y2PFgZVFpXfqZ21XEBiz,Porzelle,1.0,,,,
2C6y8LsqQ61WyQeLVJO0,84 Helmecken Kamp,True,5.0236,5.0236,5.0265,True,,1,0,MultiPolygon,True,dropped: archived copy of active field,IoU=1.00000 with active 'Helmecken Kamp'; name matches after stripping numeric prefix; declared area identical,y7yHeXkyCRybIj7aUk0L,Helmecken Kamp,1.0,,,,
W7JySa2kOme8tyHiaWtf,85 Schleuse,True,0.9485,0.9485,0.9442,True,,1,0,MultiPolygon,True,dropped: archived copy of active field,IoU=1.00000 with active 'Schleuse'; name matches after stripping numeric prefix; declared area identical,ynpNB8go3pns6dWXnHaa,Schleuse,1.0,,,,
RNMcH0fHM8Fy1sabJt8f,86 Pferdekoppel,True,1.79,1.79,1.7962,True,,1,0,MultiPolygon,True,dropped: archived copy of active field,IoU=1.00000 with active 'Pferdekoppel'; name matches after stripping numeric prefix; declared area identical,zYBVGO615SLhL4PBBppY,Pferdekoppel,1.0,,,,
moRAy9oeZqtaNUV9OSX8,9 Kurze Enden vor Biogas,True,3.0962,3.0962,3.0954,True,,1,0,MultiPolygon,True,dropped: archived copy of active field,IoU=1.00000 with active 'Kurze Enden vor Biogas'; name matches after stripping numeric prefix; declared area identical,79BkepicjzH7z2nhsdkd,Kurze Enden vor Biogas,1.0,,,,
VgJI2giiELQW7A79vgEI,Hof,True,3.089870203820755,3.089870203820755,3.0899,True,,1,0,Polygon,True,"dropped: archived, no active counterpart","archived, no active counterpart (best IoU=0.000); nearest active 'Lange Wiese' at 108 m; owner to confirm",,,0.0,,,,
