plotId,elev_mean,elev_min,elev_max,om_elevation,diff_m,om_within_field_range
05Zp3McBgcXoEISDl6Cy,73.83,73.35,75.78,74.0,0.17,True
0abhR8nOp0L5JtP5RDft,85.2,79.83,89.46,87.0,1.8,True
1OQ4PxgDMhzuGvGxEKgU,75.8,74.11,79.89,75.0,-0.8,True
1fzBfhjgxXFdDk18THCZ,96.6,95.06,100.36,96.0,-0.6,True
1zsdpuFJMBpXF5GTPz4x,78.89,77.1,80.9,79.0,0.11,True
2viqhL8AO4rRHAMh5Fqq,76.69,74.92,79.35,77.0,0.31,True
4jwoETVJIql7CxMQk6s5,87.32,82.86,92.44,86.0,-1.32,True
5bsD33dPxIEykTIzWmSC,77.73,75.94,82.29,79.0,1.27,True
79BkepicjzH7z2nhsdkd,75.15,73.75,80.42,74.0,-1.15,True
84wWsLweJNKIeKtogS3a,68.66,67.59,75.25,68.0,-0.66,True
88abKCvrysJUdBXSIMe0,90.75,85.69,107.14,91.0,0.25,True
9VPFUO3k8opLMOQhg60g,80.05,77.16,86.89,79.0,-1.05,True
9cRMOK3r8fyh9P39IPRN,72.55,71.16,100.95,72.0,-0.55,True
B8GsQyOZRxcbQ0Oz1gwU,77.41,77.01,77.71,77.0,-0.41,True
C63w3X4vgN15ySLntdWh,77.93,76.28,81.57,77.0,-0.93,True
COv0wiCGWG4JsD0sYEW4,75.32,73.33,86.78,75.0,-0.32,True
CWqLytrVDthrGwd7bXTY,82.0,77.24,86.03,84.0,2.0,True
Dv81H1bYj7y0UjXICYs6,73.41,73.04,74.6,73.0,-0.41,True
FEoX6rOUBNzOxytqKgyG,75.23,74.71,75.72,75.0,-0.23,True
FzvWonz6fmJVLZRzMyZX,75.58,73.16,78.5,74.0,-1.58,True
HXEGnhPKFWCC6Hny8lkP,72.53,69.09,78.32,73.0,0.47,True
Hg95tRlOaZmzxET3q3UO,79.74,77.17,82.27,81.0,1.26,True
Hk3aYz9j56wbQD4u3rAC,81.87,77.65,91.46,83.0,1.13,True
I7qeeMAEhSlZI8U0T3Bn,84.05,82.35,84.9,83.0,-1.05,True
IB9k26TJNtbVLs5x0i20,77.34,75.32,81.93,76.0,-1.34,True
IGAaxDTF2gNapWupigxU,87.46,83.95,95.44,88.0,0.54,True
J4h275iDTzfaDB5mKXij,76.34,75.26,87.47,76.0,-0.34,True
JkAxAL5GaTSXU2ODAuOf,87.84,85.49,98.87,96.0,8.16,True
Ki5DYxbNODWB78mucar7,76.34,75.51,79.88,76.0,-0.34,True
MEuXyMsCMrRWoFUz9QK2,77.31,76.82,78.95,77.0,-0.31,True
MmEAcGOQCCEq8qosxh56,86.76,78.32,103.6,90.0,3.24,True
MoYIfvnid4wXBDha0wJ3,71.27,70.75,72.24,71.0,-0.27,True
OrZyEaocNnb6dzCesjwJ,75.61,74.71,85.36,75.0,-0.61,True
Pv7O96OKDuH6pTqbu6TT,75.09,72.89,80.0,74.0,-1.09,True
QHOlQ6hep3oeVCNc1g02,82.83,76.82,88.39,84.0,1.17,True
SEHa2ajk36SOAbNqgUET,69.51,67.95,75.09,77.0,7.49,False
SEo2xyfcqiAjoec8ZXXa,88.24,82.74,97.64,89.0,0.76,True
TkoVKpTSKqZkgFLhnPZi,109.94,109.02,111.84,107.0,-2.94,False
UF9K8gJ5QIQkYgEH1JXd,77.31,76.24,79.19,79.0,1.69,True
Uo81jMnyjQFDp7IT4Acu,79.13,77.15,81.0,79.0,-0.13,True
UtEOTzJjrCM7hZfXgKRE,72.35,71.4,82.46,72.0,-0.35,True
W2diHmIiKhR3jK8Xk1vr,78.44,75.31,94.89,77.0,-1.44,True
WE5wmmGDOWQEBDwHOa11,74.61,72.88,78.28,75.0,0.39,True
XtCCVl30ddn9L4HkCY3n,82.81,79.43,86.46,83.0,0.19,True
Y2WW5OvI6C3WYloisd9c,81.87,78.27,94.97,82.0,0.13,True
YJqbIYddF2V248sa23Cy,73.71,72.57,79.26,75.0,1.29,True
Z4APzDVDayA0EuGFl34V,73.77,73.32,75.0,74.0,0.23,True
ZT7D0N8Dl4TnHlHMDQPI,72.88,72.02,74.86,73.0,0.12,True
a9qeH7mBu4I8g6ME1LJj,109.98,105.93,124.71,116.0,6.02,True
aL5yzwK7wsT3zHHb3iaH,81.94,78.3,85.14,81.0,-0.94,True
bHW29On9ilbohdl51gQ6,76.36,74.05,87.9,76.0,-0.36,True
brbM5GLEISmoIqRkdO2s,71.07,69.14,73.11,71.0,-0.07,True
cl6skvEI4VCar0GDzch6,73.98,71.62,77.86,73.0,-0.98,True
d6LEyhknfD8JlZY1fj78,71.77,71.15,72.18,72.0,0.23,True
eRUpDdp3t0hDOvbfBOTT,78.75,78.04,81.91,78.0,-0.75,True
ekKNAhSNPwYXsWdp39pw,77.77,76.61,82.11,79.0,1.23,True
f4W9xRTLDbTeL2lDlKTU,76.62,75.28,80.24,76.0,-0.62,True
gQLroZHYi7Prh9NBS6An,76.65,72.35,81.72,78.0,1.35,True
gbCEG1dAjGZBwZzXk4p9,78.65,76.56,84.99,78.0,-0.65,True
h2NQluewXRLwf0izPlUq,77.38,76.31,91.29,77.0,-0.38,True
iNbassVXlMMBA6fy29DV,76.64,75.21,79.41,77.0,0.36,True
is0B8JToW47kfVAveolx,78.22,76.47,86.39,77.0,-1.22,True
jEXQY4jCuRRx6nDm5mXD,76.43,72.52,82.01,75.0,-1.43,True
kl3eHxzisV4Y0eRcmcsP,73.99,72.78,76.3,74.0,0.01,True
ljsxaVBzA5HBl1D5Edhm,76.78,75.71,82.89,77.0,0.22,True
nIRNtdWeCZR3y5LQgvh1,77.72,76.54,91.18,78.0,0.28,True
nj4lokNHppOIxLC2RKrG,73.08,72.07,78.92,74.0,0.92,True
odWWEokiq8bKwUX97NpW,78.88,77.61,87.22,79.0,0.12,True
p7RF8DS5rABbq6R41FBP,70.33,67.64,84.36,70.0,-0.33,True
pSFJ4nrCmrvraJDKb00b,73.53,72.93,78.71,74.0,0.47,True
pcsJj09c17yzqHrERNFW,73.64,71.79,86.93,73.0,-0.64,True
pnZlGAIrQQMGSl0a3HbO,84.92,82.27,99.98,85.0,0.08,True
pumW6LNsI3T5RD9zW3SI,84.44,80.66,94.46,81.0,-3.44,True
qWDBs4wPcZ49VORemTmL,76.02,75.16,82.43,76.0,-0.02,True
qfwctMauD5WIJyoszRR9,83.65,78.14,88.14,85.0,1.35,True
qupKPtjxcbSWIbXc2bCm,79.32,77.57,80.66,79.0,-0.32,True
rxei8iAceEdX5gBHki5T,75.29,73.01,78.32,74.0,-1.29,True
tYx3FXAoCMdYPtKeQjFN,81.86,78.22,97.81,80.0,-1.86,True
taUMfE6fZvJxC3Zet5uK,73.46,72.25,83.54,73.0,-0.46,True
w5bt3UWzJUlmXGtXdl3I,72.79,72.12,77.61,72.0,-0.79,True
xt5iT7ph4MKOPlXTg3wu,77.79,72.89,91.8,78.0,0.21,True
xtMqrquNCdC21lZ0NMYI,81.9,81.9,81.9,83.0,1.1,False
xwqo8oZ0Ei3I7dqYD3A9,81.9,79.56,92.36,81.0,-0.9,True
y2PFgZVFpXfqZ21XEBiz,71.04,70.66,72.65,72.0,0.96,True
y7yHeXkyCRybIj7aUk0L,76.63,75.29,80.03,77.0,0.37,True
ynpNB8go3pns6dWXnHaa,73.22,72.83,75.03,74.0,0.78,True
zYBVGO615SLhL4PBBppY,74.55,72.44,78.92,78.0,3.45,True
