plotId,fieldName,area_geom_ha,sg_pixels,TKLE_NR,buek_legend,buek_share,buek_profile,buek_profile_share,buek_n_profiles,buek_top_horizon,buek_top_depth_dm,buek_texture,buek_humus,buek_ld,buek_textures_all_profiles,sg_clay,sg_sand,sg_silt,sg_soc,sg_bdod,sg_wv0033,sg_wv1500,guek_unit,guek_lithology,guek_share,nibis_BOTYP_KLARTEXT,nibis_GEOTYP,nibis_MHGW,nibis_KLASSENZEICHEN,nibis_BODENZ,nibis_ACKERZ,nibis_queried,buek_clay_range,clay_agrees,buek_soc_range,soc_agrees,buek_ld_range,bdod_agrees,nibis_fines_range
TkoVKpTSKqZkgFLhnPZi,87 Wiese Schenk 1,0.866,0.137,392637,"37 BBn, SS-BB, SSn, LFn: p-sö,p-(z,n)sö,p-(z,n)ls/c-(z,n)t(^t)",1.0,1 (von 7),20.0,7,Ap,0-3,Sl4,h3,Ld2,"Ls2,Sl2,Sl4,Us",11.917,55.25,22.117,14.183,1.42,33.017,13.017,"D,,Lg","Schluff, tonig, sandig, kiesig; Steine",0.769,,,,,,,False,12–17,False,11.6–23.3,True,1.4–1.6,True,
is0B8JToW47kfVAveolx,Abraham,1.235,0.195,392611,11 BBn: p-ls/fg-s,1.0,1 (von 7),20.0,7,Ap,0-3,Su2,h2,Ld2,"Sl2,Su2,fSms",9.033,62.783,18.283,16.483,1.418,32.85,8.117,"D,,gf",Sand und Kies,1.0,,,,,,,False,0–5,False,5.8–11.6,False,1.4–1.6,True,
qfwctMauD5WIJyoszRR9,Ackern Viehtrift,48.207,7.624,392606,"06 SS-BB, SS-BB-LF: p-ls/g-l; SSn: p-l/g-l",1.0,1 (von 4),40.0,4,Ap,0-2.5,Sl2,h2,Ld2,Sl2,8.491,59.325,23.442,15.206,1.425,32.906,11.436,"D,,Lg","Schluff, tonig, sandig, kiesig; Steine",1.0,,,,,,,False,5–8,False,5.8–11.6,False,1.4–1.6,True,
I7qeeMAEhSlZI8U0T3Bn,Ackern Viehtrift (ÖVF),0.576,0.091,392606,"06 SS-BB, SS-BB-LF: p-ls/g-l; SSn: p-l/g-l",1.0,1 (von 4),40.0,4,Ap,0-2.5,Sl2,h2,Ld2,Sl2,8.983,60.567,23.133,13.067,1.455,33.267,12.067,"D,,Lg","Schluff, tonig, sandig, kiesig; Steine",1.0,,,,,,,False,5–8,False,5.8–11.6,False,1.4–1.6,True,
pSFJ4nrCmrvraJDKb00b,Allerwiese,2.033,0.322,392603,03 GG-AT: fo-l; fo-u,1.0,1 (von 2),60.0,2,Ah,0-2,Ls3,h4,Ld2,"Ls3,Lu",7.063,60.556,22.613,15.132,1.442,33.817,9.905,",,f","Ton, Schluff, Sand; Kies",1.0,,,,,,,False,17–25,False,23.3–46.5,False,1.4–1.6,True,
1OQ4PxgDMhzuGvGxEKgU,Altenaer Weg,4.367,0.691,392611,11 BBn: p-ls/fg-s,1.0,1 (von 7),20.0,7,Ap,0-3,Su2,h2,Ld2,"Sl2,Su2,fSms",6.844,65.365,19.019,13.885,1.446,32.376,8.117,"D,,gf",Sand und Kies,0.958,Tiefer Podsol-Gley,Sp//gf,5.0,Sl3D,37.0,38,True,0–5,False,5.8–11.6,False,1.4–1.6,True,10–14
eRUpDdp3t0hDOvbfBOTT,Am Wehr,1.768,0.28,392603,03 GG-AT: fo-l; fo-u,1.0,1 (von 2),60.0,2,Ah,0-2,Ls3,h4,Ld2,"Ls3,Lu",9.15,58.972,22.375,17.127,1.454,33.609,12.322,",,f","Ton, Schluff, Sand; Kies",0.706,,,,,,,False,17–25,False,23.3–46.5,False,1.4–1.6,True,
2viqhL8AO4rRHAMh5Fqq,Berg,16.894,2.672,392630,"30 GNn, GGn, GMn: u-ls,u-l/f-s",0.909,1 (von 5),40.0,5,Go-Ah,0-4,Sl3,h5,Ld2,"Sl3,Slu",8.235,62.3,19.836,15.396,1.442,34.117,10.663,"D,,gf",Sand und Kies,0.597,,,,,,,True,8–12,True,46.5–87.2,False,1.4–1.6,True,
FzvWonz6fmJVLZRzMyZX,Bocksenden,3.474,0.549,392611,11 BBn: p-ls/fg-s,1.0,1 (von 7),20.0,7,Ap,0-3,Su2,h2,Ld2,"Sl2,Su2,fSms",6.703,63.74,21.024,16.793,1.444,32.37,9.056,"D,,gf",Sand und Kies,0.654,,,,,,,False,0–5,False,5.8–11.6,False,1.4–1.6,True,
JkAxAL5GaTSXU2ODAuOf,Buchhorn,4.423,0.699,392636,"36 BBn, RNn, RQn: p-(z,n)ls/n-+R,+An",0.75,1 (von 5),40.0,5,Ah,0-0.8,Sl3,h3,Ld2,Sl3,13.534,54.957,22.911,20.447,1.405,33.377,14.042,"D,,Lg","Schluff, tonig, sandig, kiesig; Steine",1.0,,,,,,,False,8–12,False,11.6–23.3,True,1.4–1.6,True,
nj4lokNHppOIxLC2RKrG,Cawi-Wiese,5.174,0.818,392621,"21 GGn, GGhh, HN-GH : u-l; HNn: og-Hn",1.0,1 (von 4),40.0,4,Ah,0-2,Uls,h3,Ld2,"Tu3,Uls",5.646,66.002,19.156,14.939,1.436,32.291,8.421,"w,,f",Sand und Kies; Schluff,0.585,,,,,,,False,8–17,False,11.6–23.3,True,1.4–1.6,True,
taUMfE6fZvJxC3Zet5uK,Diecke 1,3.833,0.606,392621,"21 GGn, GGhh, HN-GH : u-l; HNn: og-Hn",1.0,1 (von 4),40.0,4,Ah,0-2,Uls,h3,Ld2,"Tu3,Uls",4.789,66.272,18.031,15.025,1.448,31.903,8.091,"w,,f",Sand und Kies; Schluff,1.0,,,,,,,False,8–17,False,11.6–23.3,True,1.4–1.6,True,
ZT7D0N8Dl4TnHlHMDQPI,Diecke 2,6.038,0.955,392611,11 BBn: p-ls/fg-s,0.5,1 (von 7),20.0,7,Ap,0-3,Su2,h2,Ld2,"Sl2,Su2,fSms",4.926,66.326,20.085,15.898,1.446,32.144,8.405,"w,,f",Sand und Kies; Schluff,0.979,,,,,,,False,0–5,True,5.8–11.6,False,1.4–1.6,True,
YJqbIYddF2V248sa23Cy,Eichenkoppel,0.454,0.072,392621,"21 GGn, GGhh, HN-GH : u-l; HNn: og-Hn",1.0,1 (von 4),40.0,4,Ah,0-2,Uls,h3,Ld2,"Tu3,Uls",6.696,65.179,18.689,15.61,1.434,33.276,8.597,"w,,f",Sand und Kies; Schluff,1.0,,,,,,,False,8–17,False,11.6–23.3,True,1.4–1.6,True,
bHW29On9ilbohdl51gQ6,Großer Fleck,11.257,1.78,392621,"21 GGn, GGhh, HN-GH : u-l; HNn: og-Hn",0.571,1 (von 4),40.0,4,Ah,0-2,Uls,h3,Ld2,"Tu3,Uls",6.841,64.531,19.057,14.483,1.432,33.411,9.421,"D,,gf",Sand und Kies,0.999,,,,,,,False,8–17,False,11.6–23.3,True,1.4–1.6,True,
y7yHeXkyCRybIj7aUk0L,Helmecken Kamp,5.026,0.795,392630,"30 GNn, GGn, GMn: u-ls,u-l/f-s",1.0,1 (von 5),40.0,5,Go-Ah,0-4,Sl3,h5,Ld2,"Sl3,Slu",9.174,60.828,21.142,14.398,1.435,33.507,11.326,"D,,Lg","Schluff, tonig, sandig, kiesig; Steine",0.588,,,,,,,False,8–12,True,46.5–87.2,False,1.4–1.6,True,
MoYIfvnid4wXBDha0wJ3,Heuweg,1.474,0.233,392603,03 GG-AT: fo-l; fo-u,1.0,1 (von 2),60.0,2,Ah,0-2,Ls3,h4,Ld2,"Ls3,Lu",4.831,66.737,16.513,14.037,1.46,31.395,8.2,"D,,gf",Sand und Kies,0.516,,,,,,,False,17–25,False,23.3–46.5,False,1.4–1.6,True,
gQLroZHYi7Prh9NBS6An,Hofbreite,20.69,3.272,392611,11 BBn: p-ls/fg-s,0.8,1 (von 7),20.0,7,Ap,0-3,Su2,h2,Ld2,"Sl2,Su2,fSms",6.487,65.244,19.724,15.729,1.428,32.681,9.467,"D,,gf",Sand und Kies,0.949,,,,,,,False,0–5,False,5.8–11.6,False,1.4–1.6,True,
qWDBs4wPcZ49VORemTmL,Hofbreite Seggerde,13.82,2.186,392630,"30 GNn, GGn, GMn: u-ls,u-l/f-s",1.0,1 (von 5),40.0,5,Go-Ah,0-4,Sl3,h5,Ld2,"Sl3,Slu",9.006,61.768,20.87,14.817,1.437,33.836,11.383,"w,,f",Sand und Kies; Schluff,0.812,,,,,,,False,8–12,True,46.5–87.2,False,1.4–1.6,True,
h2NQluewXRLwf0izPlUq,Kampwiese,10.861,1.718,392603,03 GG-AT: fo-l; fo-u,1.0,1 (von 2),60.0,2,Ah,0-2,Ls3,h4,Ld2,"Ls3,Lu",11.813,58.183,21.383,19.339,1.437,33.604,13.59,",,f","Ton, Schluff, Sand; Kies",0.653,,,,,,,False,17–25,False,23.3–46.5,False,1.4–1.6,True,
0abhR8nOp0L5JtP5RDft,Kantorplan,13.816,2.185,392603,03 GG-AT: fo-l; fo-u,0.778,1 (von 2),60.0,2,Ah,0-2,Ls3,h4,Ld2,"Ls3,Lu",10.0,58.17,22.182,14.77,1.446,33.547,11.772,"D,,Lg","Schluff, tonig, sandig, kiesig; Steine",1.0,,,,,,,True,17–25,False,23.3–46.5,False,1.4–1.6,True,
ekKNAhSNPwYXsWdp39pw,Kaserne,0.7,0.111,392603,03 GG-AT: fo-l; fo-u,1.0,1 (von 2),60.0,2,Ah,0-2,Ls3,h4,Ld2,"Ls3,Lu",9.55,59.4,22.05,14.867,1.457,33.517,11.6,"D,,Lg","Schluff, tonig, sandig, kiesig; Steine",0.767,,,,,,,False,17–25,False,23.3–46.5,False,1.4–1.6,True,
jEXQY4jCuRRx6nDm5mXD,Klapperberg,5.062,0.801,392621,"21 GGn, GGhh, HN-GH : u-l; HNn: og-Hn",0.5,1 (von 4),40.0,4,Ah,0-2,Uls,h3,Ld2,"Tu3,Uls",5.192,66.64,15.444,13.818,1.442,32.454,8.205,"D,,gf",Sand und Kies,0.894,,,,,,,False,8–17,False,11.6–23.3,True,1.4–1.6,True,
a9qeH7mBu4I8g6ME1LJj,Klinzer Brache,1.603,0.254,392636,"36 BBn, RNn, RQn: p-(z,n)ls/n-+R,+An",1.0,1 (von 5),40.0,5,Ah,0-0.8,Sl3,h3,Ld2,Sl3,11.99,54.178,23.839,15.186,1.443,33.004,13.36,"r,R",Quarz- und Breccien-Porphyr,1.0,,,,,,,False,8–12,True,11.6–23.3,True,1.4–1.6,True,
IGAaxDTF2gNapWupigxU,Klinzerbreite,27.892,4.411,392606,"06 SS-BB, SS-BB-LF: p-ls/g-l; SSn: p-l/g-l",1.0,1 (von 4),40.0,4,Ap,0-2.5,Sl2,h2,Ld2,Sl2,10.342,56.822,22.334,15.393,1.443,33.075,13.369,"D,,Lg","Schluff, tonig, sandig, kiesig; Steine",1.0,,,,,,,False,5–8,False,5.8–11.6,False,1.4–1.6,True,
WE5wmmGDOWQEBDwHOa11,Kotenphöre,3.722,0.589,392611,11 BBn: p-ls/fg-s,1.0,1 (von 7),20.0,7,Ap,0-3,Su2,h2,Ld2,"Sl2,Su2,fSms",4.967,66.35,20.033,15.75,1.445,32.1,8.4,"w,,f",Sand und Kies; Schluff,0.702,,,,,,,False,0–5,True,5.8–11.6,False,1.4–1.6,True,
9cRMOK3r8fyh9P39IPRN,Krautstemme,8.667,1.371,392606,"06 SS-BB, SS-BB-LF: p-ls/g-l; SSn: p-l/g-l",0.857,1 (von 4),40.0,4,Ap,0-2.5,Sl2,h2,Ld2,Sl2,5.591,61.841,22.037,15.494,1.458,33.651,8.573,",,f","Ton, Schluff, Sand; Kies",1.0,,,,,,,True,5–8,True,5.8–11.6,False,1.4–1.6,True,
5bsD33dPxIEykTIzWmSC,Krügerbreite,13.518,2.138,392630,"30 GNn, GGn, GMn: u-ls,u-l/f-s",1.0,1 (von 5),40.0,5,Go-Ah,0-4,Sl3,h5,Ld2,"Sl3,Slu",8.875,60.11,21.781,14.632,1.433,33.863,11.919,"D,,Lg","Schluff, tonig, sandig, kiesig; Steine",0.786,,,,,,,True,8–12,True,46.5–87.2,False,1.4–1.6,True,
rxei8iAceEdX5gBHki5T,Kurze Enden hinter Biogas,2.673,0.423,392611,11 BBn: p-ls/fg-s,1.0,1 (von 7),20.0,7,Ap,0-3,Su2,h2,Ld2,"Sl2,Su2,fSms",5.148,66.673,14.691,13.997,1.45,32.201,8.217,"D,,gf",Sand und Kies,1.0,,,,,,,False,0–5,False,5.8–11.6,False,1.4–1.6,True,
79BkepicjzH7z2nhsdkd,Kurze Enden vor Biogas,3.095,0.49,392611,11 BBn: p-ls/fg-s,1.0,1 (von 7),20.0,7,Ap,0-3,Su2,h2,Ld2,"Sl2,Su2,fSms",4.833,67.767,13.6,14.583,1.445,32.083,8.2,"D,,gf",Sand und Kies,1.0,Mittlere Podsol-Braunerde,Sp//gf,,S5D,17.0,18,True,0–5,True,5.8–11.6,False,1.4–1.6,True,0–10
Y2WW5OvI6C3WYloisd9c,Kälbergehege,29.876,4.725,392606,"06 SS-BB, SS-BB-LF: p-ls/g-l; SSn: p-l/g-l",0.85,1 (von 4),40.0,4,Ap,0-2.5,Sl2,h2,Ld2,Sl2,8.553,59.341,23.433,15.464,1.423,32.623,11.522,"D,,Lg","Schluff, tonig, sandig, kiesig; Steine",1.0,,,,,,,False,5–8,False,5.8–11.6,False,1.4–1.6,True,
9VPFUO3k8opLMOQhg60g,Kälbergehege Brache,13.366,2.114,392606,"06 SS-BB, SS-BB-LF: p-ls/g-l; SSn: p-l/g-l",1.0,1 (von 4),40.0,4,Ap,0-2.5,Sl2,h2,Ld2,Sl2,7.244,60.222,23.617,14.502,1.423,32.898,10.355,"D,,Lg","Schluff, tonig, sandig, kiesig; Steine",0.992,,,,,,,True,5–8,True,5.8–11.6,False,1.4–1.6,True,
OrZyEaocNnb6dzCesjwJ,Lange Wiese,20.006,3.387,392603,03 GG-AT: fo-l; fo-u,1.0,1 (von 2),60.0,2,Ah,0-2,Ls3,h4,Ld2,"Ls3,Lu",6.888,61.416,21.96,16.309,1.461,33.622,10.858,",,f","Ton, Schluff, Sand; Kies",0.978,,,,,,,False,17–25,False,23.3–46.5,False,1.4–1.6,True,
FEoX6rOUBNzOxytqKgyG,Lange Wiese Schonfläche,1.41,0.223,392603,03 GG-AT: fo-l; fo-u,1.0,1 (von 2),60.0,2,Ah,0-2,Ls3,h4,Ld2,"Ls3,Lu",6.418,62.079,21.389,16.61,1.461,33.862,10.483,",,f","Ton, Schluff, Sand; Kies",1.0,,,,,,,False,17–25,False,23.3–46.5,False,1.4–1.6,True,
CWqLytrVDthrGwd7bXTY,Langes Feld,25.718,4.067,392606,"06 SS-BB, SS-BB-LF: p-ls/g-l; SSn: p-l/g-l",0.75,1 (von 4),40.0,4,Ap,0-2.5,Sl2,h2,Ld2,Sl2,8.597,58.864,22.602,13.769,1.434,33.8,12.137,"D,,Lg","Schluff, tonig, sandig, kiesig; Steine",1.0,,,,,,,False,5–8,False,5.8–11.6,False,1.4–1.6,True,
Hg95tRlOaZmzxET3q3UO,Langes Feld Brache,7.093,1.122,392630,"30 GNn, GGn, GMn: u-ls,u-l/f-s",1.0,1 (von 5),40.0,5,Go-Ah,0-4,Sl3,h5,Ld2,"Sl3,Slu",9.08,59.719,21.34,14.158,1.431,33.873,11.957,"D,,Lg","Schluff, tonig, sandig, kiesig; Steine",1.0,,,,,,,False,8–12,True,46.5–87.2,False,1.4–1.6,True,
f4W9xRTLDbTeL2lDlKTU,Lehmkuhle,1.114,0.176,392611,11 BBn: p-ls/fg-s,1.0,1 (von 7),20.0,7,Ap,0-3,Su2,h2,Ld2,"Sl2,Su2,fSms",6.432,65.156,19.154,14.979,1.447,32.35,8.31,"D,,gf",Sand und Kies,0.722,,,,,,,False,0–5,False,5.8–11.6,False,1.4–1.6,True,
tYx3FXAoCMdYPtKeQjFN,Mackendorfer Wege,8.162,1.291,392611,11 BBn: p-ls/fg-s,1.0,1 (von 7),20.0,7,Ap,0-3,Su2,h2,Ld2,"Sl2,Su2,fSms",7.702,63.119,20.944,15.508,1.449,32.196,11.032,"D,,gf",Sand und Kies,1.0,,,,,,,False,0–5,False,5.8–11.6,False,1.4–1.6,True,
ljsxaVBzA5HBl1D5Edhm,Masch,24.006,3.796,392630,"30 GNn, GGn, GMn: u-ls,u-l/f-s",1.0,1 (von 5),40.0,5,Go-Ah,0-4,Sl3,h5,Ld2,"Sl3,Slu",8.251,61.012,21.441,15.155,1.436,33.697,11.792,"w,,f",Sand und Kies; Schluff,0.996,,,,,,,False,8–12,True,46.5–87.2,False,1.4–1.6,True,
nIRNtdWeCZR3y5LQgvh1,Milchkoppel,26.609,4.211,392603,03 GG-AT: fo-l; fo-u,0.938,1 (von 2),60.0,2,Ah,0-2,Ls3,h4,Ld2,"Ls3,Lu",12.034,56.47,22.651,19.753,1.455,33.558,13.802,",,f","Ton, Schluff, Sand; Kies",1.0,,,,,,,False,17–25,False,23.3–46.5,False,1.4–1.6,True,
SEo2xyfcqiAjoec8ZXXa,Mittelbreite,54.368,8.598,392606,"06 SS-BB, SS-BB-LF: p-ls/g-l; SSn: p-l/g-l",1.0,1 (von 4),40.0,4,Ap,0-2.5,Sl2,h2,Ld2,Sl2,9.739,58.666,22.495,14.084,1.447,32.518,13.011,"D,,Lg","Schluff, tonig, sandig, kiesig; Steine",1.0,,,,,,,False,5–8,False,5.8–11.6,False,1.4–1.6,True,
88abKCvrysJUdBXSIMe0,Mühlenbreite (+),26.196,4.143,392606,"06 SS-BB, SS-BB-LF: p-ls/g-l; SSn: p-l/g-l",1.0,1 (von 4),40.0,4,Ap,0-2.5,Sl2,h2,Ld2,Sl2,13.227,54.531,24.185,14.91,1.449,33.514,14.143,su,"Wechsel Sandstein / Schluffstein / Tonstein; Kalkstein, oolithisch (Rogenstein)",0.622,,,,,,,True,5–8,False,5.8–11.6,False,1.4–1.6,True,
Dv81H1bYj7y0UjXICYs6,Nachthude 1,0.471,0.075,392603,03 GG-AT: fo-l; fo-u,1.0,1 (von 2),60.0,2,Ah,0-2,Ls3,h4,Ld2,"Ls3,Lu",6.998,60.426,22.801,15.107,1.439,33.941,9.883,",,f","Ton, Schluff, Sand; Kies",1.0,,,,,,,False,17–25,False,23.3–46.5,False,1.4–1.6,True,
05Zp3McBgcXoEISDl6Cy,Nachthude 2,1.568,0.248,392603,03 GG-AT: fo-l; fo-u,1.0,1 (von 2),60.0,2,Ah,0-2,Ls3,h4,Ld2,"Ls3,Lu",5.746,62.182,22.485,14.85,1.443,33.948,9.705,",,f","Ton, Schluff, Sand; Kies",1.0,Tiefer Gley,Lf//f(qN),5.0,lS4Al,48.0,48,True,17–25,False,23.3–46.5,False,1.4–1.6,True,14–19
Z4APzDVDayA0EuGFl34V,Nachthude 3,0.711,0.112,392603,03 GG-AT: fo-l; fo-u,1.0,1 (von 2),60.0,2,Ah,0-2,Ls3,h4,Ld2,"Ls3,Lu",5.817,61.617,21.617,14.633,1.445,33.117,9.4,",,f","Ton, Schluff, Sand; Kies",0.966,,,,,,,False,17–25,False,23.3–46.5,False,1.4–1.6,True,
xt5iT7ph4MKOPlXTg3wu,Niendorferberg,16.703,2.642,392611,11 BBn: p-ls/fg-s,0.818,1 (von 7),20.0,7,Ap,0-3,Su2,h2,Ld2,"Sl2,Su2,fSms",7.138,61.948,21.122,16.535,1.425,33.085,10.482,"D,,gf",Sand und Kies,0.938,,,,,,,False,0–5,False,5.8–11.6,False,1.4–1.6,True,
p7RF8DS5rABbq6R41FBP,Papenberg,21.063,3.331,392611,11 BBn: p-ls/fg-s,1.0,1 (von 7),20.0,7,Ap,0-3,Su2,h2,Ld2,"Sl2,Su2,fSms",7.341,61.026,20.385,15.895,1.456,32.017,10.311,"D,,gf",Sand und Kies,1.0,,,,,,,False,0–5,False,5.8–11.6,False,1.4–1.6,True,
SEHa2ajk36SOAbNqgUET,Papenberg Brache,0.823,0.13,392611,11 BBn: p-ls/fg-s,1.0,1 (von 7),20.0,7,Ap,0-3,Su2,h2,Ld2,"Sl2,Su2,fSms",10.052,57.328,21.437,19.75,1.453,31.985,11.603,"D,,gf",Sand und Kies,1.0,,,,,,,False,0–5,False,5.8–11.6,False,1.4–1.6,True,
B8GsQyOZRxcbQ0Oz1gwU,Parkwiese,0.019,0.003,392603,03 GG-AT: fo-l; fo-u,1.0,1 (von 2),60.0,2,Ah,0-2,Ls3,h4,Ld2,"Ls3,Lu",12.409,55.829,22.315,16.802,1.458,33.449,13.703,",,f","Ton, Schluff, Sand; Kies",1.0,,,,,,,False,17–25,False,23.3–46.5,False,1.4–1.6,True,
zYBVGO615SLhL4PBBppY,Pferdekoppel,1.796,0.284,392621,"21 GGn, GGhh, HN-GH : u-l; HNn: og-Hn",1.0,1 (von 4),40.0,4,Ah,0-2,Uls,h3,Ld2,"Tu3,Uls",5.84,65.243,18.077,14.086,1.435,32.826,8.222,"w,,f",Sand und Kies; Schluff,0.937,,,,,,,False,8–17,False,11.6–23.3,True,1.4–1.6,True,
Ki5DYxbNODWB78mucar7,Plantage,6.958,1.1,392630,"30 GNn, GGn, GMn: u-ls,u-l/f-s",1.0,1 (von 5),40.0,5,Go-Ah,0-4,Sl3,h5,Ld2,"Sl3,Slu",5.772,63.206,20.829,14.854,1.449,33.931,10.5,"D,,gf",Sand und Kies,0.51,,,,,,,False,8–12,False,46.5–87.2,False,1.4–1.6,True,
y2PFgZVFpXfqZ21XEBiz,Porzelle,1.053,0.167,392604,"04 ABn, GG-AB: fo-l; fo-l//f-s; GG-SS: fo-sl/fo-l",1.0,1 (von 8),20.0,8,Ap,0-2.5,Ls3,h3,Ld2,"Ls3,Lt2,Sl3,Tu3,Us,Ut3",6.65,63.333,23.217,16.933,1.462,32.7,10.883,",,f","Ton, Schluff, Sand; Kies",1.0,,,,,,,False,17–25,False,11.6–23.3,True,1.4–1.6,True,
C63w3X4vgN15ySLntdWh,Pumpmühlensee,6.851,1.084,392630,"30 GNn, GGn, GMn: u-ls,u-l/f-s",0.8,1 (von 5),40.0,5,Go-Ah,0-4,Sl3,h5,Ld2,"Sl3,Slu",8.987,60.198,21.702,15.36,1.432,33.877,12.039,"D,,Lg","Schluff, tonig, sandig, kiesig; Steine",0.765,,,,,,,False,8–12,True,46.5–87.2,False,1.4–1.6,True,
4jwoETVJIql7CxMQk6s5,Ribbensdorf,15.115,2.39,392606,"06 SS-BB, SS-BB-LF: p-ls/g-l; SSn: p-l/g-l",1.0,1 (von 4),40.0,4,Ap,0-2.5,Sl2,h2,Ld2,Sl2,12.876,53.489,25.165,14.501,1.477,33.494,13.107,"D,,Lg","Schluff, tonig, sandig, kiesig; Steine",0.963,,,,,,,True,5–8,False,5.8–11.6,False,1.4–1.6,True,
1fzBfhjgxXFdDk18THCZ,Ribbensdorf Grünland,2.387,0.378,392603,03 GG-AT: fo-l; fo-u,1.0,1 (von 2),60.0,2,Ah,0-2,Ls3,h4,Ld2,"Ls3,Lu",13.827,55.141,21.715,13.542,1.487,33.763,14.2,ol,Ton; glaukonitisch,1.0,,,,,,,True,17–25,False,23.3–46.5,False,1.4–1.6,True,
UtEOTzJjrCM7hZfXgKRE,Rohwiese,8.005,1.266,392603,03 GG-AT: fo-l; fo-u,1.0,1 (von 2),60.0,2,Ah,0-2,Ls3,h4,Ld2,"Ls3,Lu",4.954,64.416,18.992,16.769,1.446,33.214,8.313,",,f","Ton, Schluff, Sand; Kies",0.933,,,,,,,False,17–25,False,23.3–46.5,False,1.4–1.6,True,
IB9k26TJNtbVLs5x0i20,Rotten,6.017,0.952,392611,11 BBn: p-ls/fg-s,1.0,1 (von 7),20.0,7,Ap,0-3,Su2,h2,Ld2,"Sl2,Su2,fSms",7.362,61.786,21.233,16.988,1.436,32.229,11.185,"D,,gf",Sand und Kies,1.0,,,,,,,False,0–5,False,5.8–11.6,False,1.4–1.6,True,
W2diHmIiKhR3jK8Xk1vr,Röken,15.614,2.469,392606,"06 SS-BB, SS-BB-LF: p-ls/g-l; SSn: p-l/g-l",1.0,1 (von 4),40.0,4,Ap,0-2.5,Sl2,h2,Ld2,Sl2,7.966,58.774,23.499,17.194,1.426,34.035,11.02,"D,,Lg","Schluff, tonig, sandig, kiesig; Steine",0.824,,,,,,,False,5–8,True,5.8–11.6,False,1.4–1.6,True,
iNbassVXlMMBA6fy29DV,Saalsdorfer Breite,7.506,1.187,392630,"30 GNn, GGn, GMn: u-ls,u-l/f-s",1.0,1 (von 5),40.0,5,Go-Ah,0-4,Sl3,h5,Ld2,"Sl3,Slu",9.346,62.219,18.824,14.322,1.444,33.671,11.474,"w,,f",Sand und Kies; Schluff,0.859,,,,,,,False,8–12,True,46.5–87.2,False,1.4–1.6,True,
aL5yzwK7wsT3zHHb3iaH,Sandberg,11.285,1.786,392606,"06 SS-BB, SS-BB-LF: p-ls/g-l; SSn: p-l/g-l",0.857,1 (von 4),40.0,4,Ap,0-2.5,Sl2,h2,Ld2,Sl2,13.091,54.738,23.494,15.525,1.459,33.884,13.527,"D,,Lg","Schluff, tonig, sandig, kiesig; Steine",0.927,,,,,,,False,5–8,False,5.8–11.6,False,1.4–1.6,True,
xtMqrquNCdC21lZ0NMYI,Sandberg - 2,0.006,0.001,392606,"06 SS-BB, SS-BB-LF: p-ls/g-l; SSn: p-l/g-l",1.0,1 (von 4),40.0,4,Ap,0-2.5,Sl2,h2,Ld2,Sl2,14.117,52.567,23.683,13.983,1.462,33.667,13.817,"D,,Lg","Schluff, tonig, sandig, kiesig; Steine",1.0,,,,,,,False,5–8,False,5.8–11.6,False,1.4–1.6,True,
ynpNB8go3pns6dWXnHaa,Schleuse,0.944,0.149,392603,03 GG-AT: fo-l; fo-u,1.0,1 (von 2),60.0,2,Ah,0-2,Ls3,h4,Ld2,"Ls3,Lu",6.437,62.343,21.513,14.571,1.451,33.318,9.666,",,f","Ton, Schluff, Sand; Kies",0.611,,,,,,,False,17–25,False,23.3–46.5,False,1.4–1.6,True,
d6LEyhknfD8JlZY1fj78,Schäferberg,3.326,0.526,392603,03 GG-AT: fo-l; fo-u,1.0,1 (von 2),60.0,2,Ah,0-2,Ls3,h4,Ld2,"Ls3,Lu",5.651,62.984,21.984,15.376,1.449,32.927,8.318,",,f","Ton, Schluff, Sand; Kies",1.0,,,,,,,False,17–25,False,23.3–46.5,False,1.4–1.6,True,
gbCEG1dAjGZBwZzXk4p9,See,33.105,5.236,392630,"30 GNn, GGn, GMn: u-ls,u-l/f-s",0.81,1 (von 5),40.0,5,Go-Ah,0-4,Sl3,h5,Ld2,"Sl3,Slu",9.632,59.715,21.668,14.727,1.433,33.552,12.401,"w,,f",Sand und Kies; Schluff,0.998,,,,,,,False,8–12,True,46.5–87.2,False,1.4–1.6,True,
J4h275iDTzfaDB5mKXij,Seewiese,5.505,0.871,392630,"30 GNn, GGn, GMn: u-ls,u-l/f-s",1.0,1 (von 5),40.0,5,Go-Ah,0-4,Sl3,h5,Ld2,"Sl3,Slu",8.918,60.948,20.996,14.63,1.437,33.772,11.8,"w,,f",Sand und Kies; Schluff,1.0,,,,,,,False,8–12,True,46.5–87.2,False,1.4–1.6,True,
Pv7O96OKDuH6pTqbu6TT,Silbersee,13.701,2.167,392630,"30 GNn, GGn, GMn: u-ls,u-l/f-s",1.0,1 (von 5),40.0,5,Go-Ah,0-4,Sl3,h5,Ld2,"Sl3,Slu",8.174,63.442,18.945,16.029,1.442,34.014,9.955,"w,,f",Sand und Kies; Schluff,0.701,,,,,,,False,8–12,True,46.5–87.2,False,1.4–1.6,True,
odWWEokiq8bKwUX97NpW,Specksbreite Brache,10.508,1.662,392603,03 GG-AT: fo-l; fo-u,1.0,1 (von 2),60.0,2,Ah,0-2,Ls3,h4,Ld2,"Ls3,Lu",10.031,59.096,22.226,15.637,1.455,33.442,12.795,"w,,f",Sand und Kies; Schluff,0.937,,,,,,,False,17–25,False,23.3–46.5,False,1.4–1.6,True,
1zsdpuFJMBpXF5GTPz4x,Specksbreite Groß,8.198,1.297,392603,03 GG-AT: fo-l; fo-u,0.833,1 (von 2),60.0,2,Ah,0-2,Ls3,h4,Ld2,"Ls3,Lu",10.153,59.045,22.035,15.53,1.447,33.432,12.53,"w,,f",Sand und Kies; Schluff,0.948,,,,,,,True,17–25,False,23.3–46.5,False,1.4–1.6,True,
MEuXyMsCMrRWoFUz9QK2,Specksbreite Klein,2.121,0.335,392603,03 GG-AT: fo-l; fo-u,1.0,1 (von 2),60.0,2,Ah,0-2,Ls3,h4,Ld2,"Ls3,Lu",12.085,58.304,20.85,17.196,1.429,33.434,13.497,"w,,f",Sand und Kies; Schluff,1.0,,,,,,,False,17–25,False,23.3–46.5,False,1.4–1.6,True,
pnZlGAIrQQMGSl0a3HbO,Spraken,38.837,6.142,392606,"06 SS-BB, SS-BB-LF: p-ls/g-l; SSn: p-l/g-l",1.0,1 (von 4),40.0,4,Ap,0-2.5,Sl2,h2,Ld2,Sl2,12.945,54.022,23.658,14.849,1.455,33.913,13.81,"D,,Lg","Schluff, tonig, sandig, kiesig; Steine",1.0,,,,,,,False,5–8,False,5.8–11.6,False,1.4–1.6,True,
cl6skvEI4VCar0GDzch6,Springphör,6.974,1.103,392611,11 BBn: p-ls/fg-s,1.0,1 (von 7),20.0,7,Ap,0-3,Su2,h2,Ld2,"Sl2,Su2,fSms",4.912,65.921,18.141,14.535,1.454,32.471,8.188,"D,,gf",Sand und Kies,1.0,,,,,,,False,0–5,True,5.8–11.6,False,1.4–1.6,True,
Uo81jMnyjQFDp7IT4Acu,Steinberg,3.77,0.596,392611,11 BBn: p-ls/fg-s,1.0,1 (von 7),20.0,7,Ap,0-3,Su2,h2,Ld2,"Sl2,Su2,fSms",5.118,65.368,18.989,15.27,1.446,32.725,7.989,"D,,gf",Sand und Kies,1.0,,,,,,,False,0–5,False,5.8–11.6,False,1.4–1.6,True,
qupKPtjxcbSWIbXc2bCm,Stemmen,6.71,1.061,392603,03 GG-AT: fo-l; fo-u,1.0,1 (von 2),60.0,2,Ah,0-2,Ls3,h4,Ld2,"Ls3,Lu",11.253,56.641,22.853,20.982,1.457,33.829,13.268,",,f","Ton, Schluff, Sand; Kies",0.786,,,,,,,False,17–25,False,23.3–46.5,False,1.4–1.6,True,
pumW6LNsI3T5RD9zW3SI,Tomatenacker,1.982,0.313,392611,11 BBn: p-ls/fg-s,1.0,1 (von 7),20.0,7,Ap,0-3,Su2,h2,Ld2,"Sl2,Su2,fSms",6.7,64.015,20.108,14.893,1.445,32.683,8.086,"D,,gf",Sand und Kies,1.0,,,,,,,False,0–5,False,5.8–11.6,False,1.4–1.6,True,
brbM5GLEISmoIqRkdO2s,Umfeld Bredau,2.603,0.412,392611,11 BBn: p-ls/fg-s,1.0,1 (von 7),20.0,7,Ap,0-3,Su2,h2,Ld2,"Sl2,Su2,fSms",6.941,63.328,19.77,16.675,1.458,33.027,8.596,"D,,gf",Sand und Kies,0.878,,,,,,,False,0–5,False,5.8–11.6,False,1.4–1.6,True,
HXEGnhPKFWCC6Hny8lkP,Umfeld Groß,31.864,5.039,392611,11 BBn: p-ls/fg-s,1.0,1 (von 7),20.0,7,Ap,0-3,Su2,h2,Ld2,"Sl2,Su2,fSms",6.739,63.267,18.569,15.865,1.446,32.895,8.966,"D,,gf",Sand und Kies,0.993,,,,,,,False,0–5,False,5.8–11.6,False,1.4–1.6,True,
kl3eHxzisV4Y0eRcmcsP,Umfeld Klein,4.006,0.634,392611,11 BBn: p-ls/fg-s,1.0,1 (von 7),20.0,7,Ap,0-3,Su2,h2,Ld2,"Sl2,Su2,fSms",5.923,65.688,16.548,13.99,1.444,32.594,8.926,"D,,gf",Sand und Kies,1.0,,,,,,,False,0–5,False,5.8–11.6,False,1.4–1.6,True,
84wWsLweJNKIeKtogS3a,Umfeldwiese,9.18,1.452,392604,"04 ABn, GG-AB: fo-l; fo-l//f-s; GG-SS: fo-sl/fo-l",0.8,1 (von 8),20.0,8,Ap,0-2.5,Ls3,h3,Ld2,"Ls3,Lt2,Sl3,Tu3,Us,Ut3",7.689,60.584,20.854,19.405,1.42,32.422,8.679,",,f","Ton, Schluff, Sand; Kies",1.0,Tiefer Gley,Lf//f(qN),5.0,lS4Al,42.0,44,True,17–25,False,11.6–23.3,True,1.4–1.6,True,14–19
COv0wiCGWG4JsD0sYEW4,vor den Luken,12.042,1.904,392611,11 BBn: p-ls/fg-s,1.0,1 (von 7),20.0,7,Ap,0-3,Su2,h2,Ld2,"Sl2,Su2,fSms",7.163,63.045,20.344,14.392,1.436,33.575,10.111,"D,,gf",Sand und Kies,0.954,,,,,,,False,0–5,False,5.8–11.6,False,1.4–1.6,True,
pcsJj09c17yzqHrERNFW,vor den Tannen,6.657,1.053,392611,11 BBn: p-ls/fg-s,1.0,1 (von 7),20.0,7,Ap,0-3,Su2,h2,Ld2,"Sl2,Su2,fSms",7.033,61.676,20.963,16.521,1.455,33.06,10.096,"D,,gf",Sand und Kies,1.0,,,,,,,False,0–5,False,5.8–11.6,False,1.4–1.6,True,
xwqo8oZ0Ei3I7dqYD3A9,Warberg,4.316,0.684,392611,11 BBn: p-ls/fg-s,1.0,1 (von 7),20.0,7,Ap,0-3,Su2,h2,Ld2,"Sl2,Su2,fSms",4.861,67.084,18.423,14.524,1.453,32.168,7.996,"D,,gf",Sand und Kies,1.0,,,,,,,False,0–5,True,5.8–11.6,False,1.4–1.6,True,
UF9K8gJ5QIQkYgEH1JXd,Wasserfurche,3.111,0.492,392611,11 BBn: p-ls/fg-s,0.667,1 (von 7),20.0,7,Ap,0-3,Su2,h2,Ld2,"Sl2,Su2,fSms",9.24,62.461,18.455,14.599,1.438,33.342,11.245,"D,,gf",Sand und Kies,1.0,,,,,,,False,0–5,False,5.8–11.6,False,1.4–1.6,True,
XtCCVl30ddn9L4HkCY3n,Wiesenbalken,6.34,1.003,392603,03 GG-AT: fo-l; fo-u,1.0,1 (von 2),60.0,2,Ah,0-2,Ls3,h4,Ld2,"Ls3,Lu",9.498,57.668,23.346,14.287,1.444,33.65,11.759,"D,,Lg","Schluff, tonig, sandig, kiesig; Steine",0.989,,,,,,,False,17–25,False,23.3–46.5,False,1.4–1.6,True,
MmEAcGOQCCEq8qosxh56,Windmühlenberg (+),29.392,4.648,392606,"06 SS-BB, SS-BB-LF: p-ls/g-l; SSn: p-l/g-l",0.944,1 (von 4),40.0,4,Ap,0-2.5,Sl2,h2,Ld2,Sl2,12.217,56.097,22.417,14.693,1.456,33.308,13.138,"D,,Lg","Schluff, tonig, sandig, kiesig; Steine",1.0,,,,,,,False,5–8,False,5.8–11.6,False,1.4–1.6,True,
Hk3aYz9j56wbQD4u3rAC,Wolfskuhle,24.342,3.92,392611,11 BBn: p-ls/fg-s,0.526,1 (von 7),20.0,7,Ap,0-3,Su2,h2,Ld2,"Sl2,Su2,fSms",9.636,60.983,20.764,13.755,1.43,33.339,11.818,"D,,Lg","Schluff, tonig, sandig, kiesig; Steine",0.556,,,,,,,False,0–5,False,5.8–11.6,False,1.4–1.6,True,
QHOlQ6hep3oeVCNc1g02,Wolfskuhle (ÖVF),2.697,0.427,392611,11 BBn: p-ls/fg-s,1.0,1 (von 7),20.0,7,Ap,0-3,Su2,h2,Ld2,"Sl2,Su2,fSms",9.405,61.493,20.252,13.672,1.431,33.295,11.771,"D,,gf",Sand und Kies,0.778,,,,,,,False,0–5,False,5.8–11.6,False,1.4–1.6,True,
w5bt3UWzJUlmXGtXdl3I,Zagrai-Wiese,6.167,0.975,392621,"21 GGn, GGhh, HN-GH : u-l; HNn: og-Hn",1.0,1 (von 4),40.0,4,Ah,0-2,Uls,h3,Ld2,"Tu3,Uls",5.249,66.021,18.799,14.197,1.441,32.093,8.2,"w,,f",Sand und Kies; Schluff,1.0,,,,,,,False,8–17,False,11.6–23.3,True,1.4–1.6,True,
