plotId,TKLE_NR,Legende,share
05Zp3McBgcXoEISDl6Cy,392603,03 GG-AT: fo-l; fo-u,1.0
0abhR8nOp0L5JtP5RDft,392603,03 GG-AT: fo-l; fo-u,0.7777777777777778
0abhR8nOp0L5JtP5RDft,392606,"06 SS-BB, SS-BB-LF: p-ls/g-l; SSn: p-l/g-l",0.2222222222222222
1OQ4PxgDMhzuGvGxEKgU,392611,11 BBn: p-ls/fg-s,1.0
1fzBfhjgxXFdDk18THCZ,392603,03 GG-AT: fo-l; fo-u,1.0
1zsdpuFJMBpXF5GTPz4x,392603,03 GG-AT: fo-l; fo-u,0.8333333333333334
1zsdpuFJMBpXF5GTPz4x,392606,"06 SS-BB, SS-BB-LF: p-ls/g-l; SSn: p-l/g-l",0.16666666666666666
2viqhL8AO4rRHAMh5Fqq,392603,03 GG-AT: fo-l; fo-u,0.09090909090909091
2viqhL8AO4rRHAMh5Fqq,392630,"30 GNn, GGn, GMn: u-ls,u-l/f-s",0.9090909090909091
4jwoETVJIql7CxMQk6s5,392606,"06 SS-BB, SS-BB-LF: p-ls/g-l; SSn: p-l/g-l",1.0
5bsD33dPxIEykTIzWmSC,392630,"30 GNn, GGn, GMn: u-ls,u-l/f-s",1.0
79BkepicjzH7z2nhsdkd,392611,11 BBn: p-ls/fg-s,1.0
84wWsLweJNKIeKtogS3a,392604,"04 ABn, GG-AB: fo-l; fo-l//f-s; GG-SS: fo-sl/fo-l",0.8
84wWsLweJNKIeKtogS3a,392611,11 BBn: p-ls/fg-s,0.2
88abKCvrysJUdBXSIMe0,392606,"06 SS-BB, SS-BB-LF: p-ls/g-l; SSn: p-l/g-l",1.0
9VPFUO3k8opLMOQhg60g,392606,"06 SS-BB, SS-BB-LF: p-ls/g-l; SSn: p-l/g-l",1.0
9cRMOK3r8fyh9P39IPRN,392603,03 GG-AT: fo-l; fo-u,0.14285714285714285
9cRMOK3r8fyh9P39IPRN,392606,"06 SS-BB, SS-BB-LF: p-ls/g-l; SSn: p-l/g-l",0.8571428571428571
B8GsQyOZRxcbQ0Oz1gwU,392603,03 GG-AT: fo-l; fo-u,1.0
C63w3X4vgN15ySLntdWh,392621,"21 GGn, GGhh, HN-GH : u-l; HNn: og-Hn",0.2
C63w3X4vgN15ySLntdWh,392630,"30 GNn, GGn, GMn: u-ls,u-l/f-s",0.8
COv0wiCGWG4JsD0sYEW4,392611,11 BBn: p-ls/fg-s,1.0
CWqLytrVDthrGwd7bXTY,392606,"06 SS-BB, SS-BB-LF: p-ls/g-l; SSn: p-l/g-l",0.75
CWqLytrVDthrGwd7bXTY,392621,"21 GGn, GGhh, HN-GH : u-l; HNn: og-Hn",0.125
CWqLytrVDthrGwd7bXTY,392630,"30 GNn, GGn, GMn: u-ls,u-l/f-s",0.125
Dv81H1bYj7y0UjXICYs6,392603,03 GG-AT: fo-l; fo-u,1.0
FEoX6rOUBNzOxytqKgyG,392603,03 GG-AT: fo-l; fo-u,1.0
FzvWonz6fmJVLZRzMyZX,392611,11 BBn: p-ls/fg-s,1.0
HXEGnhPKFWCC6Hny8lkP,392611,11 BBn: p-ls/fg-s,1.0
Hg95tRlOaZmzxET3q3UO,392630,"30 GNn, GGn, GMn: u-ls,u-l/f-s",1.0
Hk3aYz9j56wbQD4u3rAC,392606,"06 SS-BB, SS-BB-LF: p-ls/g-l; SSn: p-l/g-l",0.2631578947368421
Hk3aYz9j56wbQD4u3rAC,392611,11 BBn: p-ls/fg-s,0.5263157894736842
Hk3aYz9j56wbQD4u3rAC,392630,"30 GNn, GGn, GMn: u-ls,u-l/f-s",0.21052631578947367
I7qeeMAEhSlZI8U0T3Bn,392606,"06 SS-BB, SS-BB-LF: p-ls/g-l; SSn: p-l/g-l",1.0
IB9k26TJNtbVLs5x0i20,392611,11 BBn: p-ls/fg-s,1.0
IGAaxDTF2gNapWupigxU,392606,"06 SS-BB, SS-BB-LF: p-ls/g-l; SSn: p-l/g-l",1.0
J4h275iDTzfaDB5mKXij,392630,"30 GNn, GGn, GMn: u-ls,u-l/f-s",1.0
JkAxAL5GaTSXU2ODAuOf,392606,"06 SS-BB, SS-BB-LF: p-ls/g-l; SSn: p-l/g-l",0.25
JkAxAL5GaTSXU2ODAuOf,392636,"36 BBn, RNn, RQn: p-(z,n)ls/n-+R,+An",0.75
Ki5DYxbNODWB78mucar7,392630,"30 GNn, GGn, GMn: u-ls,u-l/f-s",1.0
MEuXyMsCMrRWoFUz9QK2,392603,03 GG-AT: fo-l; fo-u,1.0
MmEAcGOQCCEq8qosxh56,392603,03 GG-AT: fo-l; fo-u,0.05555555555555555
MmEAcGOQCCEq8qosxh56,392606,"06 SS-BB, SS-BB-LF: p-ls/g-l; SSn: p-l/g-l",0.9444444444444444
MoYIfvnid4wXBDha0wJ3,392603,03 GG-AT: fo-l; fo-u,1.0
OrZyEaocNnb6dzCesjwJ,392603,03 GG-AT: fo-l; fo-u,1.0
Pv7O96OKDuH6pTqbu6TT,392630,"30 GNn, GGn, GMn: u-ls,u-l/f-s",1.0
QHOlQ6hep3oeVCNc1g02,392611,11 BBn: p-ls/fg-s,1.0
SEHa2ajk36SOAbNqgUET,392611,11 BBn: p-ls/fg-s,1.0
SEo2xyfcqiAjoec8ZXXa,392606,"06 SS-BB, SS-BB-LF: p-ls/g-l; SSn: p-l/g-l",1.0
TkoVKpTSKqZkgFLhnPZi,392637,"37 BBn, SS-BB, SSn, LFn: p-sö,p-(z,n)sö,p-(z,n)ls/c-(z,n)t(^t)",1.0
UF9K8gJ5QIQkYgEH1JXd,392611,11 BBn: p-ls/fg-s,0.6666666666666666
UF9K8gJ5QIQkYgEH1JXd,392630,"30 GNn, GGn, GMn: u-ls,u-l/f-s",0.3333333333333333
Uo81jMnyjQFDp7IT4Acu,392611,11 BBn: p-ls/fg-s,1.0
UtEOTzJjrCM7hZfXgKRE,392603,03 GG-AT: fo-l; fo-u,1.0
W2diHmIiKhR3jK8Xk1vr,392606,"06 SS-BB, SS-BB-LF: p-ls/g-l; SSn: p-l/g-l",1.0
WE5wmmGDOWQEBDwHOa11,392611,11 BBn: p-ls/fg-s,1.0
XtCCVl30ddn9L4HkCY3n,392603,03 GG-AT: fo-l; fo-u,1.0
Y2WW5OvI6C3WYloisd9c,392606,"06 SS-BB, SS-BB-LF: p-ls/g-l; SSn: p-l/g-l",0.85
Y2WW5OvI6C3WYloisd9c,392636,"36 BBn, RNn, RQn: p-(z,n)ls/n-+R,+An",0.15
YJqbIYddF2V248sa23Cy,392621,"21 GGn, GGhh, HN-GH : u-l; HNn: og-Hn",1.0
Z4APzDVDayA0EuGFl34V,392603,03 GG-AT: fo-l; fo-u,1.0
ZT7D0N8Dl4TnHlHMDQPI,392611,11 BBn: p-ls/fg-s,0.5
ZT7D0N8Dl4TnHlHMDQPI,392621,"21 GGn, GGhh, HN-GH : u-l; HNn: og-Hn",0.5
a9qeH7mBu4I8g6ME1LJj,392636,"36 BBn, RNn, RQn: p-(z,n)ls/n-+R,+An",1.0
aL5yzwK7wsT3zHHb3iaH,392603,03 GG-AT: fo-l; fo-u,0.14285714285714285
aL5yzwK7wsT3zHHb3iaH,392606,"06 SS-BB, SS-BB-LF: p-ls/g-l; SSn: p-l/g-l",0.8571428571428571
bHW29On9ilbohdl51gQ6,392611,11 BBn: p-ls/fg-s,0.42857142857142855
bHW29On9ilbohdl51gQ6,392621,"21 GGn, GGhh, HN-GH : u-l; HNn: og-Hn",0.5714285714285714
brbM5GLEISmoIqRkdO2s,392611,11 BBn: p-ls/fg-s,1.0
cl6skvEI4VCar0GDzch6,392611,11 BBn: p-ls/fg-s,1.0
d6LEyhknfD8JlZY1fj78,392603,03 GG-AT: fo-l; fo-u,1.0
eRUpDdp3t0hDOvbfBOTT,392603,03 GG-AT: fo-l; fo-u,1.0
ekKNAhSNPwYXsWdp39pw,392603,03 GG-AT: fo-l; fo-u,1.0
f4W9xRTLDbTeL2lDlKTU,392611,11 BBn: p-ls/fg-s,1.0
gQLroZHYi7Prh9NBS6An,392611,11 BBn: p-ls/fg-s,0.8
gQLroZHYi7Prh9NBS6An,392621,"21 GGn, GGhh, HN-GH : u-l; HNn: og-Hn",0.2
gbCEG1dAjGZBwZzXk4p9,392603,03 GG-AT: fo-l; fo-u,0.09523809523809523
gbCEG1dAjGZBwZzXk4p9,392606,"06 SS-BB, SS-BB-LF: p-ls/g-l; SSn: p-l/g-l",0.09523809523809523
gbCEG1dAjGZBwZzXk4p9,392630,"30 GNn, GGn, GMn: u-ls,u-l/f-s",0.8095238095238095
h2NQluewXRLwf0izPlUq,392603,03 GG-AT: fo-l; fo-u,1.0
iNbassVXlMMBA6fy29DV,392630,"30 GNn, GGn, GMn: u-ls,u-l/f-s",1.0
is0B8JToW47kfVAveolx,392611,11 BBn: p-ls/fg-s,1.0
jEXQY4jCuRRx6nDm5mXD,392611,11 BBn: p-ls/fg-s,0.5
jEXQY4jCuRRx6nDm5mXD,392621,"21 GGn, GGhh, HN-GH : u-l; HNn: og-Hn",0.5
kl3eHxzisV4Y0eRcmcsP,392611,11 BBn: p-ls/fg-s,1.0
ljsxaVBzA5HBl1D5Edhm,392630,"30 GNn, GGn, GMn: u-ls,u-l/f-s",1.0
nIRNtdWeCZR3y5LQgvh1,392603,03 GG-AT: fo-l; fo-u,0.9375
nIRNtdWeCZR3y5LQgvh1,392606,"06 SS-BB, SS-BB-LF: p-ls/g-l; SSn: p-l/g-l",0.0625
nj4lokNHppOIxLC2RKrG,392621,"21 GGn, GGhh, HN-GH : u-l; HNn: og-Hn",1.0
odWWEokiq8bKwUX97NpW,392603,03 GG-AT: fo-l; fo-u,1.0
p7RF8DS5rABbq6R41FBP,392611,11 BBn: p-ls/fg-s,1.0
pSFJ4nrCmrvraJDKb00b,392603,03 GG-AT: fo-l; fo-u,1.0
pcsJj09c17yzqHrERNFW,392611,11 BBn: p-ls/fg-s,1.0
pnZlGAIrQQMGSl0a3HbO,392606,"06 SS-BB, SS-BB-LF: p-ls/g-l; SSn: p-l/g-l",1.0
pumW6LNsI3T5RD9zW3SI,392611,11 BBn: p-ls/fg-s,1.0
qWDBs4wPcZ49VORemTmL,392630,"30 GNn, GGn, GMn: u-ls,u-l/f-s",1.0
qfwctMauD5WIJyoszRR9,392606,"06 SS-BB, SS-BB-LF: p-ls/g-l; SSn: p-l/g-l",1.0
qupKPtjxcbSWIbXc2bCm,392603,03 GG-AT: fo-l; fo-u,1.0
rxei8iAceEdX5gBHki5T,392611,11 BBn: p-ls/fg-s,1.0
tYx3FXAoCMdYPtKeQjFN,392611,11 BBn: p-ls/fg-s,1.0
taUMfE6fZvJxC3Zet5uK,392621,"21 GGn, GGhh, HN-GH : u-l; HNn: og-Hn",1.0
w5bt3UWzJUlmXGtXdl3I,392621,"21 GGn, GGhh, HN-GH : u-l; HNn: og-Hn",1.0
xt5iT7ph4MKOPlXTg3wu,392611,11 BBn: p-ls/fg-s,0.8181818181818182
xt5iT7ph4MKOPlXTg3wu,392621,"21 GGn, GGhh, HN-GH : u-l; HNn: og-Hn",0.18181818181818182
xtMqrquNCdC21lZ0NMYI,392606,"06 SS-BB, SS-BB-LF: p-ls/g-l; SSn: p-l/g-l",1.0
xwqo8oZ0Ei3I7dqYD3A9,392611,11 BBn: p-ls/fg-s,1.0
y2PFgZVFpXfqZ21XEBiz,392604,"04 ABn, GG-AB: fo-l; fo-l//f-s; GG-SS: fo-sl/fo-l",1.0
y7yHeXkyCRybIj7aUk0L,392630,"30 GNn, GGn, GMn: u-ls,u-l/f-s",1.0
ynpNB8go3pns6dWXnHaa,392603,03 GG-AT: fo-l; fo-u,1.0
zYBVGO615SLhL4PBBppY,392621,"21 GGn, GGhh, HN-GH : u-l; HNn: og-Hn",1.0
