plotId,zone,elev_mean,elev_min,elev_max,dem_pixel_equiv,slope_mean,slope_p90,slope_max
05Zp3McBgcXoEISDl6Cy,full,73.8336014209292,73.35441589355469,75.78406524658203,17.879339545033872,0.561456364650603,1.607760294561671,3.472168495267526
0abhR8nOp0L5JtP5RDft,full,85.20119861771863,79.82542419433594,89.45831298828125,157.41160256798685,1.6477011238678074,2.3968750382036044,2.7370946414338073
1OQ4PxgDMhzuGvGxEKgU,full,75.79882013069573,74.10770416259766,79.88619995117188,49.78819872485474,1.4349551059517895,2.244152020640599,4.509217629877077
1fzBfhjgxXFdDk18THCZ,full,96.60312763403853,95.05696105957031,100.36334991455078,27.193643990904093,1.1310761640793487,2.0787787714803976,2.511288061045771
1zsdpuFJMBpXF5GTPz4x,full,78.88530706817812,77.09888458251953,80.89922332763672,93.42115346793435,0.466812202436383,0.8067057682979613,7.525883304612169
2viqhL8AO4rRHAMh5Fqq,full,76.69084561702032,74.91996002197266,79.34941101074219,192.56627665797714,0.6835811102059569,1.2283210208958635,4.0070500589834275
4jwoETVJIql7CxMQk6s5,full,87.31777307311319,82.86019897460938,92.44230651855469,172.21913270757068,1.6254446137884593,2.6033648042707034,3.3634722599336904
5bsD33dPxIEykTIzWmSC,full,77.72508496716232,75.94436645507812,82.28873443603516,154.06123109551118,0.8969632790567694,1.4552589256936574,9.024395287322188
79BkepicjzH7z2nhsdkd,full,75.1481320336966,73.7501220703125,80.42024230957031,35.30202485130576,1.3319930237779474,2.1902850649019507,3.2315889000724916
84wWsLweJNKIeKtogS3a,full,68.65839713837566,67.585205078125,75.24585723876953,104.73206256744197,1.060178703431264,3.780257333110375,6.0523739209870735
88abKCvrysJUdBXSIMe0,full,90.75336053074957,85.68968963623047,107.13761138916016,298.49405889925765,1.747830026260554,2.5983145116307163,18.898475715142943
9VPFUO3k8opLMOQhg60g,full,80.05365542502294,77.16442108154297,86.89363098144531,152.37772265984677,0.9710372938219667,1.2372214355237972,11.480542068523278
9cRMOK3r8fyh9P39IPRN,full,72.55397275668025,71.15636444091797,100.95060729980469,98.82971561186423,2.981850008289733,10.377048864674293,27.54888328372734
B8GsQyOZRxcbQ0Oz1gwU,full,77.40577352183777,77.01182556152344,77.71134948730469,0.2170540802180767,1.141940610130918,2.1304675303469174,2.4792402068753483
C63w3X4vgN15ySLntdWh,full,77.93023525556023,76.27974700927734,81.57197570800781,78.0792567236058,0.8534050368374339,1.3390121749447934,7.508133514453073
COv0wiCGWG4JsD0sYEW4,full,75.31576964621433,73.32575225830078,86.78390502929688,137.3550352337661,1.9987002622277945,4.314199827944572,16.42701565486202
CWqLytrVDthrGwd7bXTY,full,81.99776800237116,77.23976135253906,86.03431701660156,293.10015878407285,1.3663595926162277,2.5655504899787553,4.256147197790294
Dv81H1bYj7y0UjXICYs6,full,73.41246753489014,73.04035186767578,74.60494995117188,5.3732333248481154,0.3780339669984082,0.7335849360469773,1.5678180816973708
FEoX6rOUBNzOxytqKgyG,full,75.22832673015814,74.71246337890625,75.72012329101562,16.068451726954663,0.2850153502163667,0.5060962037672424,1.1771446774206527
FzvWonz6fmJVLZRzMyZX,full,75.57873099396319,73.16183471679688,78.49510192871094,39.60670599467994,0.8369786511943538,1.1752618330149665,1.4882717570739596
HXEGnhPKFWCC6Hny8lkP,full,72.52611502386385,69.08922576904297,78.32014465332031,363.4793350456748,0.6568823439433541,1.3735426670376114,5.321462066008716
Hg95tRlOaZmzxET3q3UO,full,79.74121867501353,77.17426300048828,82.27159118652344,80.84057043353096,0.9343674127335919,1.4346672386430095,2.0457258859285115
Hk3aYz9j56wbQD4u3rAC,full,81.87428842079215,77.64615631103516,91.46170043945312,282.53450144128874,1.2473481555573325,1.7851217341065475,5.5327653455483246
I7qeeMAEhSlZI8U0T3Bn,full,84.04644109742605,82.34930419921875,84.90341186523438,6.567804013611749,1.6663184076564095,2.398227478852636,2.553236474720454
IB9k26TJNtbVLs5x0i20,full,77.34070127631811,75.31842041015625,81.93086242675781,68.60173806955572,1.1708046861546701,1.9447199181071453,3.0117483986149023
IGAaxDTF2gNapWupigxU,full,87.46453778025474,83.95333099365234,95.43701934814453,317.9028943995945,1.3687305459062689,1.6912127526778522,16.590251423940813
J4h275iDTzfaDB5mKXij,full,76.33748156650383,75.25679016113281,87.47232055664062,62.735891048283975,1.5306791341321677,5.022275247950518,10.928492029928417
JkAxAL5GaTSXU2ODAuOf,full,87.8390685952235,85.49272155761719,98.86762237548828,50.407345371029805,3.4062503981687025,9.616594395705022,17.4639036431677
Ki5DYxbNODWB78mucar7,full,76.33666926223272,75.5107192993164,79.8791732788086,79.30035220645368,0.7716142782005393,1.688610490626418,3.5068873265625684
MEuXyMsCMrRWoFUz9QK2,full,77.31432368742048,76.81717681884766,78.9526596069336,24.169968065136345,0.7375839416166351,1.1694976906271466,8.327172800819868
MmEAcGOQCCEq8qosxh56,full,86.76333212776704,78.31768035888672,103.59521484375,334.97205241495624,1.8291362911525166,3.3872682529834304,13.26011758305489
MoYIfvnid4wXBDha0wJ3,full,71.26815363210447,70.74544525146484,72.24372863769531,16.80930142092984,0.5137369439890258,0.8640796235197862,1.3006483999782743
OrZyEaocNnb6dzCesjwJ,full,75.61207679488628,74.71246337890625,85.35823822021484,244.10181604138052,0.7184051562752991,1.2360993252882613,13.093203964975777
Pv7O96OKDuH6pTqbu6TT,full,75.09219465480703,72.89057159423828,79.99515533447266,156.1851329615747,1.0323480167983394,2.6560818197531297,9.031990458823234
QHOlQ6hep3oeVCNc1g02,full,82.82789607099362,76.81998443603516,88.38623809814453,30.742476447019726,1.3799392288697196,1.7833103034805122,2.385647173443902
SEHa2ajk36SOAbNqgUET,full,69.51008240002236,67.94945526123047,75.08659362792969,9.391602268442512,6.494423696558166,10.5338100455257,11.482757738206505
SEo2xyfcqiAjoec8ZXXa,full,88.24004647586752,82.74000549316406,97.64191436767578,619.7043975806155,0.7144518673026025,1.1301132767418793,13.301339335526823
TkoVKpTSKqZkgFLhnPZi,full,109.93587889572495,109.01823425292969,111.83970642089844,9.866599229164422,1.2496910756422552,2.1313959254209305,2.9192526081781884
UF9K8gJ5QIQkYgEH1JXd,full,77.30764101489122,76.2375717163086,79.1875,35.4666037308707,1.1789562941385274,1.7936757712067162,2.4300981154683168
Uo81jMnyjQFDp7IT4Acu,full,79.13310561437754,77.14847564697266,81.00218963623047,42.98953832240659,0.4406418256978094,0.8625393236299965,1.2801847814599958
UtEOTzJjrCM7hZfXgKRE,full,72.34758465515618,71.3955307006836,82.46039581298828,91.2882872687187,1.521596829882847,7.218171339299119,16.889589437496717
W2diHmIiKhR3jK8Xk1vr,full,78.44354723503108,75.30987548828125,94.8936767578125,178.011462382623,3.575131756098722,12.639124250600105,23.38468134317337
WE5wmmGDOWQEBDwHOa11,full,74.61225947527227,72.87661743164062,78.27903747558594,42.443252586081144,1.517879646776826,2.278378482649965,9.306534642511034
XtCCVl30ddn9L4HkCY3n,full,82.81470992790945,79.42523193359375,86.45923614501953,72.24395621613803,1.7063738519444207,2.7570030789025495,5.701957949145718
Y2WW5OvI6C3WYloisd9c,full,81.86654235674101,78.2717514038086,94.96553802490234,340.56452568831446,1.533770222438979,2.8680924023112717,17.334177860410946
YJqbIYddF2V248sa23Cy,full,73.71199688529045,72.57206726074219,79.25910949707031,5.178258754891871,4.6491162239983845,7.6046349653844665,12.234990782077574
Z4APzDVDayA0EuGFl34V,full,73.77159275398698,73.31953430175781,74.99834442138672,8.106782332004514,0.3686361904239148,1.2245457198952991,1.3048148232446821
ZT7D0N8Dl4TnHlHMDQPI,full,72.87787011548106,72.02243041992188,74.85736846923828,68.85261790076038,0.7231173045112095,1.5044417736798195,1.830600921100632
a9qeH7mBu4I8g6ME1LJj,full,109.98458427116044,105.9297866821289,124.70576477050781,18.2770257294178,5.995266818313195,12.000291317397386,15.269891317420559
aL5yzwK7wsT3zHHb3iaH,full,81.94141700312863,78.30375671386719,85.1380615234375,128.66173488976347,1.1194452329693825,1.7092211335109653,2.2276110765205726
bHW29On9ilbohdl51gQ6,full,76.3602899699973,74.05073547363281,87.90425109863281,128.3850603819592,2.545050101324558,7.7285162466476764,16.108687431999957
brbM5GLEISmoIqRkdO2s,full,71.07110411871007,69.13627624511719,73.11093139648438,29.694301941606682,0.8959063601048421,1.1885228958769676,2.3959592082661247
cl6skvEI4VCar0GDzch6,full,73.97525308415617,71.61729431152344,77.85671997070312,79.53471207560506,0.8779838626024686,1.3129978299205618,2.560399879984209
d6LEyhknfD8JlZY1fj78,full,71.76532641583688,71.14579010009766,72.1846694946289,37.93458951788489,0.27559732575350204,0.466781089506473,0.8400541100443414
eRUpDdp3t0hDOvbfBOTT,full,78.75049531556613,78.04084014892578,81.906005859375,20.151227654743707,0.9656495001612008,1.6560808174989756,9.297825528527143
ekKNAhSNPwYXsWdp39pw,full,77.7698823275931,76.60763549804688,82.11359405517578,7.984128933865577,2.411859967822639,3.6870386791060143,3.772222006415823
f4W9xRTLDbTeL2lDlKTU,full,76.61810321809801,75.275390625,80.23995208740234,12.699607608490624,1.669938314125378,2.6241800685815155,2.8647726173247974
gQLroZHYi7Prh9NBS6An,full,76.65405296417661,72.3477554321289,81.72434997558594,235.93883896166517,1.2704400950390395,2.0980692396725895,5.037051863211249
gbCEG1dAjGZBwZzXk4p9,full,78.64923567318172,76.56343078613281,84.99480438232422,377.2618068313459,0.5634694905975136,0.8487538327832017,13.051169823930612
h2NQluewXRLwf0izPlUq,full,77.37717361911999,76.31378936767578,91.28860473632812,123.7663150759181,1.9820523270253307,6.596196015540172,20.040559352395572
iNbassVXlMMBA6fy29DV,full,76.63945544506983,75.2086410522461,79.41463470458984,85.55932793056127,0.5846140024486012,1.2035007160978783,1.5750390650962076
is0B8JToW47kfVAveolx,full,78.22168543457734,76.46504974365234,86.38851165771484,14.079696513013914,3.65544186415869,7.361924352981188,13.354805492886433
jEXQY4jCuRRx6nDm5mXD,full,76.43061324977657,72.51963806152344,82.00569152832031,57.73339585005306,2.312933946716399,4.206932045362805,13.306844343368116
kl3eHxzisV4Y0eRcmcsP,full,73.99319759224079,72.7789306640625,76.29814147949219,45.69645886216313,0.6665163680997245,1.1537004819924799,2.6418426009044964
ljsxaVBzA5HBl1D5Edhm,full,76.77885762973449,75.70730590820312,82.8866958618164,273.58938845497323,0.7345151927111786,1.6838569945299646,11.312168201670744
nIRNtdWeCZR3y5LQgvh1,full,77.72178601651349,76.54332733154297,91.1756591796875,303.44385003417847,0.8127416966433875,1.790190248968774,17.008537068288597
nj4lokNHppOIxLC2RKrG,full,73.07778337230178,72.06524658203125,78.92411804199219,59.0076965010594,1.1424185566773868,2.1153179759606835,7.654119136238301
odWWEokiq8bKwUX97NpW,full,78.88106666159864,77.60560607910156,87.22415161132812,119.73694743704982,0.946024121946678,1.8454660392103903,9.046804010903667
p7RF8DS5rABbq6R41FBP,full,70.32974068507536,67.63923645019531,84.35631561279297,240.29717477307713,1.4065471262836788,3.4508319270154444,17.605722587687527
pSFJ4nrCmrvraJDKb00b,full,73.5300158208875,72.93202209472656,78.71371459960938,23.178644681123842,1.1314452458960684,4.274780964832492,6.75395601507361
pcsJj09c17yzqHrERNFW,full,73.64452529299358,71.79293823242188,86.92938232421875,75.93674394628033,2.886096687910829,8.67520749823523,16.758746205192967
pnZlGAIrQQMGSl0a3HbO,full,84.9161683407108,82.2654800415039,99.97901916503906,442.58024586131796,0.8659138176791465,1.0937952149845298,16.694883041274363
pumW6LNsI3T5RD9zW3SI,full,84.43779012442762,80.66289520263672,94.46399688720703,22.59795879223384,3.445424115673971,6.9668609091323885,13.021909362513725
qWDBs4wPcZ49VORemTmL,full,76.02418803641511,75.16206359863281,82.4262466430664,157.5190107680428,0.6838025530584121,1.5713220767040497,5.025500526753508
qfwctMauD5WIJyoszRR9,full,83.65388276920271,78.14000701904297,88.14232635498047,549.5414112847066,1.2341622924182556,1.5558171433860584,17.722433167355504
qupKPtjxcbSWIbXc2bCm,full,79.32114730673405,77.57456970214844,80.65702819824219,76.46282933530165,0.6375072483275257,1.0741420318597585,1.968142842210389
rxei8iAceEdX5gBHki5T,full,75.28677025668786,73.01152038574219,78.32099914550781,30.485980730038136,1.185511192756814,1.582241466207287,2.1732932855946947
tYx3FXAoCMdYPtKeQjFN,full,81.85712107230006,78.21884155273438,97.8131103515625,93.05785004742211,1.9078108264780205,2.486871293654986,15.823645475021964
taUMfE6fZvJxC3Zet5uK,full,73.46474675445653,72.2464599609375,83.54170989990234,43.70400140702259,1.3639995993786607,4.677700967604219,12.02961524065542
w5bt3UWzJUlmXGtXdl3I,full,72.79380615431332,72.11763763427734,77.61324310302734,70.32740964466211,0.9340859231739852,2.121943747704873,5.122566740661017
xt5iT7ph4MKOPlXTg3wu,full,77.78872253333834,72.88912200927734,91.8016357421875,190.48991624098744,2.8787659507422583,5.893127616118815,19.183359710735555
xtMqrquNCdC21lZ0NMYI,full,81.8970947265625,81.8970947265625,81.8970947265625,0.06372863799333572,0.6531730405656502,0.6531730405656502,0.6531730405656502
xwqo8oZ0Ei3I7dqYD3A9,full,81.89751239720907,79.56165313720703,92.35687255859375,49.33910882299172,2.6464824283432824,6.7522535717492564,16.8371738104682
y2PFgZVFpXfqZ21XEBiz,full,71.04351662852545,70.65657043457031,72.65147399902344,12.01130206596281,0.6093948800794106,1.3012309870640908,1.8751342606318702
y7yHeXkyCRybIj7aUk0L,full,76.63050446251742,75.2921371459961,80.02701568603516,57.289645390585065,1.0657301519754627,1.9595553749164378,2.8144147028202826
ynpNB8go3pns6dWXnHaa,full,73.21715711864316,72.83025360107422,75.0345687866211,10.76573807769455,1.0705300222345058,3.1178743054335376,4.973138126789984
zYBVGO615SLhL4PBBppY,full,74.55007465004006,72.44465637207031,78.92266082763672,20.484316689515254,3.211686972098072,5.368951943696821,9.322122220749486
05Zp3McBgcXoEISDl6Cy,inner20m,73.72535456227261,73.4267807006836,74.16207122802734,2.11773595518207,0.33555748415617953,0.4852852370556639,2.677759312064378
0abhR8nOp0L5JtP5RDft,inner20m,85.21479443362799,81.06420135498047,88.63050079345703,122.48735439148732,1.6450830380907555,2.3469774685830003,2.706311512035084
1OQ4PxgDMhzuGvGxEKgU,inner20m,75.70945381346579,74.10770416259766,79.17450714111328,32.17050787806511,1.429216572424675,2.1420854828204035,3.0162679400282255
1fzBfhjgxXFdDk18THCZ,inner20m,96.52499598963288,95.1767807006836,99.26194763183594,13.659793511033058,1.2022235469182196,2.072321081390605,2.428791707276367
1zsdpuFJMBpXF5GTPz4x,inner20m,78.857286409454,77.645751953125,80.34632873535156,64.80162918393034,0.39710106074704626,0.712476455189498,1.6619267550641579
2viqhL8AO4rRHAMh5Fqq,inner20m,76.74337941104967,75.34525299072266,79.34941101074219,149.08221774315462,0.6309883941578136,1.2204549217738616,3.1575609547899917
4jwoETVJIql7CxMQk6s5,inner20m,87.52654952308572,82.86019897460938,91.71184539794922,135.80999954254366,1.7157559581674398,2.610953019298279,3.3634722599336904
5bsD33dPxIEykTIzWmSC,inner20m,77.73725463607634,75.94436645507812,80.87834930419922,121.34880340285599,0.900317839510889,1.4448718773283276,4.281158789816044
79BkepicjzH7z2nhsdkd,inner20m,75.13134589031408,73.7501220703125,76.95702362060547,20.57568969856402,1.3966382439693552,1.7493427204003604,2.353873977191481
84wWsLweJNKIeKtogS3a,inner20m,68.44037947889102,67.585205078125,70.7804183959961,74.89823258970864,0.6936863678645553,2.250866793535882,6.0523739209870735
88abKCvrysJUdBXSIMe0,inner20m,90.65063620459635,85.68968963623047,96.9179458618164,249.12380548988585,1.564455675374972,2.5321799212260836,17.512505795086835
9VPFUO3k8opLMOQhg60g,inner20m,80.04325768123638,77.23405456542969,82.68367004394531,119.26435263226449,0.8107472258161572,1.1319568719097972,7.7655103637402965
9cRMOK3r8fyh9P39IPRN,inner20m,71.95075733065295,71.15636444091797,82.06597137451172,72.04150163175814,1.6897538283499958,4.597968243803916,24.19895647995999
B8GsQyOZRxcbQ0Oz1gwU,inner20m,,,,,,,
C63w3X4vgN15ySLntdWh,inner20m,77.87247448808148,76.50021362304688,81.14371490478516,53.94980904045224,0.7932124582016544,1.258334954207906,6.497876876934049
COv0wiCGWG4JsD0sYEW4,inner20m,75.08602249475469,73.32575225830078,77.75582122802734,105.1521329942625,1.081644546184585,2.927785654492951,12.719370968194399
CWqLytrVDthrGwd7bXTY,inner20m,82.25168456536387,77.23976135253906,85.54679107666016,248.72590665426105,1.404948502985051,2.5708378797318647,4.256147197790294
Dv81H1bYj7y0UjXICYs6,inner20m,,,,,,,
FEoX6rOUBNzOxytqKgyG,inner20m,,,,,,,
FzvWonz6fmJVLZRzMyZX,inner20m,75.4816115627653,73.16183471679688,78.00588989257812,18.586396963481093,0.8381994695644462,1.1615743479211007,1.438120270836213
HXEGnhPKFWCC6Hny8lkP,inner20m,72.5148299895051,69.22246551513672,75.12073516845703,312.20491743994353,0.4989689851099602,0.8869886884632979,5.227556878999333
Hg95tRlOaZmzxET3q3UO,inner20m,79.85496970538192,77.25808715820312,82.27159118652344,51.6551744324388,0.9532676443384254,1.4396581098308343,2.0457258859285115
Hk3aYz9j56wbQD4u3rAC,inner20m,81.79602069484592,77.64615631103516,87.9266128540039,238.51350021900726,1.1718691010042341,1.6624936005275697,5.5327653455483246
I7qeeMAEhSlZI8U0T3Bn,inner20m,84.34467799732634,83.14544677734375,84.90341186523438,0.7473106781835668,1.8314834457981934,2.2824592620041395,2.553236474720454
IB9k26TJNtbVLs5x0i20,inner20m,77.14690563908319,75.43262481689453,80.84977722167969,47.66900809016079,1.048163020844799,1.6946419821838516,2.2344210484344047
IGAaxDTF2gNapWupigxU,inner20m,87.35531644964477,83.95333099365234,91.37547302246094,267.47482116590254,0.9569980837863483,1.3217783444996978,10.241738117385681
J4h275iDTzfaDB5mKXij,inner20m,76.12312531138848,75.25679016113281,83.16749572753906,42.42703880881891,0.8502899682920302,3.0312919250611743,10.928492029928417
JkAxAL5GaTSXU2ODAuOf,inner20m,87.41372749492967,85.49272155761719,90.14238739013672,27.56398362002801,1.8010749703671354,4.252201806136733,11.652768537454307
Ki5DYxbNODWB78mucar7,inner20m,76.14656056068752,75.5107192993164,78.87665557861328,53.30528155795764,0.6645993232121631,1.3488018371838693,3.5068873265625684
MEuXyMsCMrRWoFUz9QK2,inner20m,77.2635957653824,76.81717681884766,77.92301177978516,10.269351985305548,0.4757848179055899,0.6795177771252799,4.3547271811320805
MmEAcGOQCCEq8qosxh56,inner20m,86.91799262341804,78.82869720458984,94.1717758178711,287.1651295840852,1.6531849131752092,3.2505220410153073,13.26011758305489
MoYIfvnid4wXBDha0wJ3,inner20m,71.03649145633418,70.86323547363281,71.89947509765625,5.454763323068619,0.4464014725432875,0.649827632192674,0.902440799828512
OrZyEaocNnb6dzCesjwJ,inner20m,75.48416320382705,74.71246337890625,78.803955078125,197.49070383579237,0.48714377539117737,0.8298866137267185,10.122147726928661
Pv7O96OKDuH6pTqbu6TT,inner20m,75.05828318579825,72.89057159423828,79.88970947265625,110.7961522248479,0.9877827263979964,2.7797194991629457,8.58992386763855
QHOlQ6hep3oeVCNc1g02,inner20m,82.62120918501891,77.21923065185547,87.56864166259766,7.028750418938216,1.4279370426074949,1.784037438631462,1.7901494853320197
SEHa2ajk36SOAbNqgUET,inner20m,,,,,,,
SEo2xyfcqiAjoec8ZXXa,inner20m,88.3280676343559,83.2525634765625,92.1191177368164,551.4639453190612,0.6789492768814145,1.0814985214400434,7.205300256791934
TkoVKpTSKqZkgFLhnPZi,inner20m,109.76278455289736,109.3658676147461,110.83982849121094,2.4089510422199965,0.9147303322123693,1.3103007951970727,2.330603345443322
UF9K8gJ5QIQkYgEH1JXd,inner20m,77.23983602258537,76.55484771728516,78.21308135986328,15.211581909330562,1.1977051702036434,1.644925721048986,1.9875712435911261
Uo81jMnyjQFDp7IT4Acu,inner20m,79.12028851557827,77.85681915283203,81.00218963623047,19.034202351467684,0.39223766170248464,0.6211934998366445,1.2188399096128042
UtEOTzJjrCM7hZfXgKRE,inner20m,72.14270877886032,71.634521484375,78.34029388427734,55.867896627292794,0.9307289773425791,1.6689342702685066,13.245828402368003
W2diHmIiKhR3jK8Xk1vr,inner20m,77.95106891776804,75.30987548828125,84.7760009765625,145.53597866415657,1.8725389044102907,4.883499962246112,18.918257097113553
WE5wmmGDOWQEBDwHOa11,inner20m,74.48618448468191,72.87661743164062,77.9544448852539,25.308866122271866,1.0481226422364818,1.7003066894673016,9.306534642511034
XtCCVl30ddn9L4HkCY3n,inner20m,82.97670681949126,80.29015350341797,86.02516174316406,48.798106495290995,1.661551650174244,2.563061022879911,4.018202980959293
Y2WW5OvI6C3WYloisd9c,inner20m,81.68800109188977,78.33199310302734,86.96849822998047,292.338760653809,1.0152448878583722,1.169921422839268,14.724840553487095
YJqbIYddF2V248sa23Cy,inner20m,,,,,,,
Z4APzDVDayA0EuGFl34V,inner20m,73.7332043659633,73.4834213256836,74.03710174560547,0.7124119438230991,0.1838923088902571,0.49332170104023654,1.283866663278313
ZT7D0N8Dl4TnHlHMDQPI,inner20m,72.72402298566917,72.02243041992188,74.11573791503906,47.84971342975041,0.6161589649263847,1.3633984578253178,1.830600921100632
a9qeH7mBu4I8g6ME1LJj,inner20m,109.3770699103895,106.60305786132812,114.28199768066406,8.303620673716068,4.395199382286798,9.090733759586866,15.269891317420559
aL5yzwK7wsT3zHHb3iaH,inner20m,81.99467424725611,78.7490463256836,84.9679183959961,98.06791234241814,1.2002815772123556,1.8057913403507841,2.2276110765205726
bHW29On9ilbohdl51gQ6,inner20m,76.26143017279537,74.05073547363281,79.71879577636719,98.25888706184924,1.6464032084336662,2.8652439464046005,13.366088193052358
brbM5GLEISmoIqRkdO2s,inner20m,71.03347010221911,69.60633087158203,72.80206298828125,15.032805570866913,0.89339451871365,1.133933939816805,1.3869677155372035
cl6skvEI4VCar0GDzch6,inner20m,73.90328832560948,71.87019348144531,77.85671997070312,52.36634607473388,0.8480976969183391,1.2433189222516101,1.9639266982174193
d6LEyhknfD8JlZY1fj78,inner20m,71.80087282532766,71.2871322631836,72.16944122314453,20.855010728468187,0.3062219758403341,0.4600460019503335,0.8400541100443414
eRUpDdp3t0hDOvbfBOTT,inner20m,78.64202234235638,78.29043579101562,79.56656646728516,7.296257298439741,0.5604742381505339,1.4545724544333036,5.452980629602467
ekKNAhSNPwYXsWdp39pw,inner20m,77.57190498337577,77.08468627929688,77.9461669921875,0.4067467348650098,2.8925857872540948,3.579801091126943,3.772222006415823
f4W9xRTLDbTeL2lDlKTU,inner20m,,,,,,,
gQLroZHYi7Prh9NBS6An,inner20m,76.85877904984447,72.3477554321289,81.72434997558594,190.16477412485983,1.280098981220429,2.058511073386835,3.3917066621915097
gbCEG1dAjGZBwZzXk4p9,inner20m,78.65485451255077,77.14997863769531,80.3001937866211,320.3419993257412,0.3755966587088469,0.5987012012770279,8.54886313918402
h2NQluewXRLwf0izPlUq,inner20m,77.05232343918298,76.31378936767578,82.08757781982422,87.20395100564929,1.019617032634687,2.940572339277087,16.647128385363057
iNbassVXlMMBA6fy29DV,inner20m,76.56814007592995,75.2086410522461,79.41463470458984,61.047580970975105,0.517172616856689,1.1015291716275093,1.4822004067623262
is0B8JToW47kfVAveolx,inner20m,77.84508790466465,76.53065490722656,80.92505645751953,5.660954609513283,3.100207324903464,5.566558968745486,9.06578569204752
jEXQY4jCuRRx6nDm5mXD,inner20m,76.65900316144825,72.99431610107422,80.42024230957031,36.53424507193267,2.6140112788628627,4.300256629680409,6.808786240609527
kl3eHxzisV4Y0eRcmcsP,inner20m,73.87085751121415,72.7789306640625,75.224609375,27.206098212860525,0.5855150446534438,0.880989540025467,1.361891412139045
ljsxaVBzA5HBl1D5Edhm,inner20m,76.68754591155717,75.91114044189453,79.65390014648438,230.61026204645168,0.428115772993013,0.7186325153975007,9.081954797790225
nIRNtdWeCZR3y5LQgvh1,inner20m,77.60307304660003,76.54332733154297,81.11990356445312,231.13797190390324,0.5573763949688346,1.0894974111189597,14.922130910822926
nj4lokNHppOIxLC2RKrG,inner20m,72.74078326656355,72.06524658203125,76.83079528808594,32.18923899624497,0.893346185408122,1.6411510092940595,7.654119136238301
odWWEokiq8bKwUX97NpW,inner20m,78.67517112050739,77.60560607910156,82.96580505371094,90.00057579298664,0.7324375842932488,1.4148011846260247,9.046804010903667
p7RF8DS5rABbq6R41FBP,inner20m,70.18111543063425,67.71876525878906,75.50794982910156,195.295632870213,0.8390499150142845,1.1243669577169275,15.134935928564326
pSFJ4nrCmrvraJDKb00b,inner20m,73.24177156123038,72.93202209472656,74.45140838623047,9.027405011933297,0.7651358618984777,1.932708926921857,5.825511351586542
pcsJj09c17yzqHrERNFW,inner20m,73.1687265058138,71.90835571289062,79.7074203491211,50.51493229996413,1.5836861629822756,3.8043003852926844,13.284444510596655
pnZlGAIrQQMGSl0a3HbO,inner20m,84.81920781026838,82.2654800415039,90.14299774169922,372.78116562665673,0.6804588816223738,1.0083199190650474,16.694883041274363
pumW6LNsI3T5RD9zW3SI,inner20m,84.0339191409792,81.2176284790039,89.48812103271484,9.163208434063563,3.0025924559783292,6.5662175077434926,7.597630618771692
qWDBs4wPcZ49VORemTmL,inner20m,75.88065983637482,75.16206359863281,78.30834197998047,124.72497182924417,0.5946059263972534,1.3643132653537249,5.025500526753508
qfwctMauD5WIJyoszRR9,inner20m,83.69203765336712,78.14000701904297,88.14232635498047,479.05859637787216,0.912603158954182,1.3664741868483723,7.410514273459699
qupKPtjxcbSWIbXc2bCm,inner20m,79.30966634601886,77.57456970214844,80.65702819824219,53.320437158225104,0.6027925816054758,0.9484326445104266,1.8602472163183927
rxei8iAceEdX5gBHki5T,inner20m,75.48794408420581,73.7156982421875,76.81736755371094,16.622673003863383,1.1994653130050663,1.5922834482967534,1.732759745386711
tYx3FXAoCMdYPtKeQjFN,inner20m,81.61021194260391,78.24454498291016,89.53890991210938,64.71260132989846,1.3831600085205045,1.8174250729646904,15.823645475021964
taUMfE6fZvJxC3Zet5uK,inner20m,73.2411938652342,72.25088500976562,75.08829498291016,24.594071942854498,1.0358028631052456,1.2353756112486063,6.377789955842658
w5bt3UWzJUlmXGtXdl3I,inner20m,72.61099027219379,72.17573547363281,74.30270385742188,40.407765188021585,0.6254528133664868,1.6130767381404438,3.8185437893733822
xt5iT7ph4MKOPlXTg3wu,inner20m,77.97501635537034,72.88912200927734,82.61449432373047,154.47878758218712,2.129166607371953,3.435999527169596,15.497747083191664
xtMqrquNCdC21lZ0NMYI,inner20m,,,,,,,
xwqo8oZ0Ei3I7dqYD3A9,inner20m,81.7657085224613,80.09841918945312,85.99385833740234,29.987799044465646,2.058913725615891,4.857157227861246,11.018831223749045
y2PFgZVFpXfqZ21XEBiz,inner20m,70.90498525083223,70.78649139404297,71.5274429321289,4.126872846856713,0.6217165627240374,1.2855391761373638,1.5082831131935561
y7yHeXkyCRybIj7aUk0L,inner20m,76.45451414220173,75.2921371459961,78.5295181274414,38.19190238350711,0.9439063728509648,1.7490670342816355,2.8144147028202826
ynpNB8go3pns6dWXnHaa,inner20m,73.15680027561093,73.04839324951172,73.43560028076172,3.0086915834544925,0.6917027946402673,1.1339588716530076,3.1881471538245973
zYBVGO615SLhL4PBBppY,inner20m,73.9298092034963,72.44465637207031,78.87820434570312,5.409086437837686,2.2262776721497666,4.005754759784677,8.992587497541962
