plotId,fieldName,area,area_calc_ha,inner_area_ha,geom_was_invalid,sg_pixels,sg_missing_share,sg_clay_median_0_5cm,sg_sand_median_0_5cm,sg_phh2o_median_0_5cm,sg_soc_median_0_5cm,buek_points,buek_units,buek_dominant,buek_dominant_share,dem_pixels,elev_mean_m,slope_p90_full,slope_p90_inner20m,era5_cell,era5_last_valid,nibis_status
05Zp3McBgcXoEISDl6Cy,Nachthude 2,1.5706,1.5682771121699615,0.18575619235496518,False,0.248,0.0,4.6,63.9,5.8,27.5,1,1,03 GG-AT: fo-l; fo-u,1.0,17.9,73.8,1.61,0.49,"52.4,11.1",2026-09-27T23:00,"BK50 polygon returned (22 s), not saved"
0abhR8nOp0L5JtP5RDft,Kantorplan,13.8168,13.816186631053112,10.750849128171495,False,2.185,0.0,9.9,60.5,6.6,22.5,9,2,03 GG-AT: fo-l; fo-u,0.78,157.4,85.2,2.4,2.35,"52.3,11.1",2026-09-27T23:00,not queried (server timeouts)
1OQ4PxgDMhzuGvGxEKgU,Altenaer Weg,4.3675,4.366787336452887,2.821584447335095,False,0.691,0.0,5.9,67.6,6.1,22.4,4,1,11 BBn: p-ls/fg-s,1.0,49.8,75.8,2.24,2.14,"52.4,11.1",2026-09-27T23:00,not queried (server timeouts)
1fzBfhjgxXFdDk18THCZ,Ribbensdorf Grünland,2.3872,2.387089168021758,1.1990724519558553,False,0.378,0.0,13.5,55.4,6.9,21.9,1,1,03 GG-AT: fo-l; fo-u,1.0,27.2,96.6,2.08,2.07,"52.3,11.1",2026-09-27T23:00,not queried (server timeouts)
1zsdpuFJMBpXF5GTPz4x,Specksbreite Groß,8.1979,8.197998874604892,5.686532534722554,False,1.297,0.0,9.8,59.3,5.9,28.0,6,2,03 GG-AT: fo-l; fo-u,0.83,93.4,78.9,0.81,0.71,"52.3,11.1",2026-09-27T23:00,not queried (server timeouts)
2viqhL8AO4rRHAMh5Fqq,Berg,16.894,16.89380807236149,13.078941157846058,False,2.672,0.0,8.0,63.2,6.3,27.2,11,2,"30 GNn, GGn, GMn: u-ls,u-l/f-s",0.91,192.6,76.7,1.23,1.22,"52.4,11.1",2026-09-27T23:00,not queried (server timeouts)
4jwoETVJIql7CxMQk6s5,Ribbensdorf,15.1154,15.114990291635646,11.919501011586954,False,2.39,0.0,12.8,53.9,6.3,22.2,11,1,"06 SS-BB, SS-BB-LF: p-ls/g-l; SSn: p-l/g-l",1.0,172.2,87.3,2.6,2.61,"52.3,11.1",2026-09-27T23:00,not queried (server timeouts)
5bsD33dPxIEykTIzWmSC,Krügerbreite,13.5195,13.518009339909861,10.647674492769989,False,2.138,0.0,8.4,60.7,6.4,23.0,10,1,"30 GNn, GGn, GMn: u-ls,u-l/f-s",1.0,154.1,77.7,1.46,1.44,"52.3,11.1",2026-09-27T23:00,not queried (server timeouts)
79BkepicjzH7z2nhsdkd,Kurze Enden vor Biogas,3.0962,3.0953852644264597,1.804135867494317,False,0.49,0.0,4.4,70.7,6.0,26.0,3,1,11 BBn: p-ls/fg-s,1.0,35.3,75.1,2.19,1.75,"52.4,11.0",2026-09-27T23:00,not queried (server timeouts)
84wWsLweJNKIeKtogS3a,Umfeldwiese,9.1839,9.180430071350704,6.5653105723887215,False,1.452,0.0,6.2,61.4,5.3,32.3,5,2,"04 ABn, GG-AB: fo-l; fo-l//f-s; GG-SS: fo-sl/fo-l",0.8,104.7,68.7,3.78,2.25,"52.4,11.0",2026-09-27T23:00,not queried (server timeouts)
88abKCvrysJUdBXSIMe0,Mühlenbreite (+),26.202,26.195821713588614,21.863104586061368,False,4.143,0.0,13.9,54.6,6.6,24.1,16,1,"06 SS-BB, SS-BB-LF: p-ls/g-l; SSn: p-l/g-l",1.0,298.5,90.8,2.6,2.53,"52.3,11.1",2026-09-27T23:00,not queried (server timeouts)
9VPFUO3k8opLMOQhg60g,Kälbergehege Brache,13.36,13.365800896426896,10.461280056194294,False,2.114,0.0,5.5,61.9,6.1,25.8,9,1,"06 SS-BB, SS-BB-LF: p-ls/g-l; SSn: p-l/g-l",1.0,152.4,80.1,1.24,1.13,"52.4,11.1",2026-09-27T23:00,not queried (server timeouts)
9cRMOK3r8fyh9P39IPRN,Krautstemme,8.6677,8.666790514890293,6.317615631756152,False,1.371,0.0,4.8,63.7,5.9,28.5,7,2,"06 SS-BB, SS-BB-LF: p-ls/g-l; SSn: p-l/g-l",0.86,98.8,72.6,10.38,4.6,"52.4,11.1",2026-09-27T23:00,not queried (server timeouts)
B8GsQyOZRxcbQ0Oz1gwU,Parkwiese,0.019,0.019046198016422888,0.0,False,0.003,0.0,12.3,57.1,6.1,26.9,1,1,03 GG-AT: fo-l; fo-u,1.0,0.2,77.4,2.13,,"52.3,11.1",2026-09-27T23:00,not queried (server timeouts)
C63w3X4vgN15ySLntdWh,Pumpmühlensee,6.8524,6.851304753037893,4.7339937103314655,False,1.084,0.0,8.1,60.8,6.4,26.0,5,2,"30 GNn, GGn, GMn: u-ls,u-l/f-s",0.8,78.1,77.9,1.34,1.26,"52.3,11.1",2026-09-27T23:00,not queried (server timeouts)
COv0wiCGWG4JsD0sYEW4,vor den Luken,12.0463,12.042260531290905,9.21895196360437,False,1.904,0.0,5.0,64.5,6.1,25.4,8,1,11 BBn: p-ls/fg-s,1.0,137.4,75.3,4.31,2.93,"52.4,11.0",2026-09-27T23:00,not queried (server timeouts)
CWqLytrVDthrGwd7bXTY,Langes Feld,25.7159,25.718308754538647,21.824645509836458,False,4.067,0.0,8.0,59.9,6.4,21.9,16,3,"06 SS-BB, SS-BB-LF: p-ls/g-l; SSn: p-l/g-l",0.75,293.1,82.0,2.57,2.57,"52.3,11.0",2026-09-27T23:00,not queried (server timeouts)
Dv81H1bYj7y0UjXICYs6,Nachthude 1,0.4721,0.47128987665639605,0.0,False,0.075,0.0,4.8,62.9,5.6,27.1,1,1,03 GG-AT: fo-l; fo-u,1.0,5.4,73.4,0.73,,"52.4,11.1",2026-09-27T23:00,not queried (server timeouts)
FEoX6rOUBNzOxytqKgyG,Lange Wiese Schonfläche,1.211,1.4096804366862548,0.0,False,0.223,0.0,5.7,62.9,6.3,28.2,1,1,03 GG-AT: fo-l; fo-u,1.0,16.1,75.2,0.51,,"52.4,11.1",2026-09-27T23:00,not queried (server timeouts)
FzvWonz6fmJVLZRzMyZX,Bocksenden,3.475,3.4738181003020756,1.6301749184358647,False,0.549,0.0,5.0,65.5,6.1,29.3,2,1,11 BBn: p-ls/fg-s,1.0,39.6,75.6,1.18,1.16,"52.4,11.0",2026-09-27T23:00,not queried (server timeouts)
HXEGnhPKFWCC6Hny8lkP,Umfeld Groß,31.8764,31.8647169942884,27.36969254031507,False,5.039,0.0,5.0,64.3,6.0,28.4,19,1,11 BBn: p-ls/fg-s,1.0,363.5,72.5,1.37,0.89,"52.4,11.0",2026-09-27T23:00,not queried (server timeouts)
Hg95tRlOaZmzxET3q3UO,Langes Feld Brache,7.0938,7.093324013051496,4.532453229588715,False,1.122,0.0,8.5,60.0,6.4,22.5,5,1,"30 GNn, GGn, GMn: u-ls,u-l/f-s",1.0,80.8,79.7,1.43,1.44,"52.3,11.1",2026-09-27T23:00,not queried (server timeouts)
Hk3aYz9j56wbQD4u3rAC,Wolfskuhle,20.395,24.78854172969834,20.92632680218693,False,3.92,0.0,9.2,62.3,6.4,20.2,19,3,11 BBn: p-ls/fg-s,0.53,282.5,81.9,1.79,1.66,"52.3,11.1",2026-09-27T23:00,not queried (server timeouts)
I7qeeMAEhSlZI8U0T3Bn,Ackern Viehtrift (ÖVF),0.5742,0.5761612917095273,0.065557797561941,False,0.091,0.0,8.2,62.2,6.3,19.6,1,1,"06 SS-BB, SS-BB-LF: p-ls/g-l; SSn: p-l/g-l",1.0,6.6,84.0,2.4,2.28,"52.4,11.1",2026-09-27T23:00,not queried (server timeouts)
IB9k26TJNtbVLs5x0i20,Rotten,6.1,6.016948466951207,4.180971372953482,False,0.952,0.0,5.7,63.6,6.0,28.5,4,1,11 BBn: p-ls/fg-s,1.0,68.6,77.3,1.94,1.69,"52.4,11.0",2026-09-27T23:00,not queried (server timeouts)
IGAaxDTF2gNapWupigxU,Klinzerbreite,27.8911,27.892496035648474,23.46800234511511,False,4.411,0.0,10.7,58.2,5.6,25.9,19,1,"06 SS-BB, SS-BB-LF: p-ls/g-l; SSn: p-l/g-l",1.0,317.9,87.5,1.69,1.32,"52.3,11.1",2026-09-27T23:00,not queried (server timeouts)
J4h275iDTzfaDB5mKXij,Seewiese,5.5047,5.504635165363514,3.722674766230415,False,0.871,0.0,8.4,61.6,6.4,22.3,4,1,"30 GNn, GGn, GMn: u-ls,u-l/f-s",1.0,62.7,76.3,5.02,3.03,"52.3,11.1",2026-09-27T23:00,not queried (server timeouts)
JkAxAL5GaTSXU2ODAuOf,Buchhorn,4.4231,4.423048503043041,2.418625856315647,False,0.699,0.0,14.0,56.4,4.6,39.3,4,2,"36 BBn, RNn, RQn: p-(z,n)ls/n-+R,+An",0.75,50.4,87.8,9.62,4.25,"52.3,11.1",2026-09-27T23:00,not queried (server timeouts)
Ki5DYxbNODWB78mucar7,Plantage,6.9557,6.9574956065199975,4.67679380585248,False,1.1,0.0,5.4,64.2,6.3,23.6,4,1,"30 GNn, GGn, GMn: u-ls,u-l/f-s",1.0,79.3,76.3,1.69,1.35,"52.3,11.1",2026-09-27T23:00,not queried (server timeouts)
MEuXyMsCMrRWoFUz9QK2,Specksbreite Klein,2.1216,2.12094478709699,0.9011464802841985,False,0.335,0.0,11.5,58.6,5.0,32.3,2,1,03 GG-AT: fo-l; fo-u,1.0,24.2,77.3,1.17,0.68,"52.3,11.1",2026-09-27T23:00,not queried (server timeouts)
MmEAcGOQCCEq8qosxh56,Windmühlenberg (+),29.3988,29.392091197587998,25.197271721002597,False,4.648,0.0,12.1,57.5,6.1,24.2,18,2,"06 SS-BB, SS-BB-LF: p-ls/g-l; SSn: p-l/g-l",0.94,335.0,86.8,3.39,3.25,"52.3,11.1",2026-09-27T23:00,not queried (server timeouts)
MoYIfvnid4wXBDha0wJ3,Heuweg,1.4819,1.4739023067539514,0.47829075772432716,False,0.233,0.0,4.4,68.9,6.1,25.7,1,1,03 GG-AT: fo-l; fo-u,1.0,16.8,71.3,0.86,0.65,"52.4,11.1",2026-09-27T23:00,not queried (server timeouts)
OrZyEaocNnb6dzCesjwJ,Lange Wiese,21.4256,21.415821498863654,17.326471480912662,False,3.387,0.0,5.9,62.5,6.2,27.8,13,1,03 GG-AT: fo-l; fo-u,1.0,244.1,75.6,1.24,0.83,"52.3,11.1",2026-09-27T23:00,not queried (server timeouts)
Pv7O96OKDuH6pTqbu6TT,Silbersee,12.6677,13.701414653968657,9.719672991518287,False,2.167,0.0,7.5,64.9,6.1,28.1,9,1,"30 GNn, GGn, GMn: u-ls,u-l/f-s",1.0,156.2,75.1,2.66,2.78,"52.4,11.1",2026-09-27T23:00,not queried (server timeouts)
QHOlQ6hep3oeVCNc1g02,Wolfskuhle (ÖVF),2.6981,2.696927204141055,0.6164877213268104,True,0.427,0.0,9.0,62.9,6.4,20.8,1,1,11 BBn: p-ls/fg-s,1.0,30.7,82.8,1.78,1.78,"52.3,11.1",2026-09-27T23:00,not queried (server timeouts)
SEHa2ajk36SOAbNqgUET,Papenberg Brache,0.8236,0.823192741137851,0.0,False,0.13,0.0,9.2,57.0,5.3,34.9,1,1,11 BBn: p-ls/fg-s,1.0,9.4,69.5,10.53,,"52.4,11.0",2026-09-27T23:00,not queried (server timeouts)
SEo2xyfcqiAjoec8ZXXa,Mittelbreite,54.3614,54.36748609705211,48.38066162449881,False,8.598,0.0,9.8,59.3,6.2,22.8,34,1,"06 SS-BB, SS-BB-LF: p-ls/g-l; SSn: p-l/g-l",1.0,619.7,88.2,1.13,1.08,"52.4,11.1",2026-09-27T23:00,not queried (server timeouts)
TkoVKpTSKqZkgFLhnPZi,87 Wiese Schenk 1,0.8662548255510628,0.8663017877105085,0.21150909598833545,False,0.137,0.0,12.4,55.5,6.5,24.6,1,1,"37 BBn, SS-BB, SSn, LFn: p-sö,p-(z,n)sö,p-(z,n)ls/c-(z,n)t(^t)",1.0,9.9,109.9,2.13,1.31,"52.3,11.1",2026-09-27T23:00,not queried (server timeouts)
UF9K8gJ5QIQkYgEH1JXd,Wasserfurche,3.1124,3.1114474717564544,1.3344994508481431,False,0.492,0.0,9.0,63.5,6.3,25.1,3,2,11 BBn: p-ls/fg-s,0.67,35.5,77.3,1.79,1.64,"52.4,11.1",2026-09-27T23:00,not queried (server timeouts)
Uo81jMnyjQFDp7IT4Acu,Steinberg,3.7702,3.7700596224742164,1.6692452348455387,False,0.596,0.0,4.7,67.3,5.5,26.6,3,1,11 BBn: p-ls/fg-s,1.0,43.0,79.1,0.86,0.62,"52.4,11.1",2026-09-27T23:00,not queried (server timeouts)
UtEOTzJjrCM7hZfXgKRE,Rohwiese,8.0074,8.005238819095478,4.899172156668252,False,1.266,0.0,4.2,65.7,5.8,29.3,7,1,03 GG-AT: fo-l; fo-u,1.0,91.3,72.3,7.22,1.67,"52.4,11.1",2026-09-27T23:00,not queried (server timeouts)
W2diHmIiKhR3jK8Xk1vr,Röken,15.6144,15.614182838517104,12.765612114834658,False,2.469,0.0,6.8,60.2,5.0,33.8,10,1,"06 SS-BB, SS-BB-LF: p-ls/g-l; SSn: p-l/g-l",1.0,178.0,78.4,12.64,4.88,"52.4,11.1",2026-09-27T23:00,not queried (server timeouts)
WE5wmmGDOWQEBDwHOa11,Kotenphöre,3.7233,3.722310091409434,2.2196124255173193,False,0.589,0.0,4.2,69.7,6.2,27.6,3,1,11 BBn: p-ls/fg-s,1.0,42.4,74.6,2.28,1.7,"52.4,11.0",2026-09-27T23:00,not queried (server timeouts)
XtCCVl30ddn9L4HkCY3n,Wiesenbalken,6.3402,6.340464719441131,4.2827516585078556,False,1.003,0.0,9.2,59.6,6.5,22.7,5,1,03 GG-AT: fo-l; fo-u,1.0,72.2,82.8,2.76,2.56,"52.3,11.1",2026-09-27T23:00,not queried (server timeouts)
Y2WW5OvI6C3WYloisd9c,Kälbergehege,29.88,29.87599392529929,25.645381330567247,False,4.725,0.0,7.9,60.9,5.7,27.9,20,2,"06 SS-BB, SS-BB-LF: p-ls/g-l; SSn: p-l/g-l",0.85,340.6,81.9,2.87,1.17,"52.4,11.1",2026-09-27T23:00,not queried (server timeouts)
YJqbIYddF2V248sa23Cy,Eichenkoppel,0.45,0.45405206142529786,0.0,False,0.072,0.0,4.8,67.0,5.8,30.0,1,1,"21 GGn, GGhh, HN-GH : u-l; HNn: og-Hn",1.0,5.2,73.7,7.6,,"52.4,11.0",2026-09-27T23:00,not queried (server timeouts)
Z4APzDVDayA0EuGFl34V,Nachthude 3,0.7111,0.7110732820981253,0.06248805578720296,False,0.112,0.0,4.6,64.0,6.0,25.0,1,1,03 GG-AT: fo-l; fo-u,1.0,8.1,73.8,1.22,0.49,"52.4,11.1",2026-09-27T23:00,not queried (server timeouts)
ZT7D0N8Dl4TnHlHMDQPI,Diecke 2,6.0397,6.038477374968911,4.19648907362166,False,0.955,0.0,4.2,69.7,6.2,27.9,4,2,"21 GGn, GGhh, HN-GH : u-l; HNn: og-Hn",0.5,68.9,72.9,1.5,1.36,"52.4,11.0",2026-09-27T23:00,not queried (server timeouts)
a9qeH7mBu4I8g6ME1LJj,Klinzer Brache,1.6014,1.603250641538365,0.7283892144207692,False,0.254,0.0,12.0,55.7,6.1,29.6,1,1,"36 BBn, RNn, RQn: p-(z,n)ls/n-+R,+An",1.0,18.3,110.0,12.0,9.09,"52.4,11.1",2026-09-27T23:00,not queried (server timeouts)
aL5yzwK7wsT3zHHb3iaH,Sandberg,11.29,11.290485016040895,8.605775138740777,False,1.786,0.0,13.1,56.1,6.3,23.7,7,2,"06 SS-BB, SS-BB-LF: p-ls/g-l; SSn: p-l/g-l",0.86,128.7,81.9,1.71,1.81,"52.3,11.1",2026-09-27T23:00,not queried (server timeouts)
bHW29On9ilbohdl51gQ6,Großer Fleck,11.2605,11.256678067396736,8.615247283230842,False,1.78,0.0,5.0,66.0,6.1,26.5,7,2,"21 GGn, GGhh, HN-GH : u-l; HNn: og-Hn",0.57,128.4,76.4,7.73,2.87,"52.4,11.0",2026-09-27T23:00,not queried (server timeouts)
brbM5GLEISmoIqRkdO2s,Umfeld Bredau,2.6038,2.6031107509150364,1.3178308850587652,False,0.412,0.0,4.9,64.4,6.0,29.7,2,1,11 BBn: p-ls/fg-s,1.0,29.7,71.1,1.19,1.13,"52.4,11.0",2026-09-27T23:00,not queried (server timeouts)
cl6skvEI4VCar0GDzch6,Springphör,6.977,6.974244929743214,4.591901714847329,False,1.103,0.0,4.4,68.3,6.0,25.5,5,1,11 BBn: p-ls/fg-s,1.0,79.5,74.0,1.31,1.24,"52.4,11.1",2026-09-27T23:00,not queried (server timeouts)
d6LEyhknfD8JlZY1fj78,Schäferberg,3.3276,3.326326141669745,1.8286925805408443,False,0.526,0.0,4.8,64.7,6.2,28.0,1,1,03 GG-AT: fo-l; fo-u,1.0,37.9,71.8,0.47,0.46,"52.4,11.1",2026-09-27T23:00,not queried (server timeouts)
eRUpDdp3t0hDOvbfBOTT,Am Wehr,1.775,1.7685137183464565,0.6403342124436712,False,0.28,0.0,9.0,59.8,6.3,28.3,1,1,03 GG-AT: fo-l; fo-u,1.0,20.2,78.8,1.66,1.45,"52.3,11.1",2026-09-27T23:00,not queried (server timeouts)
ekKNAhSNPwYXsWdp39pw,Kaserne,0.7,0.700477056504707,0.035685408251204156,False,0.111,0.0,8.4,61.4,6.2,26.7,1,1,03 GG-AT: fo-l; fo-u,1.0,8.0,77.8,3.69,3.58,"52.3,11.1",2026-09-27T23:00,not queried (server timeouts)
f4W9xRTLDbTeL2lDlKTU,Lehmkuhle,1.1138,1.1138633384685996,0.0,False,0.176,0.0,5.2,67.8,6.0,26.5,1,1,11 BBn: p-ls/fg-s,1.0,12.7,76.6,2.62,,"52.4,11.0",2026-09-27T23:00,not queried (server timeouts)
gQLroZHYi7Prh9NBS6An,Hofbreite,20.6974,20.6896871980528,16.67571253815352,False,3.272,0.0,4.9,67.1,5.9,28.6,15,2,11 BBn: p-ls/fg-s,0.8,235.9,76.7,2.1,2.06,"52.4,11.0",2026-09-27T23:00,not queried (server timeouts)
gbCEG1dAjGZBwZzXk4p9,See,33.1021,33.105065380153505,28.11032412557833,False,5.236,0.0,8.6,60.3,6.2,24.3,21,3,"30 GNn, GGn, GMn: u-ls,u-l/f-s",0.81,377.3,78.6,0.85,0.6,"52.3,11.1",2026-09-27T23:00,not queried (server timeouts)
h2NQluewXRLwf0izPlUq,Kampwiese,9.6554,10.860554093650473,7.652180483997196,False,1.718,0.0,11.7,58.2,5.3,33.9,6,1,03 GG-AT: fo-l; fo-u,1.0,123.8,77.4,6.6,2.94,"52.3,11.1",2026-09-27T23:00,not queried (server timeouts)
iNbassVXlMMBA6fy29DV,Saalsdorfer Breite,7.5066,7.506415810590933,5.355915194650501,False,1.187,0.0,9.2,63.2,6.4,23.0,5,1,"30 GNn, GGn, GMn: u-ls,u-l/f-s",1.0,85.6,76.6,1.2,1.1,"52.3,11.1",2026-09-27T23:00,not queried (server timeouts)
is0B8JToW47kfVAveolx,Abraham,1.2063362683144079,1.234893120397498,0.4965075741951613,False,0.195,0.058,8.3,64.3,5.1,30.9,1,1,11 BBn: p-ls/fg-s,1.0,14.1,78.2,7.36,5.57,"52.4,11.1",2026-09-27T23:00,not queried (server timeouts)
jEXQY4jCuRRx6nDm5mXD,Klapperberg,5.064,5.062268480468803,3.203455169665897,False,0.801,0.0,4.7,68.9,6.2,24.2,4,2,11 BBn: p-ls/fg-s,0.5,57.7,76.4,4.21,4.3,"52.4,11.0",2026-09-27T23:00,not queried (server timeouts)
kl3eHxzisV4Y0eRcmcsP,Umfeld Klein,4.0073,4.006443621792252,2.385296605226471,False,0.634,0.0,4.8,67.7,6.1,24.5,3,1,11 BBn: p-ls/fg-s,1.0,45.7,74.0,1.15,0.88,"52.4,11.0",2026-09-27T23:00,not queried (server timeouts)
ljsxaVBzA5HBl1D5Edhm,Masch,23.9798,24.005709539424306,20.23457396111908,False,3.796,0.0,7.4,61.9,6.0,24.2,15,1,"30 GNn, GGn, GMn: u-ls,u-l/f-s",1.0,273.6,76.8,1.68,0.72,"52.3,11.1",2026-09-27T23:00,not queried (server timeouts)
nIRNtdWeCZR3y5LQgvh1,Milchkoppel,26.1764,26.62806373394721,20.283072370190943,False,4.211,0.0,12.2,57.3,5.9,30.4,16,2,03 GG-AT: fo-l; fo-u,0.94,303.4,77.7,1.79,1.09,"52.3,11.1",2026-09-27T23:00,not queried (server timeouts)
nj4lokNHppOIxLC2RKrG,Cawi-Wiese,5.1763,5.17454039743522,2.8227616080170943,False,0.818,0.0,4.6,68.3,6.0,27.0,3,1,"21 GGn, GGhh, HN-GH : u-l; HNn: og-Hn",1.0,59.0,73.1,2.12,1.64,"52.4,11.0",2026-09-27T23:00,not queried (server timeouts)
odWWEokiq8bKwUX97NpW,Specksbreite Brache,10.5082,10.50786498386726,7.898253843627848,False,1.662,0.0,9.8,59.3,6.4,26.9,7,1,03 GG-AT: fo-l; fo-u,1.0,119.7,78.9,1.85,1.41,"52.3,11.1",2026-09-27T23:00,not queried (server timeouts)
p7RF8DS5rABbq6R41FBP,Papenberg,21.0708,21.063229614258685,17.118612730600898,False,3.331,0.0,5.7,60.8,6.1,29.4,14,1,11 BBn: p-ls/fg-s,1.0,240.3,70.3,3.45,1.12,"52.4,11.0",2026-09-27T23:00,not queried (server timeouts)
pSFJ4nrCmrvraJDKb00b,Allerwiese,2.008,2.032970471022351,0.7917829674760699,False,0.322,0.0,4.8,62.9,5.6,27.8,2,1,03 GG-AT: fo-l; fo-u,1.0,23.2,73.5,4.27,1.93,"52.4,11.1",2026-09-27T23:00,not queried (server timeouts)
pcsJj09c17yzqHrERNFW,vor den Tannen,6.583,6.656886958417764,4.428322335782559,False,1.053,0.0,5.2,61.8,6.0,30.7,4,1,11 BBn: p-ls/fg-s,1.0,75.9,73.6,8.68,3.8,"52.4,11.0",2026-09-27T23:00,not queried (server timeouts)
pnZlGAIrQQMGSl0a3HbO,Spraken,38.8259,38.83719077041234,32.712144659542496,False,6.142,0.0,13.5,55.4,6.2,24.4,25,1,"06 SS-BB, SS-BB-LF: p-ls/g-l; SSn: p-l/g-l",1.0,442.6,84.9,1.09,1.01,"52.3,11.1",2026-09-27T23:00,not queried (server timeouts)
pumW6LNsI3T5RD9zW3SI,Tomatenacker,1.3200998859976047,1.981928350557006,0.8036499453490281,False,0.313,0.0,6.2,64.9,5.7,26.4,2,1,11 BBn: p-ls/fg-s,1.0,22.6,84.4,6.97,6.57,"52.4,11.1",2026-09-27T23:00,not queried (server timeouts)
qWDBs4wPcZ49VORemTmL,Hofbreite Seggerde,13.8158,13.820212510181724,10.942972820737104,False,2.186,0.0,9.0,62.7,6.4,23.7,9,1,"30 GNn, GGn, GMn: u-ls,u-l/f-s",1.0,157.5,76.0,1.57,1.36,"52.3,11.1",2026-09-27T23:00,not queried (server timeouts)
qfwctMauD5WIJyoszRR9,Ackern Viehtrift,48.2213,48.20732255785994,42.024360944525824,False,7.624,0.0,7.7,60.5,5.7,26.9,31,1,"06 SS-BB, SS-BB-LF: p-ls/g-l; SSn: p-l/g-l",1.0,549.5,83.7,1.56,1.37,"52.4,11.1",2026-09-27T23:00,not queried (server timeouts)
qupKPtjxcbSWIbXc2bCm,Stemmen,6.1805,6.710481600830244,4.679472140185928,False,1.061,0.0,11.7,57.2,6.1,31.2,5,1,03 GG-AT: fo-l; fo-u,1.0,76.5,79.3,1.07,0.95,"52.3,11.1",2026-09-27T23:00,not queried (server timeouts)
rxei8iAceEdX5gBHki5T,Kurze Enden hinter Biogas,2.6731,2.672946681123979,1.4574432394048562,False,0.423,0.0,4.6,69.5,6.0,24.9,2,1,11 BBn: p-ls/fg-s,1.0,30.5,75.3,1.58,1.59,"52.4,11.0",2026-09-27T23:00,not queried (server timeouts)
tYx3FXAoCMdYPtKeQjFN,Mackendorfer Wege,8.1642,8.162448421548763,5.676183864636249,False,1.291,0.0,6.4,64.4,6.1,26.7,5,1,11 BBn: p-ls/fg-s,1.0,93.1,81.9,2.49,1.82,"52.4,11.0",2026-09-27T23:00,not queried (server timeouts)
taUMfE6fZvJxC3Zet5uK,Diecke 1,3.8341,3.8329197828410515,2.1569422292942013,False,0.606,0.0,4.3,69.2,6.0,27.5,3,1,"21 GGn, GGhh, HN-GH : u-l; HNn: og-Hn",1.0,43.7,73.5,4.68,1.24,"52.4,11.0",2026-09-27T23:00,not queried (server timeouts)
w5bt3UWzJUlmXGtXdl3I,Zagrai-Wiese,6.1698,6.167196600149678,3.543476244760745,False,0.975,0.0,4.6,68.3,6.0,25.2,3,1,"21 GGn, GGhh, HN-GH : u-l; HNn: og-Hn",1.0,70.3,72.8,2.12,1.61,"52.4,11.0",2026-09-27T23:00,not queried (server timeouts)
xt5iT7ph4MKOPlXTg3wu,Niendorferberg,16.7075,16.703394134142513,13.54570831797761,False,2.642,0.0,5.2,63.2,5.1,32.1,11,2,11 BBn: p-ls/fg-s,0.82,190.5,77.8,5.89,3.44,"52.4,11.0",2026-09-27T23:00,not queried (server timeouts)
xtMqrquNCdC21lZ0NMYI,Sandberg - 2,0.001,0.005592222522243663,0.0,False,0.001,0.0,14.3,54.3,6.3,21.6,1,1,"06 SS-BB, SS-BB-LF: p-ls/g-l; SSn: p-l/g-l",1.0,0.1,81.9,0.65,,"52.3,11.1",2026-09-27T23:00,not queried (server timeouts)
xwqo8oZ0Ei3I7dqYD3A9,Warberg,4.3273,4.327212421526071,2.6300335884107544,False,0.684,0.0,4.9,68.9,5.8,25.7,3,1,11 BBn: p-ls/fg-s,1.0,49.3,81.9,6.75,4.86,"52.4,11.1",2026-09-27T23:00,not queried (server timeouts)
y2PFgZVFpXfqZ21XEBiz,Porzelle,1.0532,1.0531369828039157,0.36183935197543315,False,0.167,0.0,6.1,65.1,6.3,29.6,1,1,"04 ABn, GG-AB: fo-l; fo-l//f-s; GG-SS: fo-sl/fo-l",1.0,12.0,71.0,1.3,1.29,"52.4,11.1",2026-09-27T23:00,not queried (server timeouts)
y7yHeXkyCRybIj7aUk0L,Helmecken Kamp,5.0236,5.026508275111837,3.3509000027594826,False,0.795,0.0,9.1,62.2,6.4,22.4,3,1,"30 GNn, GGn, GMn: u-ls,u-l/f-s",1.0,57.3,76.6,1.96,1.75,"52.3,11.1",2026-09-27T23:00,not queried (server timeouts)
ynpNB8go3pns6dWXnHaa,Schleuse,0.9485,0.9442076896337684,0.26387706823066276,False,0.149,0.0,4.7,64.2,6.0,25.7,1,1,03 GG-AT: fo-l; fo-u,1.0,10.8,73.2,3.12,1.13,"52.4,11.1",2026-09-27T23:00,not queried (server timeouts)
zYBVGO615SLhL4PBBppY,Pferdekoppel,1.79,1.7961738653271733,0.47429727453890863,False,0.284,0.0,4.9,66.6,6.1,25.8,1,1,"21 GGn, GGhh, HN-GH : u-l; HNn: og-Hn",1.0,20.5,74.6,5.37,4.01,"52.4,11.0",2026-09-27T23:00,not queried (server timeouts)
