plotId,era5_cell_lat,era5_cell_lon,icon_cell_lat,icon_cell_lon,sm0_7_null_share,sm0_7_last_valid,sm0_7_mean,precip_30d_mm,precip_null_days,et0_30d_mm,fc_sm0_1_null_share
05Zp3McBgcXoEISDl6Cy,52.40001,11.100006,52.36,11.059999,0.16666666666666666,2026-09-27T23:00,0.23048666666666667,23.0,6,59.5,0.0
0abhR8nOp0L5JtP5RDft,52.300003,11.100006,52.32,11.08,0.16666666666666666,2026-09-27T23:00,0.2641616666666667,23.0,6,59.61,0.0
1OQ4PxgDMhzuGvGxEKgU,52.40001,11.100006,52.36,11.059999,0.16666666666666666,2026-09-27T23:00,0.23048666666666667,23.0,6,59.489999999999995,0.0
1fzBfhjgxXFdDk18THCZ,52.300003,11.100006,52.32,11.1,0.16666666666666666,2026-09-27T23:00,0.2641616666666667,23.0,6,59.47,0.0
1zsdpuFJMBpXF5GTPz4x,52.300003,11.100006,52.34,11.08,0.16666666666666666,2026-09-27T23:00,0.2641616666666667,23.0,6,59.68,0.0
2viqhL8AO4rRHAMh5Fqq,52.40001,11.100006,52.36,11.059999,0.16666666666666666,2026-09-27T23:00,0.23048666666666667,23.0,6,59.489999999999995,0.0
4jwoETVJIql7CxMQk6s5,52.300003,11.100006,52.34,11.1,0.16666666666666666,2026-09-27T23:00,0.2641616666666667,23.0,6,59.629999999999995,0.0
5bsD33dPxIEykTIzWmSC,52.300003,11.100006,52.34,11.059999,0.16666666666666666,2026-09-27T23:00,0.2641616666666667,23.0,6,59.68,0.0
79BkepicjzH7z2nhsdkd,52.40001,11.0,52.38,11.039999,0.16666666666666666,2026-09-27T23:00,0.23419,23.0,6,59.24000000000001,0.0
84wWsLweJNKIeKtogS3a,52.40001,11.0,52.38,11.039999,0.16666666666666666,2026-09-27T23:00,0.23419,31.9,6,59.78,0.0
88abKCvrysJUdBXSIMe0,52.300003,11.100006,52.34,11.1,0.16666666666666666,2026-09-27T23:00,0.2641616666666667,23.0,6,59.550000000000004,0.0
9VPFUO3k8opLMOQhg60g,52.40001,11.100006,52.36,11.1,0.16666666666666666,2026-09-27T23:00,0.23048666666666667,23.0,6,59.46,0.0
9cRMOK3r8fyh9P39IPRN,52.40001,11.100006,52.36,11.08,0.16666666666666666,2026-09-27T23:00,0.23048666666666667,23.0,6,59.540000000000006,0.0
B8GsQyOZRxcbQ0Oz1gwU,52.300003,11.100006,52.34,11.08,0.16666666666666666,2026-09-27T23:00,0.2641616666666667,23.0,6,59.690000000000005,0.0
C63w3X4vgN15ySLntdWh,52.300003,11.100006,52.34,11.059999,0.16666666666666666,2026-09-27T23:00,0.2641616666666667,23.0,6,59.690000000000005,0.0
COv0wiCGWG4JsD0sYEW4,52.40001,11.0,52.38,11.039999,0.16666666666666666,2026-09-27T23:00,0.23419,31.9,6,59.74,0.0
CWqLytrVDthrGwd7bXTY,52.300003,11.0,52.34,11.039999,0.16666666666666666,2026-09-27T23:00,0.26094666666666666,23.0,6,60.02,0.0
Dv81H1bYj7y0UjXICYs6,52.40001,11.100006,52.36,11.059999,0.16666666666666666,2026-09-27T23:00,0.23048666666666667,23.0,6,59.510000000000005,0.0
FEoX6rOUBNzOxytqKgyG,52.40001,11.100006,52.36,11.059999,0.16666666666666666,2026-09-27T23:00,0.23048666666666667,23.0,6,59.489999999999995,0.0
FzvWonz6fmJVLZRzMyZX,52.40001,11.0,52.36,11.039999,0.16666666666666666,2026-09-27T23:00,0.23419,23.0,6,59.24000000000001,0.0
HXEGnhPKFWCC6Hny8lkP,52.40001,11.0,52.38,11.039999,0.16666666666666666,2026-09-27T23:00,0.23419,31.9,6,59.74,0.0
Hg95tRlOaZmzxET3q3UO,52.300003,11.100006,52.34,11.059999,0.16666666666666666,2026-09-27T23:00,0.2641616666666667,23.0,6,59.67,0.0
Hk3aYz9j56wbQD4u3rAC,52.300003,11.100006,52.34,11.059999,0.16666666666666666,2026-09-27T23:00,0.2641616666666667,23.0,6,59.65,0.0
I7qeeMAEhSlZI8U0T3Bn,52.40001,11.100006,52.36,11.08,0.16666666666666666,2026-09-27T23:00,0.23048666666666667,23.0,6,59.4,0.0
IB9k26TJNtbVLs5x0i20,52.40001,11.0,52.36,11.039999,0.16666666666666666,2026-09-27T23:00,0.23419,23.0,6,59.220000000000006,0.0
IGAaxDTF2gNapWupigxU,52.300003,11.100006,52.34,11.1,0.16666666666666666,2026-09-27T23:00,0.2641616666666667,23.0,6,59.57000000000001,0.0
J4h275iDTzfaDB5mKXij,52.300003,11.100006,52.34,11.059999,0.16666666666666666,2026-09-27T23:00,0.2641616666666667,23.0,6,59.690000000000005,0.0
JkAxAL5GaTSXU2ODAuOf,52.300003,11.100006,52.34,11.1,0.16666666666666666,2026-09-27T23:00,0.2641616666666667,23.0,6,59.47,0.0
Ki5DYxbNODWB78mucar7,52.300003,11.100006,52.34,11.059999,0.16666666666666666,2026-09-27T23:00,0.2641616666666667,23.0,6,59.690000000000005,0.0
MEuXyMsCMrRWoFUz9QK2,52.300003,11.100006,52.34,11.08,0.16666666666666666,2026-09-27T23:00,0.2641616666666667,23.0,6,59.690000000000005,0.0
MmEAcGOQCCEq8qosxh56,52.300003,11.100006,52.34,11.08,0.16666666666666666,2026-09-27T23:00,0.2641616666666667,23.0,6,59.56,0.0
MoYIfvnid4wXBDha0wJ3,52.40001,11.100006,52.38,11.059999,0.16666666666666666,2026-09-27T23:00,0.23048666666666667,23.0,6,59.540000000000006,0.0
OrZyEaocNnb6dzCesjwJ,52.300003,11.100006,52.34,11.08,0.16666666666666666,2026-09-27T23:00,0.2641616666666667,23.0,6,59.7,0.0
Pv7O96OKDuH6pTqbu6TT,52.40001,11.100006,52.36,11.059999,0.16666666666666666,2026-09-27T23:00,0.23048666666666667,23.0,6,59.5,0.0
QHOlQ6hep3oeVCNc1g02,52.300003,11.100006,52.34,11.059999,0.16666666666666666,2026-09-27T23:00,0.2641616666666667,23.0,6,59.629999999999995,0.0
SEHa2ajk36SOAbNqgUET,52.40001,11.0,52.38,11.02,0.16666666666666666,2026-09-27T23:00,0.23419,31.9,6,59.730000000000004,0.0
SEo2xyfcqiAjoec8ZXXa,52.40001,11.100006,52.36,11.1,0.16666666666666666,2026-09-27T23:00,0.23048666666666667,23.0,6,59.330000000000005,0.0
TkoVKpTSKqZkgFLhnPZi,52.300003,11.100006,52.32,11.119999,0.16666666666666666,2026-09-27T23:00,0.2641616666666667,23.0,6,59.370000000000005,0.0
UF9K8gJ5QIQkYgEH1JXd,52.40001,11.100006,52.36,11.059999,0.16666666666666666,2026-09-27T23:00,0.23048666666666667,23.0,6,59.46,0.0
Uo81jMnyjQFDp7IT4Acu,52.40001,11.100006,52.36,11.059999,0.16666666666666666,2026-09-27T23:00,0.23048666666666667,23.0,6,59.46,0.0
UtEOTzJjrCM7hZfXgKRE,52.40001,11.100006,52.38,11.059999,0.16666666666666666,2026-09-27T23:00,0.23048666666666667,23.0,6,59.540000000000006,0.0
W2diHmIiKhR3jK8Xk1vr,52.40001,11.100006,52.36,11.08,0.16666666666666666,2026-09-27T23:00,0.23048666666666667,23.0,6,59.489999999999995,0.0
WE5wmmGDOWQEBDwHOa11,52.40001,11.0,52.36,11.039999,0.16666666666666666,2026-09-27T23:00,0.23419,23.0,6,59.220000000000006,0.0
XtCCVl30ddn9L4HkCY3n,52.300003,11.100006,52.34,11.08,0.16666666666666666,2026-09-27T23:00,0.2641616666666667,23.0,6,59.65,0.0
Y2WW5OvI6C3WYloisd9c,52.40001,11.100006,52.36,11.1,0.16666666666666666,2026-09-27T23:00,0.23048666666666667,23.0,6,59.410000000000004,0.0
YJqbIYddF2V248sa23Cy,52.40001,11.0,52.38,11.039999,0.16666666666666666,2026-09-27T23:00,0.23419,23.0,6,59.220000000000006,0.0
Z4APzDVDayA0EuGFl34V,52.40001,11.100006,52.36,11.059999,0.16666666666666666,2026-09-27T23:00,0.23048666666666667,23.0,6,59.5,0.0
ZT7D0N8Dl4TnHlHMDQPI,52.40001,11.0,52.36,11.039999,0.16666666666666666,2026-09-27T23:00,0.23419,23.0,6,59.25,0.0
a9qeH7mBu4I8g6ME1LJj,52.40001,11.100006,52.36,11.119999,0.16666666666666666,2026-09-27T23:00,0.23048666666666667,23.0,6,59.03999999999999,0.0
aL5yzwK7wsT3zHHb3iaH,52.300003,11.100006,52.34,11.08,0.16666666666666666,2026-09-27T23:00,0.2641616666666667,23.0,6,59.67,0.0
bHW29On9ilbohdl51gQ6,52.40001,11.0,52.38,11.039999,0.16666666666666666,2026-09-27T23:00,0.23419,31.9,6,59.730000000000004,0.0
brbM5GLEISmoIqRkdO2s,52.40001,11.0,52.38,11.039999,0.16666666666666666,2026-09-27T23:00,0.23419,31.9,6,59.74,0.0
cl6skvEI4VCar0GDzch6,52.40001,11.100006,52.38,11.059999,0.16666666666666666,2026-09-27T23:00,0.23048666666666667,23.0,6,59.510000000000005,0.0
d6LEyhknfD8JlZY1fj78,52.40001,11.100006,52.38,11.059999,0.16666666666666666,2026-09-27T23:00,0.23048666666666667,23.0,6,59.540000000000006,0.0
eRUpDdp3t0hDOvbfBOTT,52.300003,11.100006,52.34,11.08,0.16666666666666666,2026-09-27T23:00,0.2641616666666667,23.0,6,59.690000000000005,0.0
ekKNAhSNPwYXsWdp39pw,52.300003,11.100006,52.34,11.08,0.16666666666666666,2026-09-27T23:00,0.2641616666666667,23.0,6,59.68,0.0
f4W9xRTLDbTeL2lDlKTU,52.40001,11.0,52.36,11.039999,0.16666666666666666,2026-09-27T23:00,0.23419,23.0,6,59.220000000000006,0.0
gQLroZHYi7Prh9NBS6An,52.40001,11.0,52.36,11.039999,0.16666666666666666,2026-09-27T23:00,0.23419,23.0,6,59.2,0.0
gbCEG1dAjGZBwZzXk4p9,52.300003,11.100006,52.34,11.059999,0.16666666666666666,2026-09-27T23:00,0.2641616666666667,23.0,6,59.690000000000005,0.0
h2NQluewXRLwf0izPlUq,52.300003,11.100006,52.34,11.08,0.16666666666666666,2026-09-27T23:00,0.2641616666666667,23.0,6,59.690000000000005,0.0
iNbassVXlMMBA6fy29DV,52.300003,11.100006,52.34,11.059999,0.16666666666666666,2026-09-27T23:00,0.2641616666666667,23.0,6,59.690000000000005,0.0
is0B8JToW47kfVAveolx,52.40001,11.100006,52.36,11.059999,0.16666666666666666,2026-09-27T23:00,0.23048666666666667,23.0,6,59.489999999999995,0.0
jEXQY4jCuRRx6nDm5mXD,52.40001,11.0,52.38,11.039999,0.16666666666666666,2026-09-27T23:00,0.23419,23.0,6,59.220000000000006,0.0
kl3eHxzisV4Y0eRcmcsP,52.40001,11.0,52.38,11.039999,0.16666666666666666,2026-09-27T23:00,0.23419,31.9,6,59.74,0.0
ljsxaVBzA5HBl1D5Edhm,52.300003,11.100006,52.34,11.059999,0.16666666666666666,2026-09-27T23:00,0.2641616666666667,23.0,6,59.690000000000005,0.0
nIRNtdWeCZR3y5LQgvh1,52.300003,11.100006,52.34,11.08,0.16666666666666666,2026-09-27T23:00,0.2641616666666667,23.0,6,59.690000000000005,0.0
nj4lokNHppOIxLC2RKrG,52.40001,11.0,52.36,11.039999,0.16666666666666666,2026-09-27T23:00,0.23419,23.0,6,59.24000000000001,0.0
odWWEokiq8bKwUX97NpW,52.300003,11.100006,52.34,11.08,0.16666666666666666,2026-09-27T23:00,0.2641616666666667,23.0,6,59.68,0.0
p7RF8DS5rABbq6R41FBP,52.40001,11.0,52.38,11.02,0.16666666666666666,2026-09-27T23:00,0.23419,31.9,6,59.76,0.0
pSFJ4nrCmrvraJDKb00b,52.40001,11.100006,52.36,11.059999,0.16666666666666666,2026-09-27T23:00,0.23048666666666667,23.0,6,59.5,0.0
pcsJj09c17yzqHrERNFW,52.40001,11.0,52.38,11.039999,0.16666666666666666,2026-09-27T23:00,0.23419,31.9,6,59.74,0.0
pnZlGAIrQQMGSl0a3HbO,52.300003,11.100006,52.34,11.1,0.16666666666666666,2026-09-27T23:00,0.2641616666666667,23.0,6,59.629999999999995,0.0
pumW6LNsI3T5RD9zW3SI,52.40001,11.100006,52.36,11.059999,0.16666666666666666,2026-09-27T23:00,0.23048666666666667,23.0,6,59.42,0.0
qWDBs4wPcZ49VORemTmL,52.300003,11.100006,52.34,11.059999,0.16666666666666666,2026-09-27T23:00,0.2641616666666667,23.0,6,59.690000000000005,0.0
qfwctMauD5WIJyoszRR9,52.40001,11.100006,52.36,11.08,0.16666666666666666,2026-09-27T23:00,0.23048666666666667,23.0,6,59.4,0.0
qupKPtjxcbSWIbXc2bCm,52.300003,11.100006,52.34,11.08,0.16666666666666666,2026-09-27T23:00,0.2641616666666667,23.0,6,59.68,0.0
rxei8iAceEdX5gBHki5T,52.40001,11.0,52.38,11.039999,0.16666666666666666,2026-09-27T23:00,0.23419,31.9,6,59.74,0.0
tYx3FXAoCMdYPtKeQjFN,52.40001,11.0,52.36,11.039999,0.16666666666666666,2026-09-27T23:00,0.23419,23.0,6,59.18,0.0
taUMfE6fZvJxC3Zet5uK,52.40001,11.0,52.36,11.039999,0.16666666666666666,2026-09-27T23:00,0.23419,23.0,6,59.25,0.0
w5bt3UWzJUlmXGtXdl3I,52.40001,11.0,52.36,11.039999,0.16666666666666666,2026-09-27T23:00,0.23419,23.0,6,59.260000000000005,0.0
xt5iT7ph4MKOPlXTg3wu,52.40001,11.0,52.38,11.039999,0.16666666666666666,2026-09-27T23:00,0.23419,23.0,6,59.2,0.0
xtMqrquNCdC21lZ0NMYI,52.300003,11.100006,52.34,11.1,0.16666666666666666,2026-09-27T23:00,0.2641616666666667,23.0,6,59.65,0.0
xwqo8oZ0Ei3I7dqYD3A9,52.40001,11.100006,52.36,11.059999,0.16666666666666666,2026-09-27T23:00,0.23048666666666667,23.0,6,59.42,0.0
y2PFgZVFpXfqZ21XEBiz,52.40001,11.100006,52.38,11.1,0.16666666666666666,2026-09-27T23:00,0.23048666666666667,31.9,6,60.04,0.0
y7yHeXkyCRybIj7aUk0L,52.300003,11.100006,52.34,11.059999,0.16666666666666666,2026-09-27T23:00,0.2641616666666667,23.0,6,59.690000000000005,0.0
ynpNB8go3pns6dWXnHaa,52.40001,11.100006,52.36,11.059999,0.16666666666666666,2026-09-27T23:00,0.23048666666666667,23.0,6,59.5,0.0
zYBVGO615SLhL4PBBppY,52.40001,11.0,52.38,11.039999,0.16666666666666666,2026-09-27T23:00,0.23419,23.0,6,59.2,0.0
