plotId,fieldName,Kuerzel,T1_GenTxt,T1_PethTxt,T1_UStufe,area_ha,share
TkoVKpTSKqZkgFLhnPZi,87 Wiese Schenk 1,"D,,Lg","Grundmoräne (Geschiebemergel, Geschiebelehm)","Schluff, tonig, sandig, kiesig; Steine",Drenthe-Stadium,0.6662,0.7691
TkoVKpTSKqZkgFLhnPZi,87 Wiese Schenk 1,sm,"limnisch-fluviatil, brackisch",Wechsel Sandstein / Schluffstein / Tonstein,,0.2001,0.2309
is0B8JToW47kfVAveolx,Abraham,"D,,gf",glazifluviatile Ablagerungen,Sand und Kies,Drenthe-Stadium,1.2349,1.0
qfwctMauD5WIJyoszRR9,Ackern Viehtrift,"D,,Lg","Grundmoräne (Geschiebemergel, Geschiebelehm)","Schluff, tonig, sandig, kiesig; Steine",Drenthe-Stadium,48.2073,1.0
I7qeeMAEhSlZI8U0T3Bn,Ackern Viehtrift (ÖVF),"D,,Lg","Grundmoräne (Geschiebemergel, Geschiebelehm)","Schluff, tonig, sandig, kiesig; Steine",Drenthe-Stadium,0.5762,1.0
pSFJ4nrCmrvraJDKb00b,Allerwiese,",,f",fluviatile Ablagerungen,"Ton, Schluff, Sand; Kies",,2.033,1.0
1OQ4PxgDMhzuGvGxEKgU,Altenaer Weg,"D,,gf",glazifluviatile Ablagerungen,Sand und Kies,Drenthe-Stadium,4.1843,0.9582
1OQ4PxgDMhzuGvGxEKgU,Altenaer Weg,"w,,f",fluviatile Ablagerungen,Sand und Kies; Schluff,,0.1825,0.0418
eRUpDdp3t0hDOvbfBOTT,Am Wehr,",,f",fluviatile Ablagerungen,"Ton, Schluff, Sand; Kies",,1.2486,0.706
eRUpDdp3t0hDOvbfBOTT,Am Wehr,"w,,f",fluviatile Ablagerungen,Sand und Kies; Schluff,,0.5199,0.294
2viqhL8AO4rRHAMh5Fqq,Berg,"D,,gf",glazifluviatile Ablagerungen,Sand und Kies,Drenthe-Stadium,10.092,0.5974
2viqhL8AO4rRHAMh5Fqq,Berg,"w,,f",fluviatile Ablagerungen,Sand und Kies; Schluff,,6.4852,0.3839
2viqhL8AO4rRHAMh5Fqq,Berg,",,f",fluviatile Ablagerungen,"Ton, Schluff, Sand; Kies",,0.3166,0.0187
FzvWonz6fmJVLZRzMyZX,Bocksenden,"D,,gf",glazifluviatile Ablagerungen,Sand und Kies,Drenthe-Stadium,2.273,0.6543
FzvWonz6fmJVLZRzMyZX,Bocksenden,"w,,f",fluviatile Ablagerungen,Sand und Kies; Schluff,,1.2008,0.3457
JkAxAL5GaTSXU2ODAuOf,Buchhorn,"D,,Lg","Grundmoräne (Geschiebemergel, Geschiebelehm)","Schluff, tonig, sandig, kiesig; Steine",Drenthe-Stadium,4.423,1.0
nj4lokNHppOIxLC2RKrG,Cawi-Wiese,"w,,f",fluviatile Ablagerungen,Sand und Kies; Schluff,,3.0258,0.5847
nj4lokNHppOIxLC2RKrG,Cawi-Wiese,"D,,gf",glazifluviatile Ablagerungen,Sand und Kies,Drenthe-Stadium,2.1488,0.4153
taUMfE6fZvJxC3Zet5uK,Diecke 1,"w,,f",fluviatile Ablagerungen,Sand und Kies; Schluff,,3.8329,1.0
ZT7D0N8Dl4TnHlHMDQPI,Diecke 2,"w,,f",fluviatile Ablagerungen,Sand und Kies; Schluff,,5.9094,0.9786
ZT7D0N8Dl4TnHlHMDQPI,Diecke 2,"D,,gf",glazifluviatile Ablagerungen,Sand und Kies,Drenthe-Stadium,0.129,0.0214
YJqbIYddF2V248sa23Cy,Eichenkoppel,"w,,f",fluviatile Ablagerungen,Sand und Kies; Schluff,,0.4541,1.0
bHW29On9ilbohdl51gQ6,Großer Fleck,"D,,gf",glazifluviatile Ablagerungen,Sand und Kies,Drenthe-Stadium,11.2457,0.999
bHW29On9ilbohdl51gQ6,Großer Fleck,"w,,f",fluviatile Ablagerungen,Sand und Kies; Schluff,,0.0109,0.001
y7yHeXkyCRybIj7aUk0L,Helmecken Kamp,"D,,Lg","Grundmoräne (Geschiebemergel, Geschiebelehm)","Schluff, tonig, sandig, kiesig; Steine",Drenthe-Stadium,2.9532,0.5875
y7yHeXkyCRybIj7aUk0L,Helmecken Kamp,"w,,f",fluviatile Ablagerungen,Sand und Kies; Schluff,,2.0733,0.4125
MoYIfvnid4wXBDha0wJ3,Heuweg,"D,,gf",glazifluviatile Ablagerungen,Sand und Kies,Drenthe-Stadium,0.7608,0.5162
MoYIfvnid4wXBDha0wJ3,Heuweg,",,f",fluviatile Ablagerungen,"Ton, Schluff, Sand; Kies",,0.7131,0.4838
gQLroZHYi7Prh9NBS6An,Hofbreite,"D,,gf",glazifluviatile Ablagerungen,Sand und Kies,Drenthe-Stadium,19.626,0.9486
gQLroZHYi7Prh9NBS6An,Hofbreite,"w,,f",fluviatile Ablagerungen,Sand und Kies; Schluff,,1.0637,0.0514
qWDBs4wPcZ49VORemTmL,Hofbreite Seggerde,"w,,f",fluviatile Ablagerungen,Sand und Kies; Schluff,,11.2157,0.8115
qWDBs4wPcZ49VORemTmL,Hofbreite Seggerde,"D,,gf",glazifluviatile Ablagerungen,Sand und Kies,Drenthe-Stadium,2.6046,0.1885
h2NQluewXRLwf0izPlUq,Kampwiese,",,f",fluviatile Ablagerungen,"Ton, Schluff, Sand; Kies",,7.0921,0.653
h2NQluewXRLwf0izPlUq,Kampwiese,"w,,f",fluviatile Ablagerungen,Sand und Kies; Schluff,,3.7684,0.347
0abhR8nOp0L5JtP5RDft,Kantorplan,"D,,Lg","Grundmoräne (Geschiebemergel, Geschiebelehm)","Schluff, tonig, sandig, kiesig; Steine",Drenthe-Stadium,13.8162,1.0
ekKNAhSNPwYXsWdp39pw,Kaserne,"D,,Lg","Grundmoräne (Geschiebemergel, Geschiebelehm)","Schluff, tonig, sandig, kiesig; Steine",Drenthe-Stadium,0.5374,0.7672
ekKNAhSNPwYXsWdp39pw,Kaserne,",,f",fluviatile Ablagerungen,"Ton, Schluff, Sand; Kies",,0.1631,0.2328
jEXQY4jCuRRx6nDm5mXD,Klapperberg,"D,,gf",glazifluviatile Ablagerungen,Sand und Kies,Drenthe-Stadium,4.5249,0.8938
jEXQY4jCuRRx6nDm5mXD,Klapperberg,"w,,f",fluviatile Ablagerungen,Sand und Kies; Schluff,,0.5374,0.1062
a9qeH7mBu4I8g6ME1LJj,Klinzer Brache,"r,R",vulkanogen,Quarz- und Breccien-Porphyr,,1.6033,1.0
IGAaxDTF2gNapWupigxU,Klinzerbreite,"D,,Lg","Grundmoräne (Geschiebemergel, Geschiebelehm)","Schluff, tonig, sandig, kiesig; Steine",Drenthe-Stadium,27.8925,1.0
WE5wmmGDOWQEBDwHOa11,Kotenphöre,"w,,f",fluviatile Ablagerungen,Sand und Kies; Schluff,,2.6112,0.7015
WE5wmmGDOWQEBDwHOa11,Kotenphöre,"D,,gf",glazifluviatile Ablagerungen,Sand und Kies,Drenthe-Stadium,1.1111,0.2985
9cRMOK3r8fyh9P39IPRN,Krautstemme,",,f",fluviatile Ablagerungen,"Ton, Schluff, Sand; Kies",,8.6668,1.0
5bsD33dPxIEykTIzWmSC,Krügerbreite,"D,,Lg","Grundmoräne (Geschiebemergel, Geschiebelehm)","Schluff, tonig, sandig, kiesig; Steine",Drenthe-Stadium,10.6226,0.7858
5bsD33dPxIEykTIzWmSC,Krügerbreite,"w,,f",fluviatile Ablagerungen,Sand und Kies; Schluff,,2.8955,0.2142
rxei8iAceEdX5gBHki5T,Kurze Enden hinter Biogas,"D,,gf",glazifluviatile Ablagerungen,Sand und Kies,Drenthe-Stadium,2.6729,1.0
79BkepicjzH7z2nhsdkd,Kurze Enden vor Biogas,"D,,gf",glazifluviatile Ablagerungen,Sand und Kies,Drenthe-Stadium,3.0954,1.0
Y2WW5OvI6C3WYloisd9c,Kälbergehege,"D,,Lg","Grundmoräne (Geschiebemergel, Geschiebelehm)","Schluff, tonig, sandig, kiesig; Steine",Drenthe-Stadium,29.876,1.0
9VPFUO3k8opLMOQhg60g,Kälbergehege Brache,"D,,Lg","Grundmoräne (Geschiebemergel, Geschiebelehm)","Schluff, tonig, sandig, kiesig; Steine",Drenthe-Stadium,13.2545,0.9917
9VPFUO3k8opLMOQhg60g,Kälbergehege Brache,"D,,gf",glazifluviatile Ablagerungen,Sand und Kies,Drenthe-Stadium,0.1113,0.0083
OrZyEaocNnb6dzCesjwJ,Lange Wiese,",,f",fluviatile Ablagerungen,"Ton, Schluff, Sand; Kies",,20.9344,0.9775
OrZyEaocNnb6dzCesjwJ,Lange Wiese,"D,,gf",glazifluviatile Ablagerungen,Sand und Kies,Drenthe-Stadium,0.4815,0.0225
FEoX6rOUBNzOxytqKgyG,Lange Wiese Schonfläche,",,f",fluviatile Ablagerungen,"Ton, Schluff, Sand; Kies",,1.4097,1.0
CWqLytrVDthrGwd7bXTY,Langes Feld,"D,,Lg","Grundmoräne (Geschiebemergel, Geschiebelehm)","Schluff, tonig, sandig, kiesig; Steine",Drenthe-Stadium,25.7183,1.0
Hg95tRlOaZmzxET3q3UO,Langes Feld Brache,"D,,Lg","Grundmoräne (Geschiebemergel, Geschiebelehm)","Schluff, tonig, sandig, kiesig; Steine",Drenthe-Stadium,7.0933,1.0
f4W9xRTLDbTeL2lDlKTU,Lehmkuhle,"D,,gf",glazifluviatile Ablagerungen,Sand und Kies,Drenthe-Stadium,0.8043,0.722
f4W9xRTLDbTeL2lDlKTU,Lehmkuhle,"w,,f",fluviatile Ablagerungen,Sand und Kies; Schluff,,0.3096,0.278
tYx3FXAoCMdYPtKeQjFN,Mackendorfer Wege,"D,,gf",glazifluviatile Ablagerungen,Sand und Kies,Drenthe-Stadium,8.1624,1.0
ljsxaVBzA5HBl1D5Edhm,Masch,"w,,f",fluviatile Ablagerungen,Sand und Kies; Schluff,,23.9163,0.9963
ljsxaVBzA5HBl1D5Edhm,Masch,",,f",fluviatile Ablagerungen,"Ton, Schluff, Sand; Kies",,0.0894,0.0037
nIRNtdWeCZR3y5LQgvh1,Milchkoppel,",,f",fluviatile Ablagerungen,"Ton, Schluff, Sand; Kies",,26.6279,1.0
nIRNtdWeCZR3y5LQgvh1,Milchkoppel,"D,,Lg","Grundmoräne (Geschiebemergel, Geschiebelehm)","Schluff, tonig, sandig, kiesig; Steine",Drenthe-Stadium,0.0002,0.0
SEo2xyfcqiAjoec8ZXXa,Mittelbreite,"D,,Lg","Grundmoräne (Geschiebemergel, Geschiebelehm)","Schluff, tonig, sandig, kiesig; Steine",Drenthe-Stadium,54.3675,1.0
88abKCvrysJUdBXSIMe0,Mühlenbreite (+),su,"limnisch-fluviatil, brackisch-marin","Wechsel Sandstein / Schluffstein / Tonstein; Kalkstein, oolithisch (Rogenstein)",,16.3032,0.6224
88abKCvrysJUdBXSIMe0,Mühlenbreite (+),"D,,Lg","Grundmoräne (Geschiebemergel, Geschiebelehm)","Schluff, tonig, sandig, kiesig; Steine",Drenthe-Stadium,9.8926,0.3776
Dv81H1bYj7y0UjXICYs6,Nachthude 1,",,f",fluviatile Ablagerungen,"Ton, Schluff, Sand; Kies",,0.4713,1.0
05Zp3McBgcXoEISDl6Cy,Nachthude 2,",,f",fluviatile Ablagerungen,"Ton, Schluff, Sand; Kies",,1.5683,1.0
Z4APzDVDayA0EuGFl34V,Nachthude 3,",,f",fluviatile Ablagerungen,"Ton, Schluff, Sand; Kies",,0.6866,0.9655
Z4APzDVDayA0EuGFl34V,Nachthude 3,"D,,gf",glazifluviatile Ablagerungen,Sand und Kies,Drenthe-Stadium,0.0245,0.0345
xt5iT7ph4MKOPlXTg3wu,Niendorferberg,"D,,gf",glazifluviatile Ablagerungen,Sand und Kies,Drenthe-Stadium,15.6642,0.9378
xt5iT7ph4MKOPlXTg3wu,Niendorferberg,"w,,f",fluviatile Ablagerungen,Sand und Kies; Schluff,,1.0392,0.0622
p7RF8DS5rABbq6R41FBP,Papenberg,"D,,gf",glazifluviatile Ablagerungen,Sand und Kies,Drenthe-Stadium,21.0609,0.9999
p7RF8DS5rABbq6R41FBP,Papenberg,",,f",fluviatile Ablagerungen,"Ton, Schluff, Sand; Kies",,0.0023,0.0001
SEHa2ajk36SOAbNqgUET,Papenberg Brache,"D,,gf",glazifluviatile Ablagerungen,Sand und Kies,Drenthe-Stadium,0.8232,1.0
B8GsQyOZRxcbQ0Oz1gwU,Parkwiese,",,f",fluviatile Ablagerungen,"Ton, Schluff, Sand; Kies",,0.019,1.0
zYBVGO615SLhL4PBBppY,Pferdekoppel,"w,,f",fluviatile Ablagerungen,Sand und Kies; Schluff,,1.6831,0.937
zYBVGO615SLhL4PBBppY,Pferdekoppel,"D,,gf",glazifluviatile Ablagerungen,Sand und Kies,Drenthe-Stadium,0.1131,0.063
Ki5DYxbNODWB78mucar7,Plantage,"D,,gf",glazifluviatile Ablagerungen,Sand und Kies,Drenthe-Stadium,3.5458,0.5096
Ki5DYxbNODWB78mucar7,Plantage,"w,,f",fluviatile Ablagerungen,Sand und Kies; Schluff,,3.4117,0.4904
y2PFgZVFpXfqZ21XEBiz,Porzelle,",,f",fluviatile Ablagerungen,"Ton, Schluff, Sand; Kies",,1.0531,1.0
C63w3X4vgN15ySLntdWh,Pumpmühlensee,"D,,Lg","Grundmoräne (Geschiebemergel, Geschiebelehm)","Schluff, tonig, sandig, kiesig; Steine",Drenthe-Stadium,5.2434,0.7653
C63w3X4vgN15ySLntdWh,Pumpmühlensee,"w,,f",fluviatile Ablagerungen,Sand und Kies; Schluff,,1.6079,0.2347
4jwoETVJIql7CxMQk6s5,Ribbensdorf,"D,,Lg","Grundmoräne (Geschiebemergel, Geschiebelehm)","Schluff, tonig, sandig, kiesig; Steine",Drenthe-Stadium,14.5554,0.963
4jwoETVJIql7CxMQk6s5,Ribbensdorf,",,Hm/w,,f",Anmoor (Moorerde),Gemischtkörnige Sedimente mit 10-30 % organischer Substanz,,0.5596,0.037
1fzBfhjgxXFdDk18THCZ,Ribbensdorf Grünland,ol,marin,Ton; glaukonitisch,,2.3871,1.0
UtEOTzJjrCM7hZfXgKRE,Rohwiese,",,f",fluviatile Ablagerungen,"Ton, Schluff, Sand; Kies",,7.4701,0.9331
UtEOTzJjrCM7hZfXgKRE,Rohwiese,"D,,gf",glazifluviatile Ablagerungen,Sand und Kies,Drenthe-Stadium,0.5352,0.0669
IB9k26TJNtbVLs5x0i20,Rotten,"D,,gf",glazifluviatile Ablagerungen,Sand und Kies,Drenthe-Stadium,6.0169,1.0
W2diHmIiKhR3jK8Xk1vr,Röken,"D,,Lg","Grundmoräne (Geschiebemergel, Geschiebelehm)","Schluff, tonig, sandig, kiesig; Steine",Drenthe-Stadium,12.8678,0.8241
W2diHmIiKhR3jK8Xk1vr,Röken,"w,,f",fluviatile Ablagerungen,Sand und Kies; Schluff,,2.7464,0.1759
iNbassVXlMMBA6fy29DV,Saalsdorfer Breite,"w,,f",fluviatile Ablagerungen,Sand und Kies; Schluff,,6.4448,0.8586
iNbassVXlMMBA6fy29DV,Saalsdorfer Breite,"D,,Lg","Grundmoräne (Geschiebemergel, Geschiebelehm)","Schluff, tonig, sandig, kiesig; Steine",Drenthe-Stadium,0.9061,0.1207
iNbassVXlMMBA6fy29DV,Saalsdorfer Breite,"D,,gf",glazifluviatile Ablagerungen,Sand und Kies,Drenthe-Stadium,0.1556,0.0207
aL5yzwK7wsT3zHHb3iaH,Sandberg,"D,,Lg","Grundmoräne (Geschiebemergel, Geschiebelehm)","Schluff, tonig, sandig, kiesig; Steine",Drenthe-Stadium,10.4692,0.9273
aL5yzwK7wsT3zHHb3iaH,Sandberg,",,f",fluviatile Ablagerungen,"Ton, Schluff, Sand; Kies",,0.8213,0.0727
xtMqrquNCdC21lZ0NMYI,Sandberg - 2,"D,,Lg","Grundmoräne (Geschiebemergel, Geschiebelehm)","Schluff, tonig, sandig, kiesig; Steine",Drenthe-Stadium,0.0056,1.0
ynpNB8go3pns6dWXnHaa,Schleuse,",,f",fluviatile Ablagerungen,"Ton, Schluff, Sand; Kies",,0.5769,0.611
ynpNB8go3pns6dWXnHaa,Schleuse,"D,,gf",glazifluviatile Ablagerungen,Sand und Kies,Drenthe-Stadium,0.3673,0.389
d6LEyhknfD8JlZY1fj78,Schäferberg,",,f",fluviatile Ablagerungen,"Ton, Schluff, Sand; Kies",,3.3263,1.0
gbCEG1dAjGZBwZzXk4p9,See,"w,,f",fluviatile Ablagerungen,Sand und Kies; Schluff,,33.0515,0.9984
gbCEG1dAjGZBwZzXk4p9,See,"D,,Lg","Grundmoräne (Geschiebemergel, Geschiebelehm)","Schluff, tonig, sandig, kiesig; Steine",Drenthe-Stadium,0.0535,0.0016
J4h275iDTzfaDB5mKXij,Seewiese,"w,,f",fluviatile Ablagerungen,Sand und Kies; Schluff,,5.5046,1.0
Pv7O96OKDuH6pTqbu6TT,Silbersee,"w,,f",fluviatile Ablagerungen,Sand und Kies; Schluff,,9.6076,0.7012
Pv7O96OKDuH6pTqbu6TT,Silbersee,",,f",fluviatile Ablagerungen,"Ton, Schluff, Sand; Kies",,3.7043,0.2704
Pv7O96OKDuH6pTqbu6TT,Silbersee,"D,,gf",glazifluviatile Ablagerungen,Sand und Kies,Drenthe-Stadium,0.3896,0.0284
odWWEokiq8bKwUX97NpW,Specksbreite Brache,"w,,f",fluviatile Ablagerungen,Sand und Kies; Schluff,,9.8426,0.9367
odWWEokiq8bKwUX97NpW,Specksbreite Brache,"D,,Lg","Grundmoräne (Geschiebemergel, Geschiebelehm)","Schluff, tonig, sandig, kiesig; Steine",Drenthe-Stadium,0.6653,0.0633
1zsdpuFJMBpXF5GTPz4x,Specksbreite Groß,"w,,f",fluviatile Ablagerungen,Sand und Kies; Schluff,,7.7692,0.9477
1zsdpuFJMBpXF5GTPz4x,Specksbreite Groß,"D,,Lg","Grundmoräne (Geschiebemergel, Geschiebelehm)","Schluff, tonig, sandig, kiesig; Steine",Drenthe-Stadium,0.4288,0.0523
MEuXyMsCMrRWoFUz9QK2,Specksbreite Klein,"w,,f",fluviatile Ablagerungen,Sand und Kies; Schluff,,2.1209,1.0
pnZlGAIrQQMGSl0a3HbO,Spraken,"D,,Lg","Grundmoräne (Geschiebemergel, Geschiebelehm)","Schluff, tonig, sandig, kiesig; Steine",Drenthe-Stadium,38.8372,1.0
cl6skvEI4VCar0GDzch6,Springphör,"D,,gf",glazifluviatile Ablagerungen,Sand und Kies,Drenthe-Stadium,6.9742,1.0
Uo81jMnyjQFDp7IT4Acu,Steinberg,"D,,gf",glazifluviatile Ablagerungen,Sand und Kies,Drenthe-Stadium,3.7701,1.0
qupKPtjxcbSWIbXc2bCm,Stemmen,",,f",fluviatile Ablagerungen,"Ton, Schluff, Sand; Kies",,5.273,0.7858
qupKPtjxcbSWIbXc2bCm,Stemmen,",,Hm/w,,f",Anmoor (Moorerde),Gemischtkörnige Sedimente mit 10-30 % organischer Substanz,,1.4374,0.2142
pumW6LNsI3T5RD9zW3SI,Tomatenacker,"D,,gf",glazifluviatile Ablagerungen,Sand und Kies,Drenthe-Stadium,1.9819,1.0
brbM5GLEISmoIqRkdO2s,Umfeld Bredau,"D,,gf",glazifluviatile Ablagerungen,Sand und Kies,Drenthe-Stadium,2.2869,0.8785
brbM5GLEISmoIqRkdO2s,Umfeld Bredau,",,f",fluviatile Ablagerungen,"Ton, Schluff, Sand; Kies",,0.3162,0.1215
HXEGnhPKFWCC6Hny8lkP,Umfeld Groß,"D,,gf",glazifluviatile Ablagerungen,Sand und Kies,Drenthe-Stadium,31.6464,0.9931
HXEGnhPKFWCC6Hny8lkP,Umfeld Groß,",,f",fluviatile Ablagerungen,"Ton, Schluff, Sand; Kies",,0.2184,0.0069
kl3eHxzisV4Y0eRcmcsP,Umfeld Klein,"D,,gf",glazifluviatile Ablagerungen,Sand und Kies,Drenthe-Stadium,4.0064,1.0
84wWsLweJNKIeKtogS3a,Umfeldwiese,",,f",fluviatile Ablagerungen,"Ton, Schluff, Sand; Kies",,9.1804,1.0
xwqo8oZ0Ei3I7dqYD3A9,Warberg,"D,,gf",glazifluviatile Ablagerungen,Sand und Kies,Drenthe-Stadium,4.3272,1.0
UF9K8gJ5QIQkYgEH1JXd,Wasserfurche,"D,,gf",glazifluviatile Ablagerungen,Sand und Kies,Drenthe-Stadium,3.1114,1.0
XtCCVl30ddn9L4HkCY3n,Wiesenbalken,"D,,Lg","Grundmoräne (Geschiebemergel, Geschiebelehm)","Schluff, tonig, sandig, kiesig; Steine",Drenthe-Stadium,6.2688,0.9887
XtCCVl30ddn9L4HkCY3n,Wiesenbalken,"w,,f",fluviatile Ablagerungen,Sand und Kies; Schluff,,0.0717,0.0113
MmEAcGOQCCEq8qosxh56,Windmühlenberg (+),"D,,Lg","Grundmoräne (Geschiebemergel, Geschiebelehm)","Schluff, tonig, sandig, kiesig; Steine",Drenthe-Stadium,29.3921,1.0
Hk3aYz9j56wbQD4u3rAC,Wolfskuhle,"D,,Lg","Grundmoräne (Geschiebemergel, Geschiebelehm)","Schluff, tonig, sandig, kiesig; Steine",Drenthe-Stadium,13.7834,0.556
Hk3aYz9j56wbQD4u3rAC,Wolfskuhle,"D,,gf",glazifluviatile Ablagerungen,Sand und Kies,Drenthe-Stadium,11.0051,0.444
QHOlQ6hep3oeVCNc1g02,Wolfskuhle (ÖVF),"D,,gf",glazifluviatile Ablagerungen,Sand und Kies,Drenthe-Stadium,2.0995,0.7785
QHOlQ6hep3oeVCNc1g02,Wolfskuhle (ÖVF),"D,,Lg","Grundmoräne (Geschiebemergel, Geschiebelehm)","Schluff, tonig, sandig, kiesig; Steine",Drenthe-Stadium,0.5974,0.2215
w5bt3UWzJUlmXGtXdl3I,Zagrai-Wiese,"w,,f",fluviatile Ablagerungen,Sand und Kies; Schluff,,6.1672,1.0
COv0wiCGWG4JsD0sYEW4,vor den Luken,"D,,gf",glazifluviatile Ablagerungen,Sand und Kies,Drenthe-Stadium,11.4832,0.9536
COv0wiCGWG4JsD0sYEW4,vor den Luken,"w,,f",fluviatile Ablagerungen,Sand und Kies; Schluff,,0.5591,0.0464
pcsJj09c17yzqHrERNFW,vor den Tannen,"D,,gf",glazifluviatile Ablagerungen,Sand und Kies,Drenthe-Stadium,6.6569,1.0
