plotId,cell
05Zp3McBgcXoEISDl6Cy,"52.4,11.1"
0abhR8nOp0L5JtP5RDft,"52.3,11.1"
1OQ4PxgDMhzuGvGxEKgU,"52.4,11.1"
1fzBfhjgxXFdDk18THCZ,"52.3,11.1"
1zsdpuFJMBpXF5GTPz4x,"52.3,11.1"
2viqhL8AO4rRHAMh5Fqq,"52.4,11.1"
4jwoETVJIql7CxMQk6s5,"52.3,11.1"
5bsD33dPxIEykTIzWmSC,"52.3,11.1"
79BkepicjzH7z2nhsdkd,"52.4,11.0"
84wWsLweJNKIeKtogS3a,"52.4,11.0"
88abKCvrysJUdBXSIMe0,"52.3,11.1"
9VPFUO3k8opLMOQhg60g,"52.4,11.1"
9cRMOK3r8fyh9P39IPRN,"52.4,11.1"
B8GsQyOZRxcbQ0Oz1gwU,"52.3,11.1"
C63w3X4vgN15ySLntdWh,"52.3,11.1"
COv0wiCGWG4JsD0sYEW4,"52.4,11.0"
CWqLytrVDthrGwd7bXTY,"52.3,11.0"
Dv81H1bYj7y0UjXICYs6,"52.4,11.1"
FEoX6rOUBNzOxytqKgyG,"52.4,11.1"
FzvWonz6fmJVLZRzMyZX,"52.4,11.0"
HXEGnhPKFWCC6Hny8lkP,"52.4,11.0"
Hg95tRlOaZmzxET3q3UO,"52.3,11.1"
Hk3aYz9j56wbQD4u3rAC,"52.3,11.1"
I7qeeMAEhSlZI8U0T3Bn,"52.4,11.1"
IB9k26TJNtbVLs5x0i20,"52.4,11.0"
IGAaxDTF2gNapWupigxU,"52.3,11.1"
J4h275iDTzfaDB5mKXij,"52.3,11.1"
JkAxAL5GaTSXU2ODAuOf,"52.3,11.1"
Ki5DYxbNODWB78mucar7,"52.3,11.1"
MEuXyMsCMrRWoFUz9QK2,"52.3,11.1"
MmEAcGOQCCEq8qosxh56,"52.3,11.1"
MoYIfvnid4wXBDha0wJ3,"52.4,11.1"
OrZyEaocNnb6dzCesjwJ,"52.3,11.1"
Pv7O96OKDuH6pTqbu6TT,"52.4,11.1"
QHOlQ6hep3oeVCNc1g02,"52.3,11.1"
SEHa2ajk36SOAbNqgUET,"52.4,11.0"
SEo2xyfcqiAjoec8ZXXa,"52.4,11.1"
TkoVKpTSKqZkgFLhnPZi,"52.3,11.1"
UF9K8gJ5QIQkYgEH1JXd,"52.4,11.1"
Uo81jMnyjQFDp7IT4Acu,"52.4,11.1"
UtEOTzJjrCM7hZfXgKRE,"52.4,11.1"
W2diHmIiKhR3jK8Xk1vr,"52.4,11.1"
WE5wmmGDOWQEBDwHOa11,"52.4,11.0"
XtCCVl30ddn9L4HkCY3n,"52.3,11.1"
Y2WW5OvI6C3WYloisd9c,"52.4,11.1"
YJqbIYddF2V248sa23Cy,"52.4,11.0"
Z4APzDVDayA0EuGFl34V,"52.4,11.1"
ZT7D0N8Dl4TnHlHMDQPI,"52.4,11.0"
a9qeH7mBu4I8g6ME1LJj,"52.4,11.1"
aL5yzwK7wsT3zHHb3iaH,"52.3,11.1"
bHW29On9ilbohdl51gQ6,"52.4,11.0"
brbM5GLEISmoIqRkdO2s,"52.4,11.0"
cl6skvEI4VCar0GDzch6,"52.4,11.1"
d6LEyhknfD8JlZY1fj78,"52.4,11.1"
eRUpDdp3t0hDOvbfBOTT,"52.3,11.1"
ekKNAhSNPwYXsWdp39pw,"52.3,11.1"
f4W9xRTLDbTeL2lDlKTU,"52.4,11.0"
gQLroZHYi7Prh9NBS6An,"52.4,11.0"
gbCEG1dAjGZBwZzXk4p9,"52.3,11.1"
h2NQluewXRLwf0izPlUq,"52.3,11.1"
iNbassVXlMMBA6fy29DV,"52.3,11.1"
is0B8JToW47kfVAveolx,"52.4,11.1"
jEXQY4jCuRRx6nDm5mXD,"52.4,11.0"
kl3eHxzisV4Y0eRcmcsP,"52.4,11.0"
ljsxaVBzA5HBl1D5Edhm,"52.3,11.1"
nIRNtdWeCZR3y5LQgvh1,"52.3,11.1"
nj4lokNHppOIxLC2RKrG,"52.4,11.0"
odWWEokiq8bKwUX97NpW,"52.3,11.1"
p7RF8DS5rABbq6R41FBP,"52.4,11.0"
pSFJ4nrCmrvraJDKb00b,"52.4,11.1"
pcsJj09c17yzqHrERNFW,"52.4,11.0"
pnZlGAIrQQMGSl0a3HbO,"52.3,11.1"
pumW6LNsI3T5RD9zW3SI,"52.4,11.1"
qWDBs4wPcZ49VORemTmL,"52.3,11.1"
qfwctMauD5WIJyoszRR9,"52.4,11.1"
qupKPtjxcbSWIbXc2bCm,"52.3,11.1"
rxei8iAceEdX5gBHki5T,"52.4,11.0"
tYx3FXAoCMdYPtKeQjFN,"52.4,11.0"
taUMfE6fZvJxC3Zet5uK,"52.4,11.0"
w5bt3UWzJUlmXGtXdl3I,"52.4,11.0"
xt5iT7ph4MKOPlXTg3wu,"52.4,11.0"
xtMqrquNCdC21lZ0NMYI,"52.3,11.1"
xwqo8oZ0Ei3I7dqYD3A9,"52.4,11.1"
y2PFgZVFpXfqZ21XEBiz,"52.4,11.1"
y7yHeXkyCRybIj7aUk0L,"52.3,11.1"
ynpNB8go3pns6dWXnHaa,"52.4,11.1"
zYBVGO615SLhL4PBBppY,"52.4,11.0"
