cell,year,season_complete,last_day,precip_MarOct_mm,et0_MarOct_mm,cwb_MarOct_mm,precip_AprJun_mm,cwb_AprJun_mm,gdd5_MarOct,hot_days_tmax30,frost_days_AprMay,longest_dry_spell_MarOct_d,sm7_28_MayJul_mean,sm7_28_MayJul_min,sm28_100_MayJul_mean,radiation_MarOct_MJ
"52.3,11.0",2019,True,2019-12-31,415.0,723.41,-308.41,158.8,-162.92,2256.3,10,3,14,0.291,0.211,0.295,3702.74
"52.3,11.0",2020,True,2020-12-31,396.8,698.55,-301.75,125.2,-183.93,2161.4,4,1,28,0.293,0.239,0.285,3710.48
"52.3,11.0",2021,True,2021-12-31,483.6,612.63,-129.03,207.3,-62.22,1976.5,2,8,11,0.351,0.286,0.34,3423.57
"52.3,11.0",2022,True,2022-12-31,339.3,727.7,-388.4,101.0,-214.82,2245.3,6,6,21,0.232,0.194,0.263,3792.91
"52.3,11.0",2023,True,2023-12-31,513.9,687.44,-173.54,125.6,-178.36,2277.2,4,4,14,0.265,0.203,0.292,3595.66
"52.3,11.0",2024,True,2024-12-31,533.3,697.04,-163.74,218.6,-82.23,2380.6,3,2,12,0.32,0.249,0.3,3664.67
"52.3,11.0",2025,True,2025-12-31,365.6,705.11,-339.51,125.1,-192.8,2188.9,5,2,25,0.265,0.21,0.267,3705.32
"52.3,11.0",2026,False,2026-09-27,283.7,669.33,-385.63,158.6,-146.66,2070.1,11,1,15,0.289,0.222,0.305,3469.26
"52.3,11.1",2019,True,2019-12-31,415.0,735.2,-320.2,158.8,-169.08,2380.3,12,1,14,0.29,0.213,0.293,3702.74
"52.3,11.1",2020,True,2020-12-31,396.8,707.59,-310.79,125.2,-188.35,2274.8,7,1,28,0.294,0.239,0.285,3710.48
"52.3,11.1",2021,True,2021-12-31,483.6,620.86,-137.26,207.3,-66.4,2082.7,2,7,11,0.351,0.282,0.342,3423.57
"52.3,11.1",2022,True,2022-12-31,339.3,736.03,-396.73,101.0,-219.37,2352.6,7,1,21,0.231,0.194,0.263,3792.91
"52.3,11.1",2023,True,2023-12-31,513.9,696.66,-182.76,125.6,-182.75,2386.0,5,4,14,0.265,0.204,0.293,3595.66
"52.3,11.1",2024,True,2024-12-31,533.3,705.38,-172.08,218.6,-86.26,2494.0,5,2,12,0.321,0.249,0.301,3664.67
"52.3,11.1",2025,True,2025-12-31,365.6,712.77,-347.17,125.1,-197.06,2297.2,6,1,25,0.267,0.212,0.267,3705.32
"52.3,11.1",2026,False,2026-09-27,283.7,676.59,-392.89,158.6,-150.83,2164.6,13,0,15,0.291,0.226,0.306,3469.26
"52.4,11.0",2019,True,2019-12-31,462.5,742.77,-280.27,164.4,-168.0,2414.6,13,1,14,0.269,0.189,0.282,3662.37
"52.4,11.0",2020,True,2020-12-31,427.7,716.19,-288.49,150.6,-168.66,2307.7,7,1,19,0.276,0.219,0.28,3680.89
"52.4,11.0",2021,True,2021-12-31,519.2,623.71,-104.51,225.9,-49.51,2111.7,3,5,14,0.344,0.269,0.339,3393.14
"52.4,11.0",2022,True,2022-12-31,356.8,743.24,-386.44,117.3,-205.96,2381.3,7,1,21,0.215,0.181,0.26,3764.81
"52.4,11.0",2023,True,2023-12-31,539.1,701.53,-162.43,136.3,-178.08,2409.7,5,4,14,0.252,0.194,0.29,3568.59
"52.4,11.0",2024,True,2024-12-31,588.2,710.68,-122.48,260.1,-48.21,2518.6,5,2,12,0.312,0.237,0.298,3640.1
"52.4,11.0",2025,True,2025-12-31,384.2,719.11,-334.91,131.9,-192.98,2333.1,6,1,25,0.245,0.193,0.263,3670.76
"52.4,11.0",2026,False,2026-09-27,321.4,682.02,-360.62,177.1,-135.49,2193.5,13,0,13,0.276,0.205,0.299,3441.97
"52.4,11.1",2019,True,2019-12-31,462.5,742.41,-279.91,164.4,-167.78,2403.0,13,2,14,0.263,0.186,0.277,3662.37
"52.4,11.1",2020,True,2020-12-31,427.7,715.28,-287.58,150.6,-167.69,2291.5,7,1,19,0.27,0.214,0.276,3680.89
"52.4,11.1",2021,True,2021-12-31,519.2,622.26,-103.06,225.9,-49.08,2096.3,3,6,14,0.34,0.257,0.337,3393.14
"52.4,11.1",2022,True,2022-12-31,356.8,742.47,-385.67,117.3,-205.35,2366.3,8,1,21,0.21,0.176,0.258,3764.81
"52.4,11.1",2023,True,2023-12-31,539.1,700.08,-160.98,136.3,-176.76,2393.0,5,4,14,0.248,0.191,0.288,3568.59
"52.4,11.1",2024,True,2024-12-31,588.2,709.03,-120.83,260.1,-47.38,2502.8,5,2,12,0.308,0.231,0.295,3640.1
"52.4,11.1",2025,True,2025-12-31,384.2,716.95,-332.75,131.9,-192.06,2312.4,6,2,25,0.241,0.188,0.261,3670.76
"52.4,11.1",2026,False,2026-09-27,321.4,680.37,-358.97,177.1,-134.5,2175.5,13,0,13,0.271,0.199,0.296,3441.97
