plotId,fieldName,L816_drawn_share_bbox,L849_drawn_share_bbox,L816_status,L816_BOTYP_KLARTEXT,L816_NUTZUNG,L849_status,L849_BODENZ,L849_ACKERZ,L849_KLASSENZEICHEN,L816_area_share,L849_area_share
TkoVKpTSKqZkgFLhnPZi,87 Wiese Schenk 1,0.0,0.0,,,,,,,,0.0,0.0
is0B8JToW47kfVAveolx,Abraham,1.0,0.8755555555555555,feature,Mittlere Braunerde,A,feature,22.0,23.0,S4D,1.0,1.0
qfwctMauD5WIJyoszRR9,Ackern Viehtrift,0.0,0.0,,,,,,,,0.0,0.0
I7qeeMAEhSlZI8U0T3Bn,Ackern Viehtrift (ÖVF),0.0,0.0,,,,,,,,0.0,0.0
pSFJ4nrCmrvraJDKb00b,Allerwiese,1.0,0.9811912225705328,feature,Tiefer Gley,A,feature,46.0,47.0,lS4Al,1.0,1.0
1OQ4PxgDMhzuGvGxEKgU,Altenaer Weg,1.0,0.9696969696969696,feature,Tiefer Podsol-Gley,A,feature,37.0,38.0,Sl3D,1.0,1.0
eRUpDdp3t0hDOvbfBOTT,Am Wehr,0.0,0.0,,,,,,,,0.0,0.0
2viqhL8AO4rRHAMh5Fqq,Berg,0.1101152368758002,0.0509603072983354,empty,,,empty,,,,0.0,0.0
FzvWonz6fmJVLZRzMyZX,Bocksenden,1.0,0.996328029375765,feature,Tiefer Gley,A,feature,39.0,39.0,lS4D,1.0,1.0
JkAxAL5GaTSXU2ODAuOf,Buchhorn,0.0,0.0,,,,,,,,0.0,0.0
nj4lokNHppOIxLC2RKrG,Cawi-Wiese,1.0,0.9703703703703704,feature,Tiefer Podsol-Gley,A,feature,46.0,46.0,lSII-,1.0,1.0
taUMfE6fZvJxC3Zet5uK,Diecke 1,1.0,0.925925925925926,feature,Tiefer Podsol-Gley,A,feature,30.0,31.0,Sl4D,1.0,1.0
ZT7D0N8Dl4TnHlHMDQPI,Diecke 2,1.0,0.9904761904761904,feature,Tiefer Podsol-Gley,A,feature,38.0,40.0,lS4D,1.0,1.0
YJqbIYddF2V248sa23Cy,Eichenkoppel,1.0,1.0,feature,Tiefer Podsol-Gley,A,feature,32.0,32.0,SII-,1.0,1.0
bHW29On9ilbohdl51gQ6,Großer Fleck,1.0,0.9322548028311426,feature,Mittlere Podsol-Braunerde,A,feature,30.0,31.0,Sl4D,1.0,1.0
y7yHeXkyCRybIj7aUk0L,Helmecken Kamp,0.0,0.0,,,,,,,,0.0,0.0
MoYIfvnid4wXBDha0wJ3,Heuweg,1.0,0.9866071428571428,feature,Tiefer Gley,A,feature,31.0,32.0,Sl4D,1.0,1.0
gQLroZHYi7Prh9NBS6An,Hofbreite,1.0,0.9311995967741936,feature,Mittlere Gley-Braunerde,A,feature,24.0,23.0,S4D,1.0,1.0
qWDBs4wPcZ49VORemTmL,Hofbreite Seggerde,0.0,0.0,,,,,,,,0.0,0.0
h2NQluewXRLwf0izPlUq,Kampwiese,0.0,0.0,,,,,,,,0.0,0.0
0abhR8nOp0L5JtP5RDft,Kantorplan,0.0,0.0,,,,,,,,0.0,0.0
ekKNAhSNPwYXsWdp39pw,Kaserne,0.0,0.0,,,,,,,,0.0,0.0
jEXQY4jCuRRx6nDm5mXD,Klapperberg,1.0,0.8140916808149405,feature,Mittlere Podsol-Braunerde,A,feature,18.0,19.0,S4D,1.0,1.0
a9qeH7mBu4I8g6ME1LJj,Klinzer Brache,0.0,0.0,,,,,,,,0.0,0.0
IGAaxDTF2gNapWupigxU,Klinzerbreite,0.0,0.0,,,,,,,,0.0,0.0
WE5wmmGDOWQEBDwHOa11,Kotenphöre,1.0,0.9283216783216784,feature,Tiefer Gley,A,feature,37.0,38.0,lS4D,1.0,1.0
9cRMOK3r8fyh9P39IPRN,Krautstemme,0.154040404040404,0.0252525252525252,empty,,,empty,,,,0.0,0.0
5bsD33dPxIEykTIzWmSC,Krügerbreite,0.0,0.0,,,,,,,,0.0,0.0
rxei8iAceEdX5gBHki5T,Kurze Enden hinter Biogas,1.0,0.8518518518518519,feature,Mittlere Podsol-Braunerde,A,feature,18.0,19.0,S4D,1.0,1.0
79BkepicjzH7z2nhsdkd,Kurze Enden vor Biogas,1.0,0.9382716049382716,feature,Mittlere Podsol-Braunerde,A,feature,17.0,18.0,S5D,1.0,1.0
Y2WW5OvI6C3WYloisd9c,Kälbergehege,0.0,0.0,,,,,,,,0.0,0.0
9VPFUO3k8opLMOQhg60g,Kälbergehege Brache,0.0,0.0,,,,,,,,0.0,0.0
OrZyEaocNnb6dzCesjwJ,Lange Wiese,0.0,0.0,,,,,,,,0.0,0.0
FEoX6rOUBNzOxytqKgyG,Lange Wiese Schonfläche,0.0,0.0,,,,,,,,0.0,0.0
CWqLytrVDthrGwd7bXTY,Langes Feld,0.0,0.0,,,,,,,,0.0,0.0
Hg95tRlOaZmzxET3q3UO,Langes Feld Brache,0.0,0.0,,,,,,,,0.0,0.0
f4W9xRTLDbTeL2lDlKTU,Lehmkuhle,1.0,0.8854166666666666,feature,Tiefer Gley,A,feature,32.0,25.0,Sl4D,1.0,1.0
tYx3FXAoCMdYPtKeQjFN,Mackendorfer Wege,1.0,0.942722371967655,feature,Tiefer Gley,A,feature,28.0,29.0,Sl4D,1.0,1.0
ljsxaVBzA5HBl1D5Edhm,Masch,0.0,0.0,,,,,,,,0.0,0.0
nIRNtdWeCZR3y5LQgvh1,Milchkoppel,0.0,0.0,,,,,,,,0.0,0.0
SEo2xyfcqiAjoec8ZXXa,Mittelbreite,0.0,0.0,,,,,,,,0.0,0.0
88abKCvrysJUdBXSIMe0,Mühlenbreite (+),0.0,0.0,,,,,,,,0.0,0.0
Dv81H1bYj7y0UjXICYs6,Nachthude 1,1.0,1.0,feature,Tiefer Gley,A,feature,46.0,47.0,lS4Al,1.0,1.0
05Zp3McBgcXoEISDl6Cy,Nachthude 2,0.9652777777777778,0.9930555555555556,feature,Tiefer Gley,A,feature,48.0,48.0,lS4Al,0.987,1.0
Z4APzDVDayA0EuGFl34V,Nachthude 3,1.0,1.0,feature,Mittlere Gley-Vega,A,feature,41.0,42.0,lS4Al,1.0,1.0
xt5iT7ph4MKOPlXTg3wu,Niendorferberg,1.0,0.6933023872679045,feature,Mittlere Gley-Braunerde,A,feature,26.0,25.0,Sl4D,1.0,1.0
p7RF8DS5rABbq6R41FBP,Papenberg,0.8348214285714286,0.5730733082706767,feature,Mittlerer Gley-Podsol,A,feature,25.0,26.0,S4D,1.0,1.0
SEHa2ajk36SOAbNqgUET,Papenberg Brache,1.0,0.84375,feature,Tiefer Gley,FL,feature,25.0,26.0,S4D,1.0,1.0
B8GsQyOZRxcbQ0Oz1gwU,Parkwiese,0.0,0.0,,,,,,,,,
zYBVGO615SLhL4PBBppY,Pferdekoppel,1.0,0.8301435406698564,feature,Tiefer Podsol-Gley,A,feature,34.0,34.0,Mo/S--,1.0,0.955
Ki5DYxbNODWB78mucar7,Plantage,0.0,0.0,,,,,,,,0.0,0.0
y2PFgZVFpXfqZ21XEBiz,Porzelle,0.0,0.0,,,,,,,,0.0,0.0
C63w3X4vgN15ySLntdWh,Pumpmühlensee,0.0,0.0,,,,,,,,0.0,0.0
4jwoETVJIql7CxMQk6s5,Ribbensdorf,0.0,0.0,,,,,,,,0.0,0.0
1fzBfhjgxXFdDk18THCZ,Ribbensdorf Grünland,0.0,0.0,,,,,,,,0.0,0.0
UtEOTzJjrCM7hZfXgKRE,Rohwiese,1.0,0.920866489832007,feature,Mittlere Gley-Vega,A,feature,49.0,50.0,lS4Al,1.0,1.0
IB9k26TJNtbVLs5x0i20,Rotten,1.0,0.9432234432234432,feature,Tiefer Gley,A,feature,41.0,43.0,lS4D,1.0,1.0
W2diHmIiKhR3jK8Xk1vr,Röken,0.0,0.0,,,,,,,,0.0,0.0
iNbassVXlMMBA6fy29DV,Saalsdorfer Breite,0.1395555555555555,0.1351111111111111,empty,,,empty,,,,0.021,0.017
aL5yzwK7wsT3zHHb3iaH,Sandberg,0.0,0.0,,,,,,,,0.0,0.0
xtMqrquNCdC21lZ0NMYI,Sandberg - 2,0.0,0.0,,,,,,,,0.0,0.0
ynpNB8go3pns6dWXnHaa,Schleuse,1.0,0.9264705882352942,feature,Tiefer Gley,A,feature,41.0,42.0,lS4Al,1.0,1.0
d6LEyhknfD8JlZY1fj78,Schäferberg,0.9633838383838385,0.9570707070707072,feature,Mittlere Gley-Vega,A,feature,47.0,45.0,lS4Al,1.0,1.0
gbCEG1dAjGZBwZzXk4p9,See,0.0,0.0,,,,,,,,0.0,0.0
J4h275iDTzfaDB5mKXij,Seewiese,0.0,0.0,,,,,,,,0.0,0.0
Pv7O96OKDuH6pTqbu6TT,Silbersee,0.3956521739130434,0.2978260869565217,empty,,,empty,,,,0.209,0.004
odWWEokiq8bKwUX97NpW,Specksbreite Brache,0.0,0.0,,,,,,,,0.0,0.0
1zsdpuFJMBpXF5GTPz4x,Specksbreite Groß,0.0,0.0,,,,,,,,0.0,0.0
MEuXyMsCMrRWoFUz9QK2,Specksbreite Klein,0.0,0.0,,,,,,,,0.0,0.0
pnZlGAIrQQMGSl0a3HbO,Spraken,0.0,0.0,,,,,,,,0.0,0.0
cl6skvEI4VCar0GDzch6,Springphör,1.0,0.960691823899371,feature,Tiefer Gley,A,feature,18.0,19.0,S5D,1.0,1.0
Uo81jMnyjQFDp7IT4Acu,Steinberg,1.0,1.0,feature,Tiefer Podsol-Gley,A,feature,25.0,26.0,S4D,1.0,1.0
qupKPtjxcbSWIbXc2bCm,Stemmen,0.0,0.0,,,,,,,,0.0,0.0
pumW6LNsI3T5RD9zW3SI,Tomatenacker,1.0,0.8494897959183674,feature,Mittlere Podsol-Braunerde,A,feature,17.0,18.0,S5D,1.0,0.995
brbM5GLEISmoIqRkdO2s,Umfeld Bredau,1.0,1.0,feature,Mittlere Podsol-Braunerde,A,feature,25.0,26.0,S4D,1.0,1.0
HXEGnhPKFWCC6Hny8lkP,Umfeld Groß,0.9851239669421488,0.9485537190082644,feature,Mittlerer Gley-Podsol,A,feature,20.0,21.0,S5D,1.0,1.0
kl3eHxzisV4Y0eRcmcsP,Umfeld Klein,1.0,1.0,feature,Mittlere Podsol-Braunerde,A,feature,20.0,21.0,S5D,1.0,1.0
84wWsLweJNKIeKtogS3a,Umfeldwiese,0.8270408163265306,0.7040816326530612,feature,Tiefer Gley,A,feature,42.0,44.0,lS4Al,1.0,1.0
COv0wiCGWG4JsD0sYEW4,vor den Luken,1.0,0.8709677419354839,feature,Mittlere Podsol-Braunerde,A,feature,26.0,27.0,Sl5D,1.0,1.0
pcsJj09c17yzqHrERNFW,vor den Tannen,1.0,0.7279411764705882,feature,Mittlerer Gley-Podsol,A,feature,23.0,24.0,S4D,1.0,1.0
xwqo8oZ0Ei3I7dqYD3A9,Warberg,1.0,0.9605263157894736,feature,Mittlere Podsol-Braunerde,A,feature,18.0,19.0,S5D,1.0,1.0
UF9K8gJ5QIQkYgEH1JXd,Wasserfurche,0.9207317073170732,0.9527439024390244,feature,Mittlere Podsol-Braunerde,A,feature,34.0,35.0,Sl4D,0.935,1.0
XtCCVl30ddn9L4HkCY3n,Wiesenbalken,0.0,0.0,,,,,,,,0.0,0.0
MmEAcGOQCCEq8qosxh56,Windmühlenberg (+),0.0,0.0,,,,,,,,0.0,0.0
Hk3aYz9j56wbQD4u3rAC,Wolfskuhle,0.0,0.0,,,,,,,,0.0,0.0
QHOlQ6hep3oeVCNc1g02,Wolfskuhle (ÖVF),0.0,0.1458333333333333,,,,empty,,,,0.0,0.007
w5bt3UWzJUlmXGtXdl3I,Zagrai-Wiese,1.0,0.959280303030303,feature,Tiefer Podsol-Gley,A,feature,38.0,40.0,lS4D,1.0,1.0
