t,req,layer,status,busy,seconds,error
14:04:20,GetMap,L816,200.0,True,0.3,
14:07:20,GetMap,L816,,,60.3,ReadTimeout
14:11:20,GetMap,L816,200.0,True,0.4,
14:17:36,GetMap,L816,200.0,False,16.1,
14:18:16,GetMap,L849,200.0,False,34.8,
14:18:37,GetFeatureInfo,L816,200.0,False,15.3,
14:18:39,GetFeatureInfo,L816,200.0,False,0.3,
14:18:41,GetFeatureInfo,L816,200.0,False,0.5,
14:18:44,GetFeatureInfo,L816,200.0,False,0.3,
14:18:46,GetFeatureInfo,L816,200.0,False,0.4,
14:18:48,GetFeatureInfo,L816,200.0,False,0.4,
14:18:51,GetFeatureInfo,L816,200.0,False,0.4,
14:18:53,GetFeatureInfo,L816,200.0,False,0.6,
14:18:56,GetFeatureInfo,L816,200.0,False,0.4,
14:19:58,GetFeatureInfo,L816,,,60.3,ReadTimeout
14:21:58,GetFeatureInfo,L816,,,60.2,ReadTimeout
14:23:59,GetFeatureInfo,L816,200.0,False,0.3,
14:24:01,GetFeatureInfo,L816,200.0,False,0.4,
14:24:03,GetFeatureInfo,L816,200.0,False,0.4,
14:24:06,GetFeatureInfo,L816,200.0,False,0.3,
14:24:08,GetFeatureInfo,L816,200.0,False,0.3,
14:24:10,GetFeatureInfo,L816,200.0,False,0.3,
14:24:13,GetFeatureInfo,L816,200.0,False,0.3,
14:24:15,GetFeatureInfo,L816,200.0,False,0.9,
14:24:18,GetFeatureInfo,L816,200.0,False,0.3,
14:24:56,GetFeatureInfo,L816,200.0,False,35.8,
14:24:58,GetFeatureInfo,L816,200.0,False,0.3,
14:25:00,GetFeatureInfo,L816,200.0,False,0.3,
14:25:02,GetFeatureInfo,L816,200.0,False,0.3,
14:25:05,GetFeatureInfo,L816,200.0,False,0.4,
14:25:07,GetFeatureInfo,L816,200.0,False,0.3,
14:25:10,GetFeatureInfo,L816,200.0,False,0.4,
14:25:12,GetFeatureInfo,L816,200.0,False,0.3,
14:25:14,GetFeatureInfo,L816,200.0,False,0.3,
14:25:17,GetFeatureInfo,L816,200.0,False,0.4,
14:25:19,GetFeatureInfo,L816,200.0,False,0.3,
14:25:21,GetFeatureInfo,L816,200.0,False,0.3,
14:25:24,GetFeatureInfo,L816,200.0,False,0.3,
14:25:26,GetFeatureInfo,L816,200.0,False,0.3,
14:25:28,GetFeatureInfo,L816,200.0,False,0.3,
14:25:30,GetFeatureInfo,L816,200.0,False,0.3,
14:25:33,GetFeatureInfo,L816,200.0,False,0.3,
14:25:35,GetFeatureInfo,L816,200.0,False,0.3,
14:25:38,GetFeatureInfo,L816,200.0,False,0.3,
14:25:40,GetFeatureInfo,L816,200.0,False,0.3,
14:25:42,GetFeatureInfo,L816,200.0,False,0.3,
14:25:44,GetFeatureInfo,L816,200.0,False,0.3,
14:25:47,GetFeatureInfo,L816,200.0,False,0.4,
14:25:49,GetFeatureInfo,L816,200.0,False,0.3,
14:25:51,GetFeatureInfo,L816,200.0,False,0.3,
14:25:54,GetFeatureInfo,L816,200.0,False,0.3,
14:25:56,GetFeatureInfo,L849,200.0,False,0.3,
14:25:59,GetFeatureInfo,L849,200.0,False,0.4,
14:26:01,GetFeatureInfo,L849,200.0,False,0.3,
14:26:03,GetFeatureInfo,L849,200.0,False,0.3,
14:26:05,GetFeatureInfo,L849,200.0,False,0.3,
14:26:08,GetFeatureInfo,L849,200.0,False,0.3,
14:26:10,GetFeatureInfo,L849,200.0,False,0.3,
14:26:12,GetFeatureInfo,L849,200.0,False,0.3,
14:27:15,GetFeatureInfo,L849,,,60.2,ReadTimeout
14:28:15,GetFeatureInfo,L849,200.0,False,0.3,
14:28:17,GetFeatureInfo,L849,200.0,False,0.3,
14:28:20,GetFeatureInfo,L849,200.0,False,0.4,
14:28:22,GetFeatureInfo,L849,200.0,False,0.4,
14:28:24,GetFeatureInfo,L849,200.0,False,0.3,
14:28:27,GetFeatureInfo,L849,200.0,False,0.5,
14:28:29,GetFeatureInfo,L849,200.0,False,0.3,
14:28:31,GetFeatureInfo,L849,200.0,False,0.3,
14:28:34,GetFeatureInfo,L849,200.0,False,0.3,
14:28:36,GetFeatureInfo,L849,200.0,False,0.3,
14:28:38,GetFeatureInfo,L849,200.0,False,0.3,
14:28:41,GetFeatureInfo,L849,200.0,False,0.3,
14:28:43,GetFeatureInfo,L849,200.0,False,0.3,
14:28:45,GetFeatureInfo,L849,200.0,False,0.3,
14:28:48,GetFeatureInfo,L849,200.0,False,0.3,
14:28:50,GetFeatureInfo,L849,200.0,False,0.4,
14:28:52,GetFeatureInfo,L849,200.0,False,0.3,
14:28:55,GetFeatureInfo,L849,200.0,False,0.3,
14:28:57,GetFeatureInfo,L849,200.0,False,0.3,
14:28:59,GetFeatureInfo,L849,200.0,False,0.5,
14:29:02,GetFeatureInfo,L849,200.0,False,0.3,
14:30:04,GetFeatureInfo,L849,,,60.2,ReadTimeout
14:31:04,GetFeatureInfo,L849,200.0,False,0.3,
14:31:07,GetFeatureInfo,L849,200.0,False,0.3,
14:31:09,GetFeatureInfo,L849,200.0,False,0.3,
14:31:11,GetFeatureInfo,L849,200.0,False,0.3,
14:31:14,GetFeatureInfo,L849,200.0,False,0.3,
14:31:16,GetFeatureInfo,L849,200.0,False,0.3,
14:31:18,GetFeatureInfo,L849,200.0,False,0.4,
14:31:21,GetFeatureInfo,L849,200.0,False,0.4,
14:31:23,GetFeatureInfo,L849,200.0,False,0.3,
14:31:25,GetFeatureInfo,L849,200.0,False,0.3,
14:31:28,GetFeatureInfo,L849,200.0,False,0.3,
14:31:30,GetFeatureInfo,L849,200.0,False,0.4,
14:31:32,GetFeatureInfo,L849,200.0,False,0.3,
14:31:35,GetFeatureInfo,L849,200.0,False,0.3,
14:31:37,GetFeatureInfo,L849,200.0,False,0.3,
14:31:39,GetFeatureInfo,L849,200.0,False,0.3,
