site,lon,lat,TKLE_NR,profile,soil_unit,area_share,land_use,nr,horizon_symbol,top_dm,bottom_dm,stratigraphy,origin,geogenesis,coarse_fraction,coarse_content_class,texture_ka5,humus_class,carbonate_class,structure,bulk_density_class,peat_type,peat_decomposition,peat_substance_volume,acidity_class
Hildesheimer Börde (loess),9.95,52.22,391852,1 (von 1),SS-TT,95 %,Ackerflächen (CORINE Land Cover Code: 21),1,Ap,0,3,qw,Lo,p,,0,Ut3,h3,,,Ld2,,,,
Hildesheimer Börde (loess),9.95,52.22,391852,1 (von 1),SS-TT,95 %,Ackerflächen (CORINE Land Cover Code: 21),2,Axh,3,5,qw,Lo,p,,0,Ut3,h2,,,Ld2,,,,
Hildesheimer Börde (loess),9.95,52.22,391852,1 (von 1),SS-TT,95 %,Ackerflächen (CORINE Land Cover Code: 21),3,Sw,5,15,qw,Lo,p,,0,Ut3,h0,,,Ld3,,,,
Hildesheimer Börde (loess),9.95,52.22,391852,1 (von 1),SS-TT,95 %,Ackerflächen (CORINE Land Cover Code: 21),4,Sd,15,20,ms,^t,c,,0,Tu2,h0,,,Ld4,,,,
Hildesheim edge (SoilGrids null),9.95,52.12,391888,1 (von 10),LLn,20 %,Ackerflächen (CORINE Land Cover Code: 21),1,Ap,0,3,qw,Lo,p,,0,Ut3,h3,,,Ld2,,,,
Hildesheim edge (SoilGrids null),9.95,52.12,391888,1 (von 10),LLn,20 %,Ackerflächen (CORINE Land Cover Code: 21),2,Al,3,5,qw,Lo,p,,0,Ut3,h1,,,Ld3,,,,
Hildesheim edge (SoilGrids null),9.95,52.12,391888,1 (von 10),LLn,20 %,Ackerflächen (CORINE Land Cover Code: 21),3,Sw-Bt,5,10,qw,Lo,p,,0,Ut4,h0,,,Ld3,,,,
Hildesheim edge (SoilGrids null),9.95,52.12,391888,1 (von 10),LLn,20 %,Ackerflächen (CORINE Land Cover Code: 21),4,Sw-lCv,10,13,qw,Lo,a,,0,Ut3,h0,,,Ld3,,,,
Hildesheim edge (SoilGrids null),9.95,52.12,391888,1 (von 10),LLn,20 %,Ackerflächen (CORINE Land Cover Code: 21),5,Sd,13,20,qD,Lflp,pfl,X,2,Ls3,h0,,,Ld4,,,,
Hildesheim edge (SoilGrids null),9.95,52.12,391888,2 (von 10),LLn,20 %,Ackerflächen (CORINE Land Cover Code: 21),1,Ap,0,3,qw,Lo,p,,0,Ut3,h3,,,Ld2,,,,
Hildesheim edge (SoilGrids null),9.95,52.12,391888,2 (von 10),LLn,20 %,Ackerflächen (CORINE Land Cover Code: 21),2,Al,3,4.1,qw,Lo,p,,0,Ut3,h1,,,Ld3,,,,
Hildesheim edge (SoilGrids null),9.95,52.12,391888,2 (von 10),LLn,20 %,Ackerflächen (CORINE Land Cover Code: 21),3,Bt,4.1,7.9,qw,Lo,p,,0,Ut4,h0,,,Ld3,,,,
Hildesheim edge (SoilGrids null),9.95,52.12,391888,2 (von 10),LLn,20 %,Ackerflächen (CORINE Land Cover Code: 21),4,Sw,7.9,16,qw,Lo,a,,0,Ut3,h0,,,Ld3,,,,
Hildesheim edge (SoilGrids null),9.95,52.12,391888,2 (von 10),LLn,20 %,Ackerflächen (CORINE Land Cover Code: 21),5,Sd,16,20,qD,Lflp,pfl,X,2,Ls3,h0,,,Ld4,,,,
Hildesheim edge (SoilGrids null),9.95,52.12,391888,3 (von 10),SS-LL,20 %,Ackerflächen (CORINE Land Cover Code: 21),1,Ap,0,3,qw,Lo,p,,0,Ut3,h3,,,Ld2,,,,
Hildesheim edge (SoilGrids null),9.95,52.12,391888,3 (von 10),SS-LL,20 %,Ackerflächen (CORINE Land Cover Code: 21),2,Al,3,4.1,qw,Lo,p,,0,Ut3,h1,,,Ld3,,,,
Hildesheim edge (SoilGrids null),9.95,52.12,391888,3 (von 10),SS-LL,20 %,Ackerflächen (CORINE Land Cover Code: 21),3,Sw-Bt,4.1,6,qw,Lo,p,,0,Ut4,h0,,,Ld3,,,,
Hildesheim edge (SoilGrids null),9.95,52.12,391888,3 (von 10),SS-LL,20 %,Ackerflächen (CORINE Land Cover Code: 21),4,Sw,6,7.9,qw,Lo,p,,0,Ut3,h0,,,Ld3,,,,
Hildesheim edge (SoilGrids null),9.95,52.12,391888,3 (von 10),SS-LL,20 %,Ackerflächen (CORINE Land Cover Code: 21),5,Sd,7.9,20,qD,Lflp,pfl,X,2,Ls3,h0,,,Ld4,,,,
Hildesheim edge (SoilGrids null),9.95,52.12,391888,4 (von 10),SS-LL,20 %,Ackerflächen (CORINE Land Cover Code: 21),1,Ap,0,3,qw,Lo,p,,0,Ut3,h4,,,Ld2,,,,
Hildesheim edge (SoilGrids null),9.95,52.12,391888,4 (von 10),SS-LL,20 %,Ackerflächen (CORINE Land Cover Code: 21),2,Al,3,5,qw,Lo,p,,0,Ut3,h1,,,Ld3,,,,
Hildesheim edge (SoilGrids null),9.95,52.12,391888,4 (von 10),SS-LL,20 %,Ackerflächen (CORINE Land Cover Code: 21),3,Sw-Bt,5,10,qw,Lo,p,,0,Ut4,h0,,,Ld3,,,,
Hildesheim edge (SoilGrids null),9.95,52.12,391888,4 (von 10),SS-LL,20 %,Ackerflächen (CORINE Land Cover Code: 21),4,Sd,10,20,qD,Lflp,pfl,X,2,Ls3,h0,,,Ld4,,,,
Hildesheim edge (SoilGrids null),9.95,52.12,391888,5 (von 10),LL-SS,5 %,Ackerflächen (CORINE Land Cover Code: 21),1,Ap,0,3,qw,Lo,p,,0,Ut3,h3,,,Ld2,,,,
Hildesheim edge (SoilGrids null),9.95,52.12,391888,5 (von 10),LL-SS,5 %,Ackerflächen (CORINE Land Cover Code: 21),2,Al-Sw,3,4.1,qw,Lo,p,,0,Ut3,h1,,,Ld3,,,,
Hildesheim edge (SoilGrids null),9.95,52.12,391888,5 (von 10),LL-SS,5 %,Ackerflächen (CORINE Land Cover Code: 21),3,Bt-Sw,4.1,7.9,qw,Lo,p,,0,Ut4,h0,,,Ld3,,,,
Hildesheim edge (SoilGrids null),9.95,52.12,391888,5 (von 10),LL-SS,5 %,Ackerflächen (CORINE Land Cover Code: 21),4,Sw,7.9,11,qw,Lo,a,,0,Ut4,h0,,,Ld3,,,,
Hildesheim edge (SoilGrids null),9.95,52.12,391888,5 (von 10),LL-SS,5 %,Ackerflächen (CORINE Land Cover Code: 21),5,Sd,11,20,qD,Lflp,pfl,X,2,Ls3,h0,,,Ld4,,,,
Hildesheim edge (SoilGrids null),9.95,52.12,391888,6 (von 10),RZn,5 %,Ackerflächen (CORINE Land Cover Code: 21),1,Ap,0,3,qw,Lo,a,,0,Ut3,h2,,,Ld2,,,,
Hildesheim edge (SoilGrids null),9.95,52.12,391888,6 (von 10),RZn,5 %,Ackerflächen (CORINE Land Cover Code: 21),2,lCv,3,8,qw,Lo,a,,0,Ut3,h0,,,Ld3,,,,
Hildesheim edge (SoilGrids null),9.95,52.12,391888,6 (von 10),RZn,5 %,Ackerflächen (CORINE Land Cover Code: 21),3,Sw-lCv,8,13,qw,Lo,a,,0,Ut3,h0,,,Ld3,,,,
Hildesheim edge (SoilGrids null),9.95,52.12,391888,6 (von 10),RZn,5 %,Ackerflächen (CORINE Land Cover Code: 21),4,Sd,13,20,qD,Lflp,pfl,X,2,Ls3,h0,,,Ld4,,,,
Hildesheim edge (SoilGrids null),9.95,52.12,391888,7 (von 10),GG-YK,5 %,Grünland (CORINE Land Cover Code: 23),1,Ah,0,3,qh,Lou,pas,,0,Ut3,h3,,,Ld2,,,,
Hildesheim edge (SoilGrids null),9.95,52.12,391888,7 (von 10),GG-YK,5 %,Grünland (CORINE Land Cover Code: 23),2,M,3,7.5,qh,Lou,pas,,0,Ut3,h2,,,Ld2,,,,
Hildesheim edge (SoilGrids null),9.95,52.12,391888,7 (von 10),GG-YK,5 %,Grünland (CORINE Land Cover Code: 23),3,Go,7.5,14,qw,Lflp,pfl,X,3,Ls3,h0,,,Ld3,,,,
Hildesheim edge (SoilGrids null),9.95,52.12,391888,7 (von 10),GG-YK,5 %,Grünland (CORINE Land Cover Code: 23),4,Gr,14,20,qw,Lflp,pfl,X,3,Ls3,h0,,,Ld3,,,,
Hildesheim edge (SoilGrids null),9.95,52.12,391888,8 (von 10),RZn,5 %,Laubwälder (CORINE Land Cover Code: 311),1,O,-0.6,-0.3,qh,O,og,,0,,h7,,,,,,,
Hildesheim edge (SoilGrids null),9.95,52.12,391888,8 (von 10),RZn,5 %,Laubwälder (CORINE Land Cover Code: 311),2,Oh,-0.3,0,qh,O,og,,0,,h7,,,,,,,
Hildesheim edge (SoilGrids null),9.95,52.12,391888,8 (von 10),RZn,5 %,Laubwälder (CORINE Land Cover Code: 311),3,Ap,0,3,qw,Lo,a,,0,Ut3,h2,,,Ld2,,,,
Hildesheim edge (SoilGrids null),9.95,52.12,391888,8 (von 10),RZn,5 %,Laubwälder (CORINE Land Cover Code: 311),4,lCv,3,8,qw,Lo,a,,0,Ut3,h0,,,Ld3,,,,
Hildesheim edge (SoilGrids null),9.95,52.12,391888,8 (von 10),RZn,5 %,Laubwälder (CORINE Land Cover Code: 311),5,Sw-lCv,8,13,qw,Lo,a,,0,Ut3,h0,,,Ld3,,,,
Hildesheim edge (SoilGrids null),9.95,52.12,391888,8 (von 10),RZn,5 %,Laubwälder (CORINE Land Cover Code: 311),6,Sd,13,20,qD,Lflp,pfl,X,2,Ls3,h0,,,Ld4,,,,
Hildesheim edge (SoilGrids null),9.95,52.12,391888,9 (von 10),SS-LL,5 %,Ackerflächen (CORINE Land Cover Code: 21),1,Ap,0,3,qw,Lol,p,,0,Ut2,h3,,,Ld2,,,,
Hildesheim edge (SoilGrids null),9.95,52.12,391888,9 (von 10),SS-LL,5 %,Ackerflächen (CORINE Land Cover Code: 21),2,Sw-Al,3,5.5,qw,Lol,p,,0,Ut2,h1,,,Ld2,,,,
Hildesheim edge (SoilGrids null),9.95,52.12,391888,9 (von 10),SS-LL,5 %,Ackerflächen (CORINE Land Cover Code: 21),3,Sd-Bt,5.5,8,qw,Lol,p,,0,Ut4,h0,,,Ld3,,,,
Hildesheim edge (SoilGrids null),9.95,52.12,391888,9 (von 10),SS-LL,5 %,Ackerflächen (CORINE Land Cover Code: 21),4,elCv,8,20,qw,Lo,a,,0,Ut3,h0,,,Ld3,,,,
Hildesheim edge (SoilGrids null),9.95,52.12,391888,10 (von 10),SSn,5 %,Ackerflächen (CORINE Land Cover Code: 21),1,Ap,0,3,qw,Lol,p,,0,Ut2,h3,,,Ld2,,,,
Hildesheim edge (SoilGrids null),9.95,52.12,391888,10 (von 10),SSn,5 %,Ackerflächen (CORINE Land Cover Code: 21),2,Sw,3,5,qw,Lol,p,,0,Ut2,h1,,,Ld2,,,,
Hildesheim edge (SoilGrids null),9.95,52.12,391888,10 (von 10),SSn,5 %,Ackerflächen (CORINE Land Cover Code: 21),3,Sd,5,10,qw,Lol,p,,0,Tu4,h0,,,Ld3,,,,
Hildesheim edge (SoilGrids null),9.95,52.12,391888,10 (von 10),SSn,5 %,Ackerflächen (CORINE Land Cover Code: 21),4,elCv,10,20,qw,Lo,a,,0,Ut3,h0,,,Ld3,,,,
Lüneburger Heide (sand),10.05,53.05,312666,1 (von 8),BB-PP,20 %,Ackerflächen (CORINE Land Cover Code: 21),1,Aep,0,3,qw,Sp,p,G,2,mSfs,h2,,,Ld2,,,,
Lüneburger Heide (sand),10.05,53.05,312666,1 (von 8),BB-PP,20 %,Ackerflächen (CORINE Land Cover Code: 21),2,Bhs,3,4.1,qw,Sp,p,G,2,mSfs,h1,,,Ld3,,,,
Lüneburger Heide (sand),10.05,53.05,312666,1 (von 8),BB-PP,20 %,Ackerflächen (CORINE Land Cover Code: 21),3,Bv,4.1,7,qw,Sp,p,G,2,mSfs,h0,,,Ld3,,,,
Lüneburger Heide (sand),10.05,53.05,312666,1 (von 8),BB-PP,20 %,Ackerflächen (CORINE Land Cover Code: 21),4,lCv,7,20,qD,Sgf,fg,G,2,mSfs,h0,,,Ld3,,,,
Lüneburger Heide (sand),10.05,53.05,312666,2 (von 8),BB-PP,20 %,Laubwälder (CORINE Land Cover Code: 311),1,O,-0.7,-0.5,qh,O,og,,0,,h7,,,,,,,
Lüneburger Heide (sand),10.05,53.05,312666,2 (von 8),BB-PP,20 %,Laubwälder (CORINE Land Cover Code: 311),2,Oh,-0.5,0,qh,O,og,,0,,h7,,,,,,,
Lüneburger Heide (sand),10.05,53.05,312666,2 (von 8),BB-PP,20 %,Laubwälder (CORINE Land Cover Code: 311),3,Aeh,0,1,qw,Sp,p,G,2,mSfs,h2,,,Ld2,,,,
Lüneburger Heide (sand),10.05,53.05,312666,2 (von 8),BB-PP,20 %,Laubwälder (CORINE Land Cover Code: 311),4,Ae,1,3,qw,Sp,p,G,2,mSfs,h1,,,Ld2,,,,
Lüneburger Heide (sand),10.05,53.05,312666,2 (von 8),BB-PP,20 %,Laubwälder (CORINE Land Cover Code: 311),5,Bhs,3,4.1,qw,Sp,p,G,2,mSfs,h1,,,Ld3,,,,
Lüneburger Heide (sand),10.05,53.05,312666,2 (von 8),BB-PP,20 %,Laubwälder (CORINE Land Cover Code: 311),6,Bv,4.1,7,qw,Sp,p,G,2,mSfs,h0,,,Ld3,,,,
Lüneburger Heide (sand),10.05,53.05,312666,2 (von 8),BB-PP,20 %,Laubwälder (CORINE Land Cover Code: 311),7,lCv,7,20,qD,Sgf,fg,G,2,mSfs,h0,,,Ld3,,,,
Lüneburger Heide (sand),10.05,53.05,312666,3 (von 8),BB-PP,5 %,Laubwälder (CORINE Land Cover Code: 311),1,O,-0.7,-0.5,qh,O,og,,0,,h7,,,,,,,
Lüneburger Heide (sand),10.05,53.05,312666,3 (von 8),BB-PP,5 %,Laubwälder (CORINE Land Cover Code: 311),2,Oh,-0.5,0,qh,O,og,,0,,h7,,,,,,,
Lüneburger Heide (sand),10.05,53.05,312666,3 (von 8),BB-PP,5 %,Laubwälder (CORINE Land Cover Code: 311),3,Aeh,0,1,qw,Sa,p,,0,fSms,h3,,,Ld2,,,,
Lüneburger Heide (sand),10.05,53.05,312666,3 (von 8),BB-PP,5 %,Laubwälder (CORINE Land Cover Code: 311),4,Ae,1,3,qw,Sa,p,,0,fSms,h1,,,Ld2,,,,
Lüneburger Heide (sand),10.05,53.05,312666,3 (von 8),BB-PP,5 %,Laubwälder (CORINE Land Cover Code: 311),5,Bhs,3,4.1,qw,Sa,p,,0,fSms,h1,,,Ld3,,,,
Lüneburger Heide (sand),10.05,53.05,312666,3 (von 8),BB-PP,5 %,Laubwälder (CORINE Land Cover Code: 311),6,Bv,4.1,7,qw,Sa,p,,0,fSms,h0,,,Ld3,,,,
Lüneburger Heide (sand),10.05,53.05,312666,3 (von 8),BB-PP,5 %,Laubwälder (CORINE Land Cover Code: 311),7,lCv,7,20,qD,Sgf,fg,G,2,mSfs,h0,,,Ld3,,,,
Lüneburger Heide (sand),10.05,53.05,312666,4 (von 8),PPn,20 %,Laubwälder (CORINE Land Cover Code: 311),1,O,-0.7,-0.5,qh,O,og,,0,,h7,,,,,,,
Lüneburger Heide (sand),10.05,53.05,312666,4 (von 8),PPn,20 %,Laubwälder (CORINE Land Cover Code: 311),2,Oh,-0.5,0,qh,O,og,,0,,h7,,,,,,,
Lüneburger Heide (sand),10.05,53.05,312666,4 (von 8),PPn,20 %,Laubwälder (CORINE Land Cover Code: 311),3,Aeh,0,1,qw,Sa,p,,0,fSms,h3,,,Ld2,,,,
Lüneburger Heide (sand),10.05,53.05,312666,4 (von 8),PPn,20 %,Laubwälder (CORINE Land Cover Code: 311),4,Ae,1,4.1,qw,Sa,p,,0,fSms,h1,,,Ld3,,,,
Lüneburger Heide (sand),10.05,53.05,312666,4 (von 8),PPn,20 %,Laubwälder (CORINE Land Cover Code: 311),5,Bhs,4.1,7,qD,Sgf,fg,G,2,mSfs,h1,,,Ld3,,,,
Lüneburger Heide (sand),10.05,53.05,312666,4 (von 8),PPn,20 %,Laubwälder (CORINE Land Cover Code: 311),6,lCv,7,20,qD,Sgf,fg,G,2,mSfs,h0,,,Ld3,,,,
Lüneburger Heide (sand),10.05,53.05,312666,5 (von 8),PPn,5 %,Ackerflächen (CORINE Land Cover Code: 21),1,Aep,0,3,qw,Sa,a,,0,fSms,h2,,,Ld2,,,,
Lüneburger Heide (sand),10.05,53.05,312666,5 (von 8),PPn,5 %,Ackerflächen (CORINE Land Cover Code: 21),2,Ae,3,4.1,qw,Sa,a,,0,fSms,h1,,,Ld3,,,,
Lüneburger Heide (sand),10.05,53.05,312666,5 (von 8),PPn,5 %,Ackerflächen (CORINE Land Cover Code: 21),3,Bhs,4.1,7,qD,Sgf,fg,G,2,mSfs,h1,,,Ld3,,,,
Lüneburger Heide (sand),10.05,53.05,312666,5 (von 8),PPn,5 %,Ackerflächen (CORINE Land Cover Code: 21),4,lCv,7,20,qD,Sgf,fg,G,2,mSfs,h0,,,Ld3,,,,
Lüneburger Heide (sand),10.05,53.05,312666,6 (von 8),PP-BB,5 %,Ackerflächen (CORINE Land Cover Code: 21),1,Aep,0,3,qw,Sp,p,O,2,mSfs,h2,,,Ld2,,,,
Lüneburger Heide (sand),10.05,53.05,312666,6 (von 8),PP-BB,5 %,Ackerflächen (CORINE Land Cover Code: 21),2,Bsv,3,5,qw,Sp,p,O,2,mSfs,h0,,,Ld3,,,,
Lüneburger Heide (sand),10.05,53.05,312666,6 (von 8),PP-BB,5 %,Ackerflächen (CORINE Land Cover Code: 21),3,lCv,5,20,qD,Sgf,fg,G,2,mSfs,h0,,,Ld3,,,,
Lüneburger Heide (sand),10.05,53.05,312666,7 (von 8),PP-BB,5 %,Wälder (CORINE Land Cover Code: 31),1,O,-0.7,-0.5,qh,O,og,,0,,h7,,,,,,,
Lüneburger Heide (sand),10.05,53.05,312666,7 (von 8),PP-BB,5 %,Wälder (CORINE Land Cover Code: 31),2,Oh,-0.5,0,qh,O,og,,0,,h7,,,,,,,
Lüneburger Heide (sand),10.05,53.05,312666,7 (von 8),PP-BB,5 %,Wälder (CORINE Land Cover Code: 31),3,Aeh,0,0.7,qw,Sp,p,O,2,mSfs,h2,,,Ld2,,,,
Lüneburger Heide (sand),10.05,53.05,312666,7 (von 8),PP-BB,5 %,Wälder (CORINE Land Cover Code: 31),4,Ae,0.7,2,qw,Sp,p,O,2,mSfs,h1,,,Ld2,,,,
Lüneburger Heide (sand),10.05,53.05,312666,7 (von 8),PP-BB,5 %,Wälder (CORINE Land Cover Code: 31),5,Bhs-Bv,2,3,qw,Sp,p,O,2,mSfs,h1,,,Ld3,,,,
Lüneburger Heide (sand),10.05,53.05,312666,7 (von 8),PP-BB,5 %,Wälder (CORINE Land Cover Code: 31),6,Bsv,3,5,qw,Sp,p,O,2,mSfs,h0,,,Ld3,,,,
Lüneburger Heide (sand),10.05,53.05,312666,7 (von 8),PP-BB,5 %,Wälder (CORINE Land Cover Code: 31),7,lCv,5,20,qD,Sgf,fg,G,2,mSfs,h0,,,Ld3,,,,
Lüneburger Heide (sand),10.05,53.05,312666,8 (von 8),PPn,20 %,Heiden und Moorheiden (CORINE Land Cover Code: 322),1,O,-0.5,0,qh,O,og,,0,,h7,,,,,,,
Lüneburger Heide (sand),10.05,53.05,312666,8 (von 8),PPn,20 %,Heiden und Moorheiden (CORINE Land Cover Code: 322),2,Aeh,0,1,qD,Sgf,fg,G,2,mSfs,h2,,,Ld2,,,,
Lüneburger Heide (sand),10.05,53.05,312666,8 (von 8),PPn,20 %,Heiden und Moorheiden (CORINE Land Cover Code: 322),3,Ae,1,4.1,qD,Sgf,fg,G,2,mSfs,h1,,,Ld3,,,,
Lüneburger Heide (sand),10.05,53.05,312666,8 (von 8),PPn,20 %,Heiden und Moorheiden (CORINE Land Cover Code: 322),4,Bhs,4.1,7,qD,Sgf,fg,G,2,mSfs,h1,,,Ld3,,,,
Lüneburger Heide (sand),10.05,53.05,312666,8 (von 8),PPn,20 %,Heiden und Moorheiden (CORINE Land Cover Code: 322),5,lCv,7,20,qD,Sgf,fg,G,2,mSfs,h0,,,Ld3,,,,
Emsland (sand/peat),7.35,52.75,391031,1 (von 8),BB-PP,20 %,Laubwälder (CORINE Land Cover Code: 311),1,O,-0.7,-0.5,qh,O,og,,0,,h7,,,,,,,
Emsland (sand/peat),7.35,52.75,391031,1 (von 8),BB-PP,20 %,Laubwälder (CORINE Land Cover Code: 311),2,Oh,-0.5,0,qh,O,og,,0,,h7,,,,,,,
Emsland (sand/peat),7.35,52.75,391031,1 (von 8),BB-PP,20 %,Laubwälder (CORINE Land Cover Code: 311),3,Aeh,0,1,qw,Sp,p,,0,mSfs,h2,,,Ld2,,,,
Emsland (sand/peat),7.35,52.75,391031,1 (von 8),BB-PP,20 %,Laubwälder (CORINE Land Cover Code: 311),4,Ae,1,3,qw,Sp,p,,0,mSfs,h1,,,Ld2,,,,
Emsland (sand/peat),7.35,52.75,391031,1 (von 8),BB-PP,20 %,Laubwälder (CORINE Land Cover Code: 311),5,Bhs,3,4.1,qw,Sp,p,,0,mSfs,h1,,,Ld3,,,,
Emsland (sand/peat),7.35,52.75,391031,1 (von 8),BB-PP,20 %,Laubwälder (CORINE Land Cover Code: 311),6,Bv,4.1,7,qw,Sp,p,,0,mSfs,h0,,,Ld3,,,,
Emsland (sand/peat),7.35,52.75,391031,1 (von 8),BB-PP,20 %,Laubwälder (CORINE Land Cover Code: 311),7,lCv,7,20,qD,Sf,fg,,0,mSfs,h0,,,Ld3,,,,
Emsland (sand/peat),7.35,52.75,391031,2 (von 8),GG-PP,20 %,Grünland (CORINE Land Cover Code: 23),1,Aeh,0,2,qw,Sa,a,,0,fSms,h3,,,Ld2,,,,
Emsland (sand/peat),7.35,52.75,391031,2 (von 8),GG-PP,20 %,Grünland (CORINE Land Cover Code: 23),2,Ae,2,5,qw,Sa,a,,0,fSms,h1,,,Ld3,,,,
Emsland (sand/peat),7.35,52.75,391031,2 (von 8),GG-PP,20 %,Grünland (CORINE Land Cover Code: 23),3,Go-Bhs,5,7,qw,Sf,f,,0,mSfs,h1,,,Ld3,,,,
Emsland (sand/peat),7.35,52.75,391031,2 (von 8),GG-PP,20 %,Grünland (CORINE Land Cover Code: 23),4,Go,7,16,qw,Sf,f,,0,mSfs,h0,,,Ld3,,,,
Emsland (sand/peat),7.35,52.75,391031,2 (von 8),GG-PP,20 %,Grünland (CORINE Land Cover Code: 23),5,Gr,16,20,qw,Sf,f,,0,mSfs,h0,,,Ld3,,,,
Emsland (sand/peat),7.35,52.75,391031,3 (von 8),BB-PP,20 %,Laubwälder (CORINE Land Cover Code: 311),1,O,-0.7,-0.5,qh,O,og,,0,,h7,,,,,,,
Emsland (sand/peat),7.35,52.75,391031,3 (von 8),BB-PP,20 %,Laubwälder (CORINE Land Cover Code: 311),2,Oh,-0.5,0,qh,O,og,,0,,h7,,,,,,,
Emsland (sand/peat),7.35,52.75,391031,3 (von 8),BB-PP,20 %,Laubwälder (CORINE Land Cover Code: 311),3,Aeh,0,1,qw,Sa,p,,0,fSms,h3,,,Ld2,,,,
Emsland (sand/peat),7.35,52.75,391031,3 (von 8),BB-PP,20 %,Laubwälder (CORINE Land Cover Code: 311),4,Ae,1,3,qw,Sa,p,,0,fSms,h1,,,Ld2,,,,
Emsland (sand/peat),7.35,52.75,391031,3 (von 8),BB-PP,20 %,Laubwälder (CORINE Land Cover Code: 311),5,Bhs,3,4.1,qw,Sa,p,,0,fSms,h1,,,Ld3,,,,
Emsland (sand/peat),7.35,52.75,391031,3 (von 8),BB-PP,20 %,Laubwälder (CORINE Land Cover Code: 311),6,Bv,4.1,7,qw,Sa,p,,0,fSms,h0,,,Ld3,,,,
Emsland (sand/peat),7.35,52.75,391031,3 (von 8),BB-PP,20 %,Laubwälder (CORINE Land Cover Code: 311),7,lCv,7,20,qD,Sf,fg,,0,mSfs,h0,,,Ld3,,,,
Emsland (sand/peat),7.35,52.75,391031,4 (von 8),GG-PP,20 %,Ackerflächen (CORINE Land Cover Code: 21),1,Ap,0,3,qh,Sf,f,,0,mSfs,h3,,,Ld2,,,,
Emsland (sand/peat),7.35,52.75,391031,4 (von 8),GG-PP,20 %,Ackerflächen (CORINE Land Cover Code: 21),2,Ae,3,5,qh,Sf,f,,0,mSfs,h1,,,Ld3,,,,
Emsland (sand/peat),7.35,52.75,391031,4 (von 8),GG-PP,20 %,Ackerflächen (CORINE Land Cover Code: 21),3,Go-Bhs,5,7,qh,Sf,f,,0,mSfs,h1,,,Ld3,,,,
Emsland (sand/peat),7.35,52.75,391031,4 (von 8),GG-PP,20 %,Ackerflächen (CORINE Land Cover Code: 21),4,Go,7,16,qh,Sf,f,,0,mSfs,h0,,,Ld3,,,,
Emsland (sand/peat),7.35,52.75,391031,4 (von 8),GG-PP,20 %,Ackerflächen (CORINE Land Cover Code: 21),5,Gr,16,20,qh,Sf,f,,0,mSfs,h0,,,Ld3,,,,
Emsland (sand/peat),7.35,52.75,391031,5 (von 8),PPn,5 %,Ackerflächen (CORINE Land Cover Code: 21),1,Ap,0,2.5,qh,Sa,a,,0,fSms,h3,,,Ld2,,,,
Emsland (sand/peat),7.35,52.75,391031,5 (von 8),PPn,5 %,Ackerflächen (CORINE Land Cover Code: 21),2,Ae,2.5,5,qh,Sa,a,,0,fSms,h1,,,Ld3,,,,
Emsland (sand/peat),7.35,52.75,391031,5 (von 8),PPn,5 %,Ackerflächen (CORINE Land Cover Code: 21),3,Bhs,5,7,qh,Sa,a,,0,fSms,h1,,,Ld3,,,,
Emsland (sand/peat),7.35,52.75,391031,5 (von 8),PPn,5 %,Ackerflächen (CORINE Land Cover Code: 21),4,lCv,7,10,qh,Sf,f,,0,mSfs,h0,,,Ld3,,,,
Emsland (sand/peat),7.35,52.75,391031,5 (von 8),PPn,5 %,Ackerflächen (CORINE Land Cover Code: 21),5,Go,10,20,qh,Sf,f,,0,mSfs,h0,,,Ld3,,,,
Emsland (sand/peat),7.35,52.75,391031,6 (von 8),PPn,5 %,Laubwälder (CORINE Land Cover Code: 311),1,O,-0.8,-0.5,qh,O,og,,0,,h7,,,,,,,
Emsland (sand/peat),7.35,52.75,391031,6 (von 8),PPn,5 %,Laubwälder (CORINE Land Cover Code: 311),2,Oh,-0.5,0,qh,O,og,,0,,h7,,,,,,,
Emsland (sand/peat),7.35,52.75,391031,6 (von 8),PPn,5 %,Laubwälder (CORINE Land Cover Code: 311),3,Aeh,0,1,qw,Sa,a,,0,fSms,h3,,,Ld2,,,,
Emsland (sand/peat),7.35,52.75,391031,6 (von 8),PPn,5 %,Laubwälder (CORINE Land Cover Code: 311),4,Ae,1,4.1,qw,Sa,a,,0,fSms,h1,,,Ld2,,,,
Emsland (sand/peat),7.35,52.75,391031,6 (von 8),PPn,5 %,Laubwälder (CORINE Land Cover Code: 311),5,Bhs,4.1,7,qw,Sf,f,,0,mSfs,h2,,,Ld3,,,,
Emsland (sand/peat),7.35,52.75,391031,6 (von 8),PPn,5 %,Laubwälder (CORINE Land Cover Code: 311),6,lCv,7,20,qw,Sf,f,,0,mSfs,h0,,,Ld3,,,,
Emsland (sand/peat),7.35,52.75,391031,7 (von 8),PP-BB,5 %,Laubwälder (CORINE Land Cover Code: 311),1,O,-0.7,-0.5,qh,O,og,,0,,h7,,,,,,,
Emsland (sand/peat),7.35,52.75,391031,7 (von 8),PP-BB,5 %,Laubwälder (CORINE Land Cover Code: 311),2,Oh,-0.5,0,qh,O,og,,0,,h7,,,,,,,
Emsland (sand/peat),7.35,52.75,391031,7 (von 8),PP-BB,5 %,Laubwälder (CORINE Land Cover Code: 311),3,Aeh,0,0.8,qw,Sp,p,,0,mSfs,h2,,,Ld2,,,,
Emsland (sand/peat),7.35,52.75,391031,7 (von 8),PP-BB,5 %,Laubwälder (CORINE Land Cover Code: 311),4,Bhs,0.8,1.5,qw,Sp,p,,0,mSfs,h1,,,Ld3,,,,
Emsland (sand/peat),7.35,52.75,391031,7 (von 8),PP-BB,5 %,Laubwälder (CORINE Land Cover Code: 311),5,Bhsv,1.5,3.5,qw,Sp,p,,0,mSfs,h0,,,Ld3,,,,
Emsland (sand/peat),7.35,52.75,391031,7 (von 8),PP-BB,5 %,Laubwälder (CORINE Land Cover Code: 311),6,Bv,3.5,7,qw,Sp,p,,0,mSfs,h0,,,Ld3,,,,
Emsland (sand/peat),7.35,52.75,391031,7 (von 8),PP-BB,5 %,Laubwälder (CORINE Land Cover Code: 311),7,lCv,7,20,qD,Sf,f,,0,mSfs,h0,,,Ld3,,,,
Emsland (sand/peat),7.35,52.75,391031,8 (von 8),GG-BB,5 %,Landwirtschaftlich genutztes Land mit Flächen natürlicher Bodenbedeckung von signifikanter Größe (CORINE Land Cover Code: 243),1,Ah,0,1.5,qw,Sp,p,,0,mSfs,h4,,,Ld2,,,,
Emsland (sand/peat),7.35,52.75,391031,8 (von 8),GG-BB,5 %,Landwirtschaftlich genutztes Land mit Flächen natürlicher Bodenbedeckung von signifikanter Größe (CORINE Land Cover Code: 243),2,Bhsv,1.5,3.5,qw,Sp,p,,0,mSfs,h1,,,Ld3,,,,
Emsland (sand/peat),7.35,52.75,391031,8 (von 8),GG-BB,5 %,Landwirtschaftlich genutztes Land mit Flächen natürlicher Bodenbedeckung von signifikanter Größe (CORINE Land Cover Code: 243),3,Go-Bv,3.5,7,qw,Sp,p,,0,mSfs,h0,,,Ld3,,,,
Emsland (sand/peat),7.35,52.75,391031,8 (von 8),GG-BB,5 %,Landwirtschaftlich genutztes Land mit Flächen natürlicher Bodenbedeckung von signifikanter Größe (CORINE Land Cover Code: 243),4,Go,7,18,qD,Sf,f,,0,mSfs,h0,,,Ld3,,,,
Emsland (sand/peat),7.35,52.75,391031,8 (von 8),GG-BB,5 %,Landwirtschaftlich genutztes Land mit Flächen natürlicher Bodenbedeckung von signifikanter Größe (CORINE Land Cover Code: 243),5,Gr,18,20,qD,Sf,f,,0,mSfs,h0,,,Ld3,,,,
Wesermarsch (marsh clay),8.4,53.35,311009,1 (von 5),MCf,40 %,Ackerflächen (CORINE Land Cover Code: 21),1,Ap,0,2.5,qh,Upm,mp,,0,Ut4,h3,,,Ld2,,,,
Wesermarsch (marsh clay),8.4,53.35,311009,1 (von 5),MCf,40 %,Ackerflächen (CORINE Land Cover Code: 21),2,eGo,2.5,7.9,qh,Upm,mp,,0,Ut4,h0,,,Ld3,,,,
Wesermarsch (marsh clay),8.4,53.35,311009,1 (von 5),MCf,40 %,Ackerflächen (CORINE Land Cover Code: 21),3,zGro,7.9,13.1,qh,Upm,mp,,0,Tu4,h0,,,Ld3,,,,
Wesermarsch (marsh clay),8.4,53.35,311009,1 (von 5),MCf,40 %,Ackerflächen (CORINE Land Cover Code: 21),4,zGor,13.1,18,qh,Tpm,mp,,0,Tu4,h0,,,Ld3,,,,
Wesermarsch (marsh clay),8.4,53.35,311009,1 (von 5),MCf,40 %,Ackerflächen (CORINE Land Cover Code: 21),5,zGr,18,20,qh,Tpm,mp,,0,Tu4,h0,,,Ld3,,,,
Wesermarsch (marsh clay),8.4,53.35,311009,2 (von 5),MCf,5 %,Grünland (CORINE Land Cover Code: 23),1,Ah,0,1.5,qh,Tpm,mp,,0,Tu4,h4,,,Ld2,,,,
Wesermarsch (marsh clay),8.4,53.35,311009,2 (von 5),MCf,5 %,Grünland (CORINE Land Cover Code: 23),2,eGo,1.5,7.9,qh,Tpm,mp,,0,Tu3,h0,,,Ld3,,,,
Wesermarsch (marsh clay),8.4,53.35,311009,2 (von 5),MCf,5 %,Grünland (CORINE Land Cover Code: 23),3,zGro,7.9,13.1,qh,Tpm,mp,,0,Tu3,h0,,,Ld3,,,,
Wesermarsch (marsh clay),8.4,53.35,311009,2 (von 5),MCf,5 %,Grünland (CORINE Land Cover Code: 23),4,zGor,13.1,18,qh,Tpm,mp,,0,Tu4,h0,,,Ld3,,,,
Wesermarsch (marsh clay),8.4,53.35,311009,2 (von 5),MCf,5 %,Grünland (CORINE Land Cover Code: 23),5,zGr,18,20,qh,Tpm,mp,,0,Tu3,h0,,,Ld3,,,,
Wesermarsch (marsh clay),8.4,53.35,311009,3 (von 5),MCf,5 %,Grünland (CORINE Land Cover Code: 23),1,Sw-Ah,0,1.5,qh,Upm,mp,,0,Ut4,h4,,,Ld2,,,,
Wesermarsch (marsh clay),8.4,53.35,311009,3 (von 5),MCf,5 %,Grünland (CORINE Land Cover Code: 23),2,eSw,1.5,6,qh,Upm,mp,,0,Ut4,h0,,,Ld3,,,,
Wesermarsch (marsh clay),8.4,53.35,311009,3 (von 5),MCf,5 %,Grünland (CORINE Land Cover Code: 23),3,eGo-Sq,6,10,qh,Tpm,mp,,0,Tu3,h0,,,Ld4,,,,
Wesermarsch (marsh clay),8.4,53.35,311009,3 (von 5),MCf,5 %,Grünland (CORINE Land Cover Code: 23),4,eGr,10,20,qh,Tpm,mp,,0,Tu3,h0,,,Ld3,,,,
Wesermarsch (marsh clay),8.4,53.35,311009,4 (von 5),MCf,5 %,Grünland (CORINE Land Cover Code: 23),1,eSw-Ah,0,1.5,qh,Tpm,mp,,0,Tu3,h4,,,Ld2,,,,
Wesermarsch (marsh clay),8.4,53.35,311009,4 (von 5),MCf,5 %,Grünland (CORINE Land Cover Code: 23),2,eSw,1.5,6,qh,Tpm,mp,,0,Tu3,h0,,,Ld3,,,,
Wesermarsch (marsh clay),8.4,53.35,311009,4 (von 5),MCf,5 %,Grünland (CORINE Land Cover Code: 23),3,eSq,6,10,qh,Tpm,mp,,0,Tu2,h0,,,Ld4,,,,
Wesermarsch (marsh clay),8.4,53.35,311009,4 (von 5),MCf,5 %,Grünland (CORINE Land Cover Code: 23),4,Sg-Gor,10,18,qh,Tpm,mp,,0,Ut3,h0,,,Ld3,,,,
Wesermarsch (marsh clay),8.4,53.35,311009,4 (von 5),MCf,5 %,Grünland (CORINE Land Cover Code: 23),5,Sg-Gr,18,20,qh,Tpm,mp,,0,Ut3,h0,,,Ld3,,,,
Wesermarsch (marsh clay),8.4,53.35,311009,5 (von 5),MNf,40 %,Grünland (CORINE Land Cover Code: 23),1,Ah,0,2,qh,Ubr,mb,,0,Ut2,h3,,,Ld3,,,,
Wesermarsch (marsh clay),8.4,53.35,311009,5 (von 5),MNf,40 %,Grünland (CORINE Land Cover Code: 23),2,Go,2,3.9,qh,Ubr,mb,,0,Ut2,h0,,,Ld3,,,,
Wesermarsch (marsh clay),8.4,53.35,311009,5 (von 5),MNf,40 %,Grünland (CORINE Land Cover Code: 23),3,Go,3.9,7.9,qh,Ubr,mb,,0,Ut2,h0,,,Ld3,,,,
Wesermarsch (marsh clay),8.4,53.35,311009,5 (von 5),MNf,40 %,Grünland (CORINE Land Cover Code: 23),4,Go,7.9,13.1,qh,Sf,f,,0,fSms,h0,,,Ld3,,,,
Wesermarsch (marsh clay),8.4,53.35,311009,5 (von 5),MNf,40 %,Grünland (CORINE Land Cover Code: 23),5,Gor,13.1,18,qh,Sf,f,,0,fSms,h0,,,Ld3,,,,
Wesermarsch (marsh clay),8.4,53.35,311009,5 (von 5),MNf,40 %,Grünland (CORINE Land Cover Code: 23),6,Gr,18,20,qh,Sf,f,,0,fSms,h0,,,Ld3,,,,
Teufelsmoor (bog),8.9,53.25,311868,1 (von 7),HHn,40 %,Grünland (CORINE Land Cover Code: 23),1,hHv,0,1.5,qh,Hh,og,,0,,h7,,,,Hh,k.A.,SV3,
Teufelsmoor (bog),8.9,53.25,311868,1 (von 7),HHn,40 %,Grünland (CORINE Land Cover Code: 23),2,hHr,1.5,3.9,qh,Hh,og,,0,,h7,,,,Hh,k.A.,SV3,
Teufelsmoor (bog),8.9,53.25,311868,1 (von 7),HHn,40 %,Grünland (CORINE Land Cover Code: 23),3,hHw,3.9,10,qh,Hh,og,,0,,h7,,,,Hh,k.A.,SV3,
Teufelsmoor (bog),8.9,53.25,311868,1 (von 7),HHn,40 %,Grünland (CORINE Land Cover Code: 23),4,hHr,10,18,qh,Hh,og,,0,,h7,,,,Hh,k.A.,SV3,
Teufelsmoor (bog),8.9,53.25,311868,1 (von 7),HHn,40 %,Grünland (CORINE Land Cover Code: 23),5,hHr,18,20,qh,Hh,og,,0,,h7,,,,Hh,k.A.,SV3,
Teufelsmoor (bog),8.9,53.25,311868,2 (von 7),HH-YU,20 %,Ackerflächen (CORINE Land Cover Code: 21),1,Ap,0,2.5,qh,Hh,oj,,0,mSfs,h6,,,Ld2,,,,
Teufelsmoor (bog),8.9,53.25,311868,2 (von 7),HH-YU,20 %,Ackerflächen (CORINE Land Cover Code: 21),2,R-hH,2.5,10,qh,Hh,oj,,0,,h7,,,,Hh,k.A.,SV3,
Teufelsmoor (bog),8.9,53.25,311868,2 (von 7),HH-YU,20 %,Ackerflächen (CORINE Land Cover Code: 21),3,Go,10,16,qD,Sgf,fg,G,2,mSfs,h0,,,Ld3,,,,
Teufelsmoor (bog),8.9,53.25,311868,2 (von 7),HH-YU,20 %,Ackerflächen (CORINE Land Cover Code: 21),4,Gr,16,20,qD,Sgf,fg,G,2,mSfs,h0,,,Ld3,,,,
Teufelsmoor (bog),8.9,53.25,311868,3 (von 7),HHn,20 %,Grünland (CORINE Land Cover Code: 23),1,hHv,0,1.5,qh,Hh,og,,0,,h7,,,,Hh,k.A.,SV4,
Teufelsmoor (bog),8.9,53.25,311868,3 (von 7),HHn,20 %,Grünland (CORINE Land Cover Code: 23),2,hHw,1.5,3.9,qh,Hh,og,,0,,h7,,,,Hh,k.A.,SV3,
Teufelsmoor (bog),8.9,53.25,311868,3 (von 7),HHn,20 %,Grünland (CORINE Land Cover Code: 23),3,hHr,3.9,10,qh,Hh,og,,0,,h7,,,,Hh,k.A.,SV3,
Teufelsmoor (bog),8.9,53.25,311868,3 (von 7),HHn,20 %,Grünland (CORINE Land Cover Code: 23),4,Go,10,12.9,qD,Sgf,fg,G,2,mSfs,h0,,,Ld3,,,,
Teufelsmoor (bog),8.9,53.25,311868,3 (von 7),HHn,20 %,Grünland (CORINE Land Cover Code: 23),5,Gr,12.9,20,qD,Sgf,fg,G,2,mSfs,h0,,,Ld3,,,,
Teufelsmoor (bog),8.9,53.25,311868,4 (von 7),HHn,5 %,Grünland (CORINE Land Cover Code: 23),1,hHv,0,1.5,qh,Hh,og,,0,,h7,,,,Hh,k.A.,SV4,
Teufelsmoor (bog),8.9,53.25,311868,4 (von 7),HHn,5 %,Grünland (CORINE Land Cover Code: 23),2,hHw,1.5,4.1,qh,Hh,og,,0,,h7,,,,Hh,k.A.,SV3,
Teufelsmoor (bog),8.9,53.25,311868,4 (von 7),HHn,5 %,Grünland (CORINE Land Cover Code: 23),3,hHr,4.1,6,qh,Hh,og,,0,,h7,,,,Hh,k.A.,SV3,
Teufelsmoor (bog),8.9,53.25,311868,4 (von 7),HHn,5 %,Grünland (CORINE Land Cover Code: 23),4,Go,6,10,qD,Sgf,fg,G,2,mSfs,h0,,,Ld3,,,,
Teufelsmoor (bog),8.9,53.25,311868,4 (von 7),HHn,5 %,Grünland (CORINE Land Cover Code: 23),5,Gr,10,20,qD,Sgf,fg,G,2,mSfs,h0,,,Ld3,,,,
Teufelsmoor (bog),8.9,53.25,311868,5 (von 7),HHn,5 %,Komplexe Parzellenstrukturen (CORINE Land Cover Code: 242),1,hHv,0,1.5,qh,Hh,og,,0,,h7,,,,Hh,k.A.,SV4,
Teufelsmoor (bog),8.9,53.25,311868,5 (von 7),HHn,5 %,Komplexe Parzellenstrukturen (CORINE Land Cover Code: 242),2,hHr,1.5,3.9,qh,Hh,og,,0,,h7,,,,Hh,k.A.,SV3,
Teufelsmoor (bog),8.9,53.25,311868,5 (von 7),HHn,5 %,Komplexe Parzellenstrukturen (CORINE Land Cover Code: 242),3,hHw,3.9,10,qh,Hh,og,,0,,h7,,,,Hh,k.A.,SV3,
Teufelsmoor (bog),8.9,53.25,311868,5 (von 7),HHn,5 %,Komplexe Parzellenstrukturen (CORINE Land Cover Code: 242),4,hHr,10,15,qh,Hh,og,,0,,h7,,,,Hh,k.A.,SV3,
Teufelsmoor (bog),8.9,53.25,311868,5 (von 7),HHn,5 %,Komplexe Parzellenstrukturen (CORINE Land Cover Code: 242),5,nHr,15,18,qh,Hn,og,,0,,h7,,,,Hn,k.A.,SV3,
Teufelsmoor (bog),8.9,53.25,311868,5 (von 7),HHn,5 %,Komplexe Parzellenstrukturen (CORINE Land Cover Code: 242),6,Gr,18,20,qD,Sgf,fg,G,2,mSfs,h0,,,Ld3,,,,
Teufelsmoor (bog),8.9,53.25,311868,6 (von 7),HHn,5 %,Torfmoore (CORINE Land Cover Code: 412),1,hHv,0,1.5,qh,Hh,og,,0,,h7,,,,Hh,k.A.,SV3,
Teufelsmoor (bog),8.9,53.25,311868,6 (von 7),HHn,5 %,Torfmoore (CORINE Land Cover Code: 412),2,hHw,1.5,3.9,qh,Hh,og,,0,,h7,,,,Hh,k.A.,SV2,
Teufelsmoor (bog),8.9,53.25,311868,6 (von 7),HHn,5 %,Torfmoore (CORINE Land Cover Code: 412),3,hHr,3.9,10,qh,Hh,og,,0,,h7,,,,Hh,k.A.,SV3,
Teufelsmoor (bog),8.9,53.25,311868,6 (von 7),HHn,5 %,Torfmoore (CORINE Land Cover Code: 412),4,Go,10,12.9,qD,Sgf,fg,G,2,mSfs,h0,,,Ld3,,,,
Teufelsmoor (bog),8.9,53.25,311868,6 (von 7),HHn,5 %,Torfmoore (CORINE Land Cover Code: 412),5,Gr,12.9,20,qD,Sgf,fg,G,2,mSfs,h0,,,Ld3,,,,
Teufelsmoor (bog),8.9,53.25,311868,7 (von 7),HHn,5 %,Nadelwälder (CORINE Land Cover Code: 312),1,hHv,0,1.5,qh,Hh,og,,0,,h7,,,,Hh,k.A.,SV3,
Teufelsmoor (bog),8.9,53.25,311868,7 (von 7),HHn,5 %,Nadelwälder (CORINE Land Cover Code: 312),2,hHw,1.5,4.1,qh,Hh,og,,0,,h7,,,,Hh,k.A.,SV2,
Teufelsmoor (bog),8.9,53.25,311868,7 (von 7),HHn,5 %,Nadelwälder (CORINE Land Cover Code: 312),3,hHr,4.1,6,qh,Hh,og,,0,,h7,,,,Hh,k.A.,SV3,
Teufelsmoor (bog),8.9,53.25,311868,7 (von 7),HHn,5 %,Nadelwälder (CORINE Land Cover Code: 312),4,Go,6,10,qD,Sgf,fg,G,2,mSfs,h0,,,Ld3,,,,
Teufelsmoor (bog),8.9,53.25,311868,7 (von 7),HHn,5 %,Nadelwälder (CORINE Land Cover Code: 312),5,Gr,10,20,qD,Sgf,fg,G,2,mSfs,h0,,,Ld3,,,,
Solling (upland forest),9.55,51.75,471851,1 (von 4),BBn,60 %,Wälder (CORINE Land Cover Code: 31),1,O,-0.5,0,qh,O,og,,0,,h7,,,,,,,
Solling (upland forest),9.55,51.75,471851,1 (von 4),BBn,60 %,Wälder (CORINE Land Cover Code: 31),2,Ah,0,0.7,qp,"^s,^u,Lol",pfl,Gr,2,Ls2,h4,,,Ld2,,,,s5
Solling (upland forest),9.55,51.75,471851,1 (von 4),BBn,60 %,Wälder (CORINE Land Cover Code: 31),3,Bv,0.7,5.5,qp,"^s,^u,Lol",pfl,X,3,Ls3,h2,,,Ld3,,,,s4
Solling (upland forest),9.55,51.75,471851,1 (von 4),BBn,60 %,Wälder (CORINE Land Cover Code: 31),4,lCv,5.5,12,qp,"^s,^u",pfl,X,5,Sl3,h0,,,Ld3,,,,s4
Solling (upland forest),9.55,51.75,471851,1 (von 4),BBn,60 %,Wälder (CORINE Land Cover Code: 31),5,mCn,12,20,,"^s,^u",n,,,,h0,,,,,,,
Solling (upland forest),9.55,51.75,471851,2 (von 4),BBn,5 %,Grünland (CORINE Land Cover Code: 23),1,Ah,0,0.9,qp,"^s,^u,Lol",pfl,X,3,Ls2,h4,,,Ld1,,,,s5
Solling (upland forest),9.55,51.75,471851,2 (von 4),BBn,5 %,Grünland (CORINE Land Cover Code: 23),2,Bv,0.9,5.6,qp,"^s,^u,Lol",pfl,X,3,Ls2,h2,,,Ld2,,,,s4
Solling (upland forest),9.55,51.75,471851,2 (von 4),BBn,5 %,Grünland (CORINE Land Cover Code: 23),3,ilCv,5.6,10,qp,"^s,^u",pfl,X,5,Sl3,h0,,,Ld3,,,,s4
Solling (upland forest),9.55,51.75,471851,2 (von 4),BBn,5 %,Grünland (CORINE Land Cover Code: 23),4,mCn,10,20,,"^s,^u",nd,,,,h0,,,,,,,
Solling (upland forest),9.55,51.75,471851,3 (von 4),PP-BB,20 %,Wälder (CORINE Land Cover Code: 31),1,O,-0.75,0,qh,O,og,,0,,h7,,,,,,,
Solling (upland forest),9.55,51.75,471851,3 (von 4),PP-BB,20 %,Wälder (CORINE Land Cover Code: 31),2,Ahe,0,0.3,qp,"^s,Lol",pfl,Gr,2,Sl3,h4,,,Ld2,,,,s5
Solling (upland forest),9.55,51.75,471851,3 (von 4),PP-BB,20 %,Wälder (CORINE Land Cover Code: 31),3,Ae,0.3,0.7,qp,"^s,Lol",pfl,Gr,2,Sl3,h1,,,Ld3,,,,s5
Solling (upland forest),9.55,51.75,471851,3 (von 4),PP-BB,20 %,Wälder (CORINE Land Cover Code: 31),4,Bhs,0.7,1.5,qp,"^s,Lol",pfl,X,3,Sl3,h2,,,Ld3,,,,s4
Solling (upland forest),9.55,51.75,471851,3 (von 4),PP-BB,20 %,Wälder (CORINE Land Cover Code: 31),5,Bv,1.5,5.5,qp,"^s,Lol",pfl,X,3,Sl3,h1,,,Ld3,,,,s4
Solling (upland forest),9.55,51.75,471851,3 (von 4),PP-BB,20 %,Wälder (CORINE Land Cover Code: 31),6,lCv,5.5,12,qp,^s,pfl,X,5,Sl2,h0,,,Ld3,,,,s4
Solling (upland forest),9.55,51.75,471851,3 (von 4),PP-BB,20 %,Wälder (CORINE Land Cover Code: 31),7,mCn,12,20,,^s,n,,,,h0,,,,,,,
Solling (upland forest),9.55,51.75,471851,4 (von 4),SS-BB,20 %,Grünland (CORINE Land Cover Code: 23),1,Ah,0,1,qp,"Lol,^s",pfl,Gr,3,Uls,h4,,,Ld2,,,,s1
Solling (upland forest),9.55,51.75,471851,4 (von 4),SS-BB,20 %,Grünland (CORINE Land Cover Code: 23),2,Sw-Bv,1,4,qp,"Lol,^s",pfl,Gr,3,Uls,h1,,,Ld3,,,,s1
Solling (upland forest),9.55,51.75,471851,4 (von 4),SS-BB,20 %,Grünland (CORINE Land Cover Code: 23),3,Sd,4,10,qp(s),^s,pfl,Gr,4,Lts,h0,,,Ld4,,,,s2
Solling (upland forest),9.55,51.75,471851,4 (von 4),SS-BB,20 %,Grünland (CORINE Land Cover Code: 23),4,lCv,10,15,qp(s),^s,c,X,5,Ls4,h0,,,Ld3,,,,s2
Solling (upland forest),9.55,51.75,471851,4 (von 4),SS-BB,20 %,Grünland (CORINE Land Cover Code: 23),5,mCn,15,20,s,^s,n,,,,h0,,,,,,,
Farmland SoilGrids null,10.1,52.18,392650,1 (von 1),SS-TT,95 %,Ackerflächen (CORINE Land Cover Code: 21),1,Ap,0,3,qw,Lo,p,,0,Ut3,h3,,,Ld2,,,,
Farmland SoilGrids null,10.1,52.18,392650,1 (von 1),SS-TT,95 %,Ackerflächen (CORINE Land Cover Code: 21),2,Axh,3,5,qw,Lo,p,,0,Ut3,h2,,,Ld2,,,,
Farmland SoilGrids null,10.1,52.18,392650,1 (von 1),SS-TT,95 %,Ackerflächen (CORINE Land Cover Code: 21),3,Sw,5,10,qw,Lo,p,,0,Ut3,h0,,,Ld3,,,,
Farmland SoilGrids null,10.1,52.18,392650,1 (von 1),SS-TT,95 %,Ackerflächen (CORINE Land Cover Code: 21),4,Sd,10,20,qD,Lg,g,O,2,Sl4,h0,,,Ld4,,,,
