site,time,precipitation_sum,et0_fao_evapotranspiration
Hildesheimer Boerde (loess),2026-09-26,0.0,1.84
Hildesheimer Boerde (loess),2026-09-27,0.0,2.93
Hildesheimer Boerde (loess),2026-09-28,0.0,2.15
Hildesheimer Boerde (loess),2026-09-29,0.0,2.52
Hildesheimer Boerde (loess),2026-09-30,0.0,2.69
Hildesheimer Boerde (loess),2026-10-01,18.6,1.01
Hildesheimer Boerde (loess),2026-10-02,1.3,1.56
Hildesheimer Boerde (loess),2026-10-03,0.0,1.56
Hildesheimer Boerde (loess),2026-10-04,0.0,1.62
Hildesheimer Boerde (loess),2026-10-05,0.0,1.95
Hildesheimer Boerde (loess),2026-10-06,0.0,1.93
Hildesheimer Boerde (loess),2026-10-07,0.93,2.19
Hildesheimer Boerde (loess),2026-10-08,1.33,1.17
Hildesheimer Boerde (loess),2026-10-09,2.1,1.74
Lueneburger Heide (sand),2026-09-26,0.0,1.46
Lueneburger Heide (sand),2026-09-27,0.0,3.1
Lueneburger Heide (sand),2026-09-28,0.0,1.96
Lueneburger Heide (sand),2026-09-29,0.0,2.12
Lueneburger Heide (sand),2026-09-30,0.0,2.85
Lueneburger Heide (sand),2026-10-01,15.9,1.2
Lueneburger Heide (sand),2026-10-02,7.6,1.24
Lueneburger Heide (sand),2026-10-03,0.0,1.62
Lueneburger Heide (sand),2026-10-04,0.0,1.5
Lueneburger Heide (sand),2026-10-05,0.0,1.74
Lueneburger Heide (sand),2026-10-06,0.0,1.82
Lueneburger Heide (sand),2026-10-07,1.85,1.38
Lueneburger Heide (sand),2026-10-08,1.15,1.03
Lueneburger Heide (sand),2026-10-09,3.3,1.24
Emsland (sand/peat),2026-09-26,0.0,1.5
Emsland (sand/peat),2026-09-27,0.0,2.41
Emsland (sand/peat),2026-09-28,0.6,1.69
Emsland (sand/peat),2026-09-29,0.0,2.32
Emsland (sand/peat),2026-09-30,0.0,2.58
Emsland (sand/peat),2026-10-01,6.1,0.67
Emsland (sand/peat),2026-10-02,0.0,1.73
Emsland (sand/peat),2026-10-03,0.0,1.75
Emsland (sand/peat),2026-10-04,0.0,1.71
Emsland (sand/peat),2026-10-05,0.0,1.77
Emsland (sand/peat),2026-10-06,0.0,1.91
Emsland (sand/peat),2026-10-07,13.8,0.86
Emsland (sand/peat),2026-10-08,0.6,1.48
Emsland (sand/peat),2026-10-09,3.9,0.99
Wesermarsch (marsh clay),2026-09-26,0.0,1.5
Wesermarsch (marsh clay),2026-09-27,0.0,2.75
Wesermarsch (marsh clay),2026-09-28,0.0,1.82
Wesermarsch (marsh clay),2026-09-29,0.0,2.54
Wesermarsch (marsh clay),2026-09-30,0.0,3.1
Wesermarsch (marsh clay),2026-10-01,9.2,0.86
Wesermarsch (marsh clay),2026-10-02,0.1,1.61
Wesermarsch (marsh clay),2026-10-03,0.0,1.61
Wesermarsch (marsh clay),2026-10-04,0.0,1.44
Wesermarsch (marsh clay),2026-10-05,0.0,1.67
Wesermarsch (marsh clay),2026-10-06,0.0,1.68
Wesermarsch (marsh clay),2026-10-07,13.23,1.03
Wesermarsch (marsh clay),2026-10-08,4.62,1.79
Wesermarsch (marsh clay),2026-10-09,3.3,1.13
Teufelsmoor (bog),2026-09-26,0.0,1.28
Teufelsmoor (bog),2026-09-27,0.0,2.95
Teufelsmoor (bog),2026-09-28,0.0,2.0
Teufelsmoor (bog),2026-09-29,0.0,2.46
Teufelsmoor (bog),2026-09-30,0.0,2.89
Teufelsmoor (bog),2026-10-01,15.3,0.89
Teufelsmoor (bog),2026-10-02,0.8,1.59
Teufelsmoor (bog),2026-10-03,0.0,1.59
Teufelsmoor (bog),2026-10-04,0.0,1.52
Teufelsmoor (bog),2026-10-05,0.0,1.59
Teufelsmoor (bog),2026-10-06,0.0,1.75
Teufelsmoor (bog),2026-10-07,6.33,1.07
Teufelsmoor (bog),2026-10-08,0.73,1.46
Teufelsmoor (bog),2026-10-09,3.3,1.25
Solling (upland forest),2026-09-26,0.0,2.03
Solling (upland forest),2026-09-27,0.0,3.34
Solling (upland forest),2026-09-28,0.0,2.12
Solling (upland forest),2026-09-29,0.0,2.71
Solling (upland forest),2026-09-30,0.0,2.72
Solling (upland forest),2026-10-01,15.6,0.96
Solling (upland forest),2026-10-02,1.2,1.49
Solling (upland forest),2026-10-03,0.0,1.37
Solling (upland forest),2026-10-04,0.0,1.62
Solling (upland forest),2026-10-05,0.0,1.78
Solling (upland forest),2026-10-06,0.0,1.88
Solling (upland forest),2026-10-07,2.25,2.06
Solling (upland forest),2026-10-08,4.65,0.68
Solling (upland forest),2026-10-09,1.8,1.27
Hannover centre (urban),2026-09-26,0.0,1.81
Hannover centre (urban),2026-09-27,0.0,3.42
Hannover centre (urban),2026-09-28,0.0,2.17
Hannover centre (urban),2026-09-29,0.0,2.8
Hannover centre (urban),2026-09-30,0.0,3.08
Hannover centre (urban),2026-10-01,23.7,1.11
Hannover centre (urban),2026-10-02,2.4,1.64
Hannover centre (urban),2026-10-03,0.0,1.6
Hannover centre (urban),2026-10-04,0.0,1.63
Hannover centre (urban),2026-10-05,0.0,1.97
Hannover centre (urban),2026-10-06,0.0,1.93
Hannover centre (urban),2026-10-07,0.85,2.11
Hannover centre (urban),2026-10-08,0.95,1.27
Hannover centre (urban),2026-10-09,2.4,1.62
Hamburg,2026-09-26,0.0,1.42
Hamburg,2026-09-27,0.0,2.87
Hamburg,2026-09-28,0.0,1.95
Hamburg,2026-09-29,0.0,2.13
Hamburg,2026-09-30,0.0,3.16
Hamburg,2026-10-01,24.2,1.36
Hamburg,2026-10-02,7.8,1.54
Hamburg,2026-10-03,0.0,1.47
Hamburg,2026-10-04,0.0,1.37
Hamburg,2026-10-05,0.0,1.7
Hamburg,2026-10-06,0.0,1.63
Hamburg,2026-10-07,2.55,1.26
Hamburg,2026-10-08,2.25,1.2
Hamburg,2026-10-09,3.4,1.31
